rank,x0,y0,d,theta0_degree,delta_theta_degree,gain,mse,rmse
1,40.5298,56.2886,0.2781,29.7776,0.9986,1.3921,35.8391,5.9866
2,40.8936,56.2437,0.2762,29.8811,1.0046,1.3857,36.5934,6.0493
3,40.7727,55.4798,0.2764,31.4412,0.9891,1.3897,36.6644,6.0551
4,40.6071,55.8565,0.2774,30.2380,0.9877,1.3924,37.1320,6.0936
5,40.7994,55.7639,0.2764,30.6975,0.9826,1.3909,37.3918,6.1149
6,40.2936,56.2225,0.2792,28.8639,1.0087,1.3918,37.7335,6.1428
7,41.1451,56.5016,0.2751,28.1135,1.0000,1.3832,38.3727,6.1946
8,41.1724,57.1882,0.2754,28.7807,1.0000,1.3839,38.5971,6.2127
9,40.2307,56.5758,0.2797,31.0252,0.9942,1.3961,38.6399,6.2161
10,41.2523,56.6876,0.2747,29.5560,0.9878,1.3848,38.6719,6.2187
11,40.8306,56.2945,0.2766,29.7754,1.0114,1.3841,38.8165,6.2303
12,41.0875,55.9557,0.2751,29.5365,1.0120,1.3801,39.0891,6.2521
13,41.0802,56.3270,0.2753,29.7678,1.0096,1.3813,39.1108,6.2539
14,40.8972,55.4653,0.2758,31.5596,0.9982,1.3849,39.3547,6.2733
15,41.2155,56.5458,0.2748,29.5244,0.9847,1.3854,39.4605,6.2818
16,40.1281,56.4094,0.2802,30.1610,0.9896,1.3977,39.6368,6.2958
17,40.1498,56.8751,0.2803,28.6576,1.0055,1.3944,39.8693,6.3142
18,40.8151,54.9608,0.2759,30.7281,1.0032,1.3839,39.9123,6.3176
19,41.5469,56.6291,0.2732,29.2034,0.9915,1.3794,40.2790,6.3466
20,40.2949,55.0198,0.2786,30.6915,0.9928,1.3928,40.2930,6.3477
21,40.9656,55.7343,0.2756,28.9054,0.9903,1.3857,40.4248,6.3580
22,40.4603,56.8158,0.2787,28.4549,1.0216,1.3866,40.5769,6.3700
23,40.5068,57.3787,0.2789,28.3074,0.9987,1.3920,40.6153,6.3730
24,40.6226,57.4218,0.2783,29.2697,0.9895,1.3927,40.7212,6.3813
25,41.2689,55.9988,0.2742,28.2840,1.0214,1.3750,41.1467,6.4146
26,40.5239,57.7160,0.2790,29.1613,1.0013,1.3915,41.2850,6.4253
27,40.2719,56.3113,0.2794,28.9675,1.0213,1.3879,41.2928,6.4259
28,39.9062,55.5736,0.2808,30.8384,0.9999,1.3962,41.5117,6.4430
29,40.1309,56.2745,0.2801,27.9004,1.0254,1.3886,41.6782,6.4559
30,40.8648,57.8555,0.2774,27.9518,0.9999,1.3875,41.9463,6.4766
31,41.3545,57.4774,0.2747,28.0057,1.0118,1.3780,41.9709,6.4785
32,40.0313,55.0946,0.2800,32.8326,0.9817,1.3981,42.0204,6.4823
33,41.5004,57.2047,0.2738,28.3717,0.9934,1.3798,42.0534,6.4849
34,39.8489,56.0442,0.2814,29.4306,1.0013,1.3970,42.0599,6.4854
35,40.8341,55.1381,0.2759,29.3734,1.0185,1.3796,42.0927,6.4879
36,40.3848,55.6429,0.2784,29.8576,1.0182,1.3859,42.1235,6.4903
37,40.1388,56.0948,0.2799,31.4508,0.9723,1.4002,42.1385,6.4914
38,41.5414,55.5488,0.2726,29.6689,1.0075,1.3735,42.3174,6.5052
39,40.7585,57.7938,0.2779,27.1361,1.0209,1.3839,42.3919,6.5109
40,40.3720,56.2602,0.2789,30.3771,1.0143,1.3877,42.3955,6.5112
41,41.3066,57.5010,0.2749,27.6761,0.9971,1.3817,42.5061,6.5197
42,40.8302,57.1360,0.2771,28.6053,1.0216,1.3816,42.6074,6.5274
43,39.6957,56.4222,0.2824,30.5641,0.9965,1.4000,43.2669,6.5778
44,41.1320,54.8327,0.2743,31.0218,0.9759,1.3846,43.3766,6.5861
45,40.9361,54.9301,0.2753,31.6912,1.0035,1.3808,43.4435,6.5912
46,41.2191,54.4327,0.2737,32.2997,0.9853,1.3808,43.4738,6.5935
47,40.2880,57.9155,0.2804,28.8326,1.0019,1.3936,43.7384,6.6135
48,40.6616,54.2926,0.2764,30.7439,0.9920,1.3861,43.8316,6.6205
49,39.6719,56.7031,0.2826,29.5349,1.0082,1.3977,44.0744,6.6389
50,41.7501,56.6947,0.2722,30.5124,0.9955,1.3744,44.1732,6.6463
51,40.8943,57.5462,0.2770,25.8589,1.0353,1.3780,44.1789,6.6467
52,41.8486,56.7526,0.2717,27.8384,1.0091,1.3702,44.1947,6.6479
53,40.2495,55.1527,0.2789,30.1469,0.9832,1.3941,44.2196,6.6498
54,41.0575,57.1970,0.2760,29.9834,1.0114,1.3803,44.4875,6.6699
55,40.5838,58.2367,0.2791,27.6311,1.0103,1.3884,44.5153,6.6720
56,40.4631,54.7126,0.2776,32.0549,0.9681,1.3942,44.8245,6.6951
57,40.0531,55.6854,0.2801,29.9504,0.9820,1.3972,44.8743,6.6988
58,41.7292,57.1910,0.2726,27.4298,0.9978,1.3746,44.9827,6.7069
59,41.4782,55.4031,0.2728,28.5263,1.0221,1.3698,45.0085,6.7088
60,40.9853,55.6177,0.2754,30.5699,1.0166,1.3774,45.2144,6.7242
61,39.9349,55.6099,0.2807,31.2335,0.9733,1.4005,45.2792,6.7290
62,41.3723,57.7500,0.2748,28.0298,1.0170,1.3756,45.5594,6.7498
63,39.7397,55.8547,0.2818,30.0142,0.9880,1.3997,45.5618,6.7500
64,40.9725,54.0612,0.2748,30.7051,0.9959,1.3802,45.6251,6.7546
65,41.8815,55.1919,0.2707,30.7316,0.9830,1.3728,45.6659,6.7577
66,40.7353,54.4888,0.2761,30.2374,0.9839,1.3864,45.6781,6.7586
67,41.7201,57.4953,0.2729,27.2287,1.0159,1.3710,45.6826,6.7589
68,40.3174,54.0149,0.2781,32.3580,0.9897,1.3899,45.7960,6.7673
69,40.5041,58.0609,0.2794,26.7221,1.0281,1.3846,45.8395,6.7705
70,40.9950,57.5138,0.2765,28.0343,0.9856,1.3868,45.8521,6.7714
71,40.3603,57.3495,0.2796,26.8034,1.0371,1.3832,45.8885,6.7741
72,39.4977,56.4276,0.2834,29.8297,1.0071,1.3989,46.0023,6.7825
73,39.5970,56.2204,0.2827,31.6419,0.9792,1.4038,46.1387,6.7925
74,41.1007,55.4038,0.2747,30.2715,0.9698,1.3857,46.2594,6.8014
75,41.9111,57.3402,0.2718,27.8055,1.0077,1.3697,46.5482,6.8226
76,39.7723,55.2217,0.2813,30.5910,0.9846,1.3988,46.6261,6.8283
77,39.4841,56.5049,0.2835,29.8164,1.0122,1.3977,46.8316,6.8434
78,40.8944,58.2098,0.2775,28.4913,1.0149,1.3823,47.0035,6.8559
79,41.9115,55.7969,0.2708,30.3373,1.0028,1.3682,47.0536,6.8596
80,41.6079,57.6409,0.2735,27.9217,0.9882,1.3782,47.0647,6.8604
81,41.0993,58.5534,0.2768,27.6758,1.0004,1.3836,47.0657,6.8604
82,41.9903,55.7124,0.2704,29.6193,0.9818,1.3717,47.1139,6.8640
83,40.9108,53.8871,0.2750,32.9862,0.9700,1.3862,47.3042,6.8778
84,42.0306,56.7489,0.2708,27.4841,0.9988,1.3689,47.3302,6.8797
85,41.1316,56.9360,0.2754,28.8963,1.0268,1.3742,47.7048,6.9069
86,41.1830,56.8301,0.2751,30.4251,0.9624,1.3878,47.7598,6.9108
87,40.4361,53.8524,0.2774,31.7001,1.0016,1.3846,47.7708,6.9116
88,39.7493,56.4235,0.2821,28.5123,0.9945,1.3978,47.8460,6.9171
89,40.3221,57.6899,0.2800,29.0985,0.9802,1.3959,47.9736,6.9263
90,41.1604,53.7911,0.2737,32.6697,0.9761,1.3812,48.1758,6.9409
91,39.4156,55.4812,0.2833,30.0347,1.0065,1.3978,48.2708,6.9477
92,40.9954,58.7508,0.2774,26.7640,1.0088,1.3829,48.3583,6.9540
93,42.0357,56.6429,0.2707,29.5625,1.0048,1.3668,48.5700,6.9692
94,39.8834,58.1545,0.2826,28.7637,1.0057,1.3962,48.6084,6.9720
95,41.5522,55.1355,0.2723,30.1560,1.0165,1.3681,48.7739,6.9838
96,40.3440,54.5128,0.2781,30.2921,0.9801,1.3909,48.7795,6.9842
97,39.4542,55.0308,0.2828,31.7452,0.9959,1.3990,48.8258,6.9875
98,40.4963,57.3668,0.2789,27.9701,1.0353,1.3806,48.8807,6.9915
99,41.4824,57.4357,0.2740,28.9922,1.0184,1.3719,48.9924,6.9995
100,41.7586,57.0505,0.2724,28.3492,1.0216,1.3671,49.0704,7.0050
101,40.7398,58.4322,0.2785,28.2578,1.0180,1.3831,49.0790,7.0056
102,41.8308,57.0415,0.2720,27.4572,0.9883,1.3734,49.1277,7.0091
103,41.5003,53.9131,0.2720,31.6570,0.9884,1.3735,49.4128,7.0294
104,40.2282,56.0243,0.2794,29.3021,0.9751,1.3950,49.4172,7.0297
105,39.3541,55.5512,0.2836,32.0334,0.9979,1.4001,49.4579,7.0326
106,41.0300,58.2612,0.2769,29.0253,1.0135,1.3799,49.5566,7.0396
107,40.6090,58.2680,0.2790,27.6772,0.9895,1.3905,49.7424,7.0528
108,41.3855,58.3761,0.2752,26.8002,1.0238,1.3734,49.7862,7.0559
109,40.7914,58.5498,0.2783,25.9361,1.0064,1.3850,49.8584,7.0610
110,39.7838,55.9940,0.2817,31.2651,1.0171,1.3907,50.0682,7.0759
111,40.7639,53.4720,0.2756,32.9306,0.9917,1.3815,50.0860,7.0771
112,39.3428,56.1921,0.2840,28.6897,1.0247,1.3948,50.1408,7.0810
113,39.3250,56.6305,0.2843,28.7989,1.0050,1.4001,50.1611,7.0824
114,40.4909,55.7207,0.2780,30.8000,1.0240,1.3800,50.2410,7.0881
115,40.3197,56.7823,0.2794,28.6482,0.9767,1.3941,50.4240,7.1010
116,41.8327,56.7966,0.2718,27.9632,1.0273,1.3639,50.5964,7.1131
117,40.1605,53.7026,0.2787,32.0502,0.9818,1.3914,50.6211,7.1149
118,39.9239,58.1382,0.2823,26.5658,1.0124,1.3933,50.6339,7.1158
119,41.4646,57.4959,0.2741,27.2862,0.9843,1.3790,50.6445,7.1165
120,41.5428,58.4801,0.2745,27.2524,1.0162,1.3729,50.6759,7.1187
121,39.6038,54.5172,0.2819,32.2943,1.0015,1.3945,50.7518,7.1240
122,40.1329,58.3042,0.2814,27.1619,1.0012,1.3934,50.8654,7.1320
123,39.9046,56.2374,0.2812,30.6217,0.9657,1.4009,50.9223,7.1360
124,41.4754,58.4076,0.2748,26.2385,0.9983,1.3773,51.2783,7.1609
125,40.5997,54.7448,0.2769,31.2844,1.0205,1.3777,51.2831,7.1612
126,41.5841,57.6261,0.2736,28.9996,0.9712,1.3804,51.4127,7.1703
127,40.0205,56.7062,0.2809,27.0631,0.9951,1.3932,51.4430,7.1724
128,41.2505,53.6040,0.2732,31.4139,0.9811,1.3772,51.6236,7.1850
129,39.6925,57.2309,0.2829,29.0721,0.9844,1.4004,51.6899,7.1896
130,39.7414,57.0047,0.2825,27.7858,0.9940,1.3972,51.7794,7.1958
131,40.9834,57.5059,0.2766,27.1042,0.9840,1.3846,51.8070,7.1977
132,39.5534,57.8051,0.2840,27.1120,1.0145,1.3963,51.8244,7.1989
133,40.9054,57.7534,0.2771,27.2244,1.0397,1.3740,51.9292,7.2062
134,40.6628,59.0727,0.2794,27.3089,1.0034,1.3874,51.9637,7.2086
135,40.2659,58.8758,0.2812,26.0060,1.0207,1.3881,52.0845,7.2170
136,40.4992,54.7893,0.2775,31.4126,1.0211,1.3786,52.1801,7.2236
137,40.8491,53.7949,0.2753,33.5430,0.9973,1.3785,52.2036,7.2252
138,41.6992,58.6710,0.2739,26.5216,1.0143,1.3712,52.2259,7.2267
139,39.8673,58.1773,0.2827,28.4830,0.9922,1.3978,52.3331,7.2342
140,40.2918,58.4172,0.2807,23.8638,1.0441,1.3820,52.3911,7.2382
141,40.4313,58.5778,0.2801,26.0737,1.0048,1.3888,52.4008,7.2388
142,40.7705,57.6162,0.2777,29.9315,1.0218,1.3789,52.4471,7.2420
143,42.3882,56.7262,0.2690,29.8204,0.9778,1.3668,52.5691,7.2505
144,42.2538,57.6638,0.2703,27.8241,0.9958,1.3660,52.5857,7.2516
145,42.4087,56.3582,0.2687,29.7064,0.9966,1.3617,52.5987,7.2525
146,39.5196,54.4953,0.2823,31.0793,1.0122,1.3923,52.6223,7.2541
147,39.3364,57.7453,0.2850,28.0582,1.0181,1.3976,52.7852,7.2653
148,39.6565,57.3758,0.2831,30.3325,1.0201,1.3925,52.8351,7.2688
149,39.9389,56.2433,0.2810,30.6603,0.9617,1.4006,52.8854,7.2722
150,41.4944,58.9605,0.2751,25.8659,1.0074,1.3755,53.0077,7.2806
151,40.1004,54.8349,0.2795,30.1074,0.9730,1.3941,53.1332,7.2893
152,40.9875,53.2448,0.2744,31.5618,0.9883,1.3779,53.2213,7.2953
153,41.6747,54.2986,0.2713,30.3883,1.0137,1.3643,53.2366,7.2963
154,41.0652,56.8649,0.2757,28.1976,1.0405,1.3697,53.3444,7.3037
155,42.2811,57.7444,0.2702,27.6863,0.9959,1.3655,53.4443,7.3106
156,39.2039,55.1251,0.2842,31.1584,0.9872,1.4022,53.5602,7.3185
157,42.0333,58.1576,0.2718,27.1464,0.9923,1.3701,53.5968,7.3210
158,41.4486,58.3461,0.2749,26.4463,0.9909,1.3781,53.6322,7.3234
159,40.7567,53.1222,0.2755,33.4768,0.9902,1.3801,53.6456,7.3243
160,40.3228,59.1345,0.2811,26.8532,1.0169,1.3880,53.6726,7.3262
161,41.6868,57.9788,0.2734,26.8477,0.9866,1.3753,53.6814,7.3268
162,42.3270,56.6642,0.2693,30.6464,0.9952,1.3630,53.8803,7.3403
163,41.6873,56.8797,0.2726,29.8115,0.9599,1.3793,53.8920,7.3411
164,39.2007,55.4257,0.2843,31.6680,0.9765,1.4049,54.1434,7.3582
165,40.4287,53.0963,0.2772,34.0099,0.9682,1.3893,54.2221,7.3636
166,39.1076,57.1985,0.2858,29.7252,1.0000,1.4030,54.2435,7.3650
167,42.3087,54.8708,0.2684,30.2662,0.9787,1.3642,54.3536,7.3725
168,39.3896,55.7066,0.2835,29.3666,0.9867,1.4003,54.4043,7.3759
169,40.8005,54.0404,0.2756,29.8269,1.0293,1.3713,54.4634,7.3799
170,42.5132,56.9221,0.2685,28.5852,0.9978,1.3602,54.4689,7.3803
171,41.0368,57.4479,0.2763,27.6419,1.0420,1.3702,54.4905,7.3818
172,42.2251,58.1430,0.2708,27.6129,0.9988,1.3658,54.6005,7.3892
173,41.6228,55.3272,0.2720,29.0567,1.0330,1.3615,54.6832,7.3948
174,40.4874,53.2766,0.2770,32.1508,1.0067,1.3794,54.7478,7.3992
175,39.0258,56.1598,0.2856,29.9517,1.0193,1.3978,54.8926,7.4090
176,41.8931,58.4697,0.2727,27.1073,1.0183,1.3662,55.0567,7.4200
177,40.5392,55.5765,0.2776,30.4951,0.9559,1.3924,55.0787,7.4215
178,40.0565,58.8989,0.2823,28.1668,0.9959,1.3948,55.2217,7.4311
179,40.3872,56.6571,0.2790,28.5390,0.9703,1.3923,55.2572,7.4335
180,39.2453,55.2263,0.2840,28.9676,1.0296,1.3915,55.2992,7.4363
181,40.6641,55.9549,0.2772,29.6299,0.9601,1.3901,55.4140,7.4441
182,39.4124,57.6098,0.2845,28.1430,0.9969,1.4001,55.4483,7.4464
183,39.5724,53.7511,0.2817,32.2157,1.0002,1.3924,55.4604,7.4472
184,39.0036,55.4226,0.2853,30.1553,1.0132,1.3982,55.4887,7.4491
185,41.0787,58.1366,0.2765,27.6418,0.9762,1.3847,55.5495,7.4532
186,41.7970,58.3055,0.2731,27.5310,0.9814,1.3749,55.5551,7.4535
187,39.6776,53.9742,0.2813,31.3941,0.9796,1.3961,55.5590,7.4538
188,40.2364,54.1867,0.2785,32.3354,1.0164,1.3807,55.7498,7.4666
189,41.6530,58.3477,0.2738,26.0842,0.9912,1.3744,55.9041,7.4769
190,38.8887,56.4639,0.2864,29.8455,1.0114,1.4012,55.9160,7.4777
191,40.9527,52.9576,0.2745,32.6533,0.9949,1.3754,55.9221,7.4781
192,38.8980,56.1163,0.2862,29.3865,1.0078,1.4013,56.3032,7.5035
193,42.2473,56.1234,0.2693,29.8874,1.0136,1.3580,56.4160,7.5111
194,39.2187,55.6507,0.2843,30.1317,0.9817,1.4027,56.4466,7.5131
195,40.4243,57.7020,0.2795,26.5877,1.0521,1.3754,56.4983,7.5165
196,39.2283,55.0612,0.2840,29.2071,1.0301,1.3908,56.6646,7.5276
197,40.6904,58.7451,0.2790,27.3297,0.9837,1.3886,56.7152,7.5310
198,39.7637,53.2565,0.2806,32.6371,0.9923,1.3908,56.9326,7.5454
199,39.3557,55.8742,0.2838,30.1945,0.9737,1.4029,56.9814,7.5486
200,41.5231,53.4148,0.2718,32.9173,0.9952,1.3680,56.9887,7.5491
201,38.9398,56.7270,0.2863,31.1726,1.0109,1.4006,56.9891,7.5491
202,39.5440,54.4371,0.2821,33.1693,0.9549,1.4035,57.0284,7.5517
203,39.1860,57.7489,0.2858,28.1947,1.0044,1.4007,57.0848,7.5554
204,41.0972,53.7303,0.2740,31.4839,1.0183,1.3685,57.1261,7.5582
205,41.2382,58.1035,0.2757,25.9987,0.9873,1.3794,57.2979,7.5695
206,40.4381,59.4074,0.2808,28.8529,0.9934,1.3907,57.4534,7.5798
207,40.8027,53.0900,0.2753,33.4000,1.0002,1.3756,57.4595,7.5802
208,41.5671,54.9296,0.2721,32.9076,0.9388,1.3818,57.5393,7.5855
209,40.5781,55.2833,0.2773,30.5355,1.0351,1.3729,57.6626,7.5936
210,41.5560,53.1092,0.2715,33.6971,0.9804,1.3705,57.6800,7.5947
211,39.1615,57.7778,0.2859,28.7674,0.9991,1.4020,57.6966,7.5958
212,42.0747,53.7366,0.2691,33.0050,0.9774,1.3650,57.8906,7.6086
213,40.7089,53.4227,0.2759,32.1036,1.0151,1.3735,57.9384,7.6117
214,42.0495,57.5786,0.2713,26.5994,0.9838,1.3687,57.9465,7.6123
215,41.0430,59.6338,0.2780,25.7770,1.0065,1.3807,57.9763,7.6142
216,39.2319,57.4070,0.2853,27.4717,1.0036,1.3993,58.0426,7.6186
217,39.3925,57.7714,0.2847,28.8249,0.9872,1.4017,58.0497,7.6190
218,42.1742,57.6378,0.2707,26.5913,1.0327,1.3568,58.0886,7.6216
219,40.8715,58.6779,0.2780,25.3512,1.0498,1.3716,58.1339,7.6246
220,40.0641,55.9318,0.2802,29.8990,0.9600,1.3965,58.1613,7.6264
221,40.1764,56.8511,0.2802,27.0225,1.0566,1.3755,58.2315,7.6310
222,40.8584,59.6182,0.2789,26.6489,0.9998,1.3842,58.2624,7.6330
223,40.2786,59.5241,0.2817,25.9723,1.0252,1.3857,58.3289,7.6373
224,39.1643,54.0572,0.2839,32.0108,0.9934,1.3980,58.5740,7.6534
225,41.3796,52.9108,0.2723,33.4384,0.9685,1.3751,58.5756,7.6535
226,40.9410,54.7460,0.2752,30.7300,1.0325,1.3678,58.6071,7.6555
227,41.2515,58.9703,0.2763,25.1757,0.9984,1.3781,58.6192,7.6563
228,40.8379,58.0307,0.2777,28.7014,1.0350,1.3734,58.6444,7.6580
229,41.3121,58.2931,0.2755,27.3002,1.0383,1.3674,58.6596,7.6590
230,39.3260,58.1701,0.2854,27.7645,1.0023,1.3995,58.7580,7.6654
231,39.3058,53.7266,0.2831,32.4449,0.9863,1.3975,58.8646,7.6723
232,39.4664,54.1666,0.2824,32.5219,1.0126,1.3898,58.8905,7.6740
233,38.7621,55.6859,0.2867,29.9264,1.0103,1.4007,58.9840,7.6801
234,39.6412,55.4096,0.2821,29.2003,0.9752,1.3973,59.0855,7.6867
235,39.5385,58.6601,0.2847,28.5147,1.0265,1.3922,59.1196,7.6889
236,40.2511,53.0214,0.2781,33.2373,1.0043,1.3808,59.2571,7.6979
237,40.0460,58.4337,0.2820,26.0972,0.9974,1.3919,59.3146,7.7016
238,39.7258,56.0706,0.2820,29.2962,1.0440,1.3819,59.4072,7.7076
239,41.8033,58.2214,0.2730,26.7754,1.0362,1.3612,59.5031,7.7138
240,38.8637,57.1774,0.2870,31.4197,1.0090,1.4016,59.5839,7.7191
241,42.2836,57.9195,0.2703,27.6057,1.0213,1.3575,59.9286,7.7414
242,39.3436,58.6412,0.2856,25.7723,1.0350,1.3925,60.0507,7.7492
243,39.4695,56.2443,0.2834,30.4776,1.0342,1.3870,60.1363,7.7548
244,40.3704,52.5890,0.2774,32.2810,0.9913,1.3816,60.2238,7.7604
245,39.1142,54.4341,0.2843,32.4631,1.0096,1.3945,60.2908,7.7647
246,40.8660,59.3456,0.2786,25.9080,0.9948,1.3837,60.3014,7.7654
247,42.5687,57.3723,0.2685,26.9959,0.9867,1.3602,60.3168,7.7664
248,39.2799,57.5827,0.2852,27.5482,0.9966,1.3995,60.4590,7.7755
249,42.4893,58.3487,0.2696,26.0438,1.0083,1.3584,60.4832,7.7771
250,40.9681,52.9010,0.2744,32.4630,0.9661,1.3800,60.5103,7.7788
251,41.8201,58.6961,0.2733,27.0713,0.9796,1.3736,60.5613,7.7821
252,40.5791,57.1544,0.2784,30.5659,1.0314,1.3750,60.6343,7.7868
253,41.9765,53.3298,0.2694,30.6641,0.9903,1.3617,60.7321,7.7931
254,39.5015,57.8386,0.2842,29.5307,0.9732,1.4024,60.8194,7.7987
255,41.2960,59.7827,0.2768,26.5135,0.9968,1.3787,60.8221,7.7989
256,42.0753,58.0915,0.2715,29.3122,0.9619,1.3730,60.8438,7.8002
257,39.3413,53.9558,0.2830,31.6611,1.0175,1.3892,60.9126,7.8047
258,39.1296,54.4573,0.2842,32.6547,1.0105,1.3939,60.9753,7.8087
259,41.2945,54.8142,0.2735,31.1736,0.9462,1.3816,61.0141,7.8112
260,40.4253,52.5239,0.2771,33.4988,0.9726,1.3849,61.0325,7.8123
261,39.2173,58.1080,0.2859,29.6514,1.0259,1.3944,61.1374,7.8190
262,39.8476,58.3798,0.2829,26.8205,1.0493,1.3823,61.2154,7.8240
263,39.2940,53.6419,0.2831,32.6530,0.9746,1.3993,61.3335,7.8316
264,40.3502,53.2059,0.2776,31.6808,0.9673,1.3873,61.3699,7.8339
265,39.8957,52.8525,0.2798,32.3277,1.0054,1.3840,61.3902,7.8352
266,42.2005,54.7432,0.2688,31.3271,1.0105,1.3553,61.5267,7.8439
267,39.4931,54.7234,0.2825,31.1178,1.0307,1.3849,61.6409,7.8512
268,38.7960,57.0901,0.2873,29.4573,1.0286,1.3970,61.6505,7.8518
269,42.0721,59.3340,0.2726,25.9303,1.0125,1.3642,61.9245,7.8692
270,41.4711,53.2636,0.2720,34.3114,0.9425,1.3789,62.0486,7.8771
271,41.0515,57.0357,0.2759,28.0297,1.0508,1.3644,62.1153,7.8813
272,42.0809,53.9279,0.2691,31.8415,1.0051,1.3569,62.1613,7.8842
273,38.6595,57.2736,0.2881,28.4104,1.0186,1.4009,62.2127,7.8875
274,41.9184,59.5670,0.2735,24.6854,1.0144,1.3661,62.3664,7.8972
275,40.7127,57.2294,0.2777,27.2838,0.9697,1.3860,62.3932,7.8989
276,38.6616,55.0743,0.2869,33.0431,0.9911,1.4041,62.5231,7.9072
277,38.5902,57.0851,0.2883,29.6392,1.0100,1.4033,62.5310,7.9077
278,39.4537,58.8237,0.2852,27.2625,1.0023,1.3975,62.5372,7.9080
279,42.4648,58.4298,0.2698,27.2569,0.9844,1.3630,62.5896,7.9114
280,39.6225,53.3043,0.2813,33.1885,1.0081,1.3866,62.5941,7.9116
281,40.5366,52.2649,0.2764,33.7315,0.9891,1.3788,62.6436,7.9148
282,40.2051,54.1462,0.2787,30.9705,1.0354,1.3740,62.9168,7.9320
283,38.6234,56.8038,0.2880,29.8989,0.9970,1.4052,62.9512,7.9342
284,41.8864,53.6207,0.2700,31.3630,1.0125,1.3572,62.9715,7.9355
285,41.7144,53.7171,0.2709,33.6619,1.0000,1.3622,63.0148,7.9382
286,41.6491,55.6777,0.2721,31.5662,1.0231,1.3601,63.0503,7.9404
287,39.1746,58.4820,0.2864,28.4911,1.0319,1.3934,63.0917,7.9430
288,40.1792,52.4387,0.2783,32.9703,0.9797,1.3854,63.2098,7.9505
289,38.6927,55.2367,0.2868,29.1435,1.0112,1.3990,63.2480,7.9529
290,41.1385,52.3568,0.2734,32.8540,0.9919,1.3703,63.2691,7.9542
291,39.3950,53.1316,0.2824,33.4806,0.9723,1.3974,63.3137,7.9570
292,38.6336,57.0953,0.2881,29.2844,1.0274,1.3985,63.3212,7.9575
293,38.6004,55.5902,0.2874,31.5499,1.0115,1.4004,63.3555,7.9596
294,40.0893,55.5010,0.2799,31.2091,1.0369,1.3764,63.5237,7.9702
295,42.4598,58.9014,0.2702,26.5135,1.0013,1.3601,63.5553,7.9722
296,41.8107,53.0521,0.2702,31.5158,0.9721,1.3665,63.6436,7.9777
297,42.2751,58.8368,0.2711,27.7608,0.9779,1.3672,63.8251,7.9891
298,38.8581,54.3285,0.2856,31.9726,0.9808,1.4028,63.8776,7.9923
299,38.6749,54.7661,0.2867,31.4613,1.0089,1.3989,63.9463,7.9966
300,39.1663,55.0916,0.2843,29.2598,0.9820,1.3993,63.9636,7.9977
301,41.2954,59.9355,0.2770,26.3995,0.9927,1.3786,63.9854,7.9991
302,41.5900,59.5668,0.2752,25.2672,1.0350,1.3651,64.0640,8.0040
303,38.9219,55.1282,0.2856,33.1443,1.0114,1.3956,64.0961,8.0060
304,42.0899,53.4726,0.2689,34.0946,0.9835,1.3605,64.0994,8.0062
305,40.7909,53.2832,0.2754,33.1303,1.0153,1.3697,64.1827,8.0114
306,42.1706,56.8687,0.2702,28.9822,0.9559,1.3693,64.2027,8.0127
307,42.2703,59.0187,0.2713,25.2973,1.0268,1.3571,64.2321,8.0145
308,39.7886,53.7332,0.2806,32.0451,1.0252,1.3804,64.2327,8.0145
309,42.0671,53.8815,0.2692,32.5480,1.0035,1.3565,64.3236,8.0202
310,39.1249,53.7188,0.2840,32.4529,0.9731,1.4005,64.4325,8.0270
311,39.6371,59.5873,0.2849,25.6842,1.0255,1.3909,64.4998,8.0312
312,38.7315,54.4715,0.2863,31.7582,0.9878,1.4025,64.5125,8.0320
313,38.8950,54.2440,0.2853,30.7654,0.9919,1.3993,64.5840,8.0364
314,39.2512,53.3971,0.2832,31.7403,1.0124,1.3894,64.5934,8.0370
315,39.6118,53.0836,0.2813,30.9406,0.9885,1.3901,64.6793,8.0423
316,41.1564,53.7308,0.2737,32.4339,1.0215,1.3638,64.7544,8.0470
317,39.1840,57.2578,0.2854,27.6237,0.9896,1.3999,64.7756,8.0483
318,39.5909,52.9513,0.2814,31.3204,0.9904,1.3898,64.8041,8.0501
319,41.8536,59.3816,0.2737,27.2005,1.0196,1.3642,64.8869,8.0552
320,40.4946,59.6856,0.2807,24.4846,1.0088,1.3841,64.9749,8.0607
321,42.4225,58.8236,0.2704,27.0883,0.9835,1.3635,65.0028,8.0624
322,42.6294,58.5347,0.2691,26.2538,0.9946,1.3580,65.0085,8.0628
323,38.4921,55.7319,0.2880,30.2128,0.9999,1.4038,65.0370,8.0646
324,39.8341,59.0943,0.2835,29.6780,0.9732,1.3988,65.0795,8.0672
325,41.4909,58.3451,0.2746,27.5584,0.9649,1.3781,65.1375,8.0708
326,38.6039,54.8272,0.2871,30.3831,1.0077,1.3996,65.1508,8.0716
327,41.3489,52.3629,0.2723,33.4443,0.9677,1.3724,65.2837,8.0798
328,38.6322,54.4565,0.2868,32.7112,0.9898,1.4029,65.4144,8.0879
329,39.3864,58.2447,0.2851,26.7278,0.9960,1.3972,65.6663,8.1035
330,38.4680,57.1743,0.2890,31.2208,0.9960,1.4067,65.7039,8.1058
331,39.0088,58.6413,0.2873,28.5091,1.0012,1.4014,65.7232,8.1070
332,39.9541,54.9230,0.2803,31.3917,1.0376,1.3763,65.7885,8.1110
333,41.3042,56.9926,0.2746,27.9169,1.0535,1.3591,65.8323,8.1137
334,39.2328,57.0936,0.2851,28.8388,0.9741,1.4020,65.8723,8.1162
335,42.1395,59.5795,0.2724,26.5002,1.0106,1.3626,65.9587,8.1215
336,39.7809,59.8485,0.2845,26.7456,1.0119,1.3920,65.9789,8.1227
337,38.8889,58.2976,0.2877,27.5619,1.0080,1.4006,66.0574,8.1276
338,41.2014,59.7045,0.2772,25.6780,0.9898,1.3789,66.0582,8.1276
339,39.5938,52.4555,0.2813,35.7963,0.9648,1.3951,66.0619,8.1279
340,39.5219,54.8061,0.2824,30.9495,1.0385,1.3812,66.1056,8.1305
341,38.5519,55.4512,0.2876,30.8649,0.9867,1.4054,66.1163,8.1312
342,41.0449,54.6201,0.2746,32.4999,1.0262,1.3645,66.1739,8.1347
343,40.9749,59.3276,0.2780,26.3636,0.9806,1.3827,66.1772,8.1349
344,39.9958,57.9828,0.2819,27.1199,0.9757,1.3933,66.3357,8.1447
345,38.4002,56.2430,0.2888,30.8769,0.9937,1.4065,66.3633,8.1464
346,39.0956,58.4032,0.2867,28.2083,0.9930,1.4015,66.4018,8.1487
347,39.1384,56.6916,0.2853,30.0272,1.0413,1.3875,66.5308,8.1566
348,42.3896,55.9165,0.2685,28.7298,0.9593,1.3633,66.6350,8.1630
349,40.4084,52.3898,0.2771,33.7009,0.9581,1.3861,66.6415,8.1634
350,39.0787,56.9551,0.2858,29.0467,1.0466,1.3875,66.6717,8.1653
351,39.7570,52.4127,0.2804,34.2792,0.9942,1.3857,66.6779,8.1657
352,39.6221,52.6864,0.2812,32.6465,0.9767,1.3917,66.6941,8.1666
353,41.9656,58.9738,0.2728,27.5034,1.0262,1.3597,66.7988,8.1731
354,39.9112,52.3900,0.2796,33.4345,0.9699,1.3895,66.8140,8.1740
355,40.4949,51.9060,0.2766,34.1632,0.9820,1.3790,66.8187,8.1743
356,42.7528,58.2096,0.2682,27.9252,1.0073,1.3523,66.8405,8.1756
357,42.4254,59.0720,0.2706,27.7713,1.0049,1.3587,66.8440,8.1758
358,39.4164,53.2364,0.2824,31.8123,0.9739,1.3952,66.8750,8.1777
359,42.0279,59.1779,0.2726,26.4660,1.0293,1.3587,66.8842,8.1783
360,40.4366,52.0502,0.2769,35.2050,0.9570,1.3858,66.9244,8.1807
361,39.7434,53.6749,0.2808,34.8113,1.0072,1.3837,66.9378,8.1816
362,38.5503,55.7217,0.2877,28.7531,1.0380,1.3939,66.9533,8.1825
363,38.4475,57.2816,0.2892,31.7958,0.9907,1.4078,67.0032,8.1855
364,40.7193,59.0895,0.2791,27.5054,0.9700,1.3874,67.0343,8.1874
365,39.9068,53.0074,0.2798,32.9124,0.9553,1.3932,67.0861,8.1906
366,39.6827,59.8894,0.2850,25.4553,1.0309,1.3888,67.1529,8.1947
367,42.6268,58.7780,0.2693,26.6346,0.9880,1.3590,67.2030,8.1977
368,38.3900,55.3209,0.2884,30.5631,1.0074,1.4019,67.2382,8.1999
369,40.6151,59.7928,0.2802,25.4328,0.9954,1.3846,67.3095,8.2042
370,38.5804,55.2351,0.2874,28.2054,1.0159,1.3975,67.3909,8.2092
371,39.1240,55.1015,0.2845,30.2522,0.9669,1.4017,67.5490,8.2188
372,39.3856,59.3238,0.2860,25.8769,1.0460,1.3878,67.5504,8.2189
373,40.9927,53.3604,0.2744,32.7371,1.0220,1.3643,67.6099,8.2225
374,41.6718,59.2701,0.2745,27.1823,0.9720,1.3752,67.6181,8.2230
375,39.5951,52.8310,0.2813,33.4201,1.0091,1.3842,67.6292,8.2237
376,40.9113,58.2320,0.2775,27.7709,0.9602,1.3850,67.6435,8.2246
377,41.7320,53.1362,0.2706,32.4231,1.0116,1.3569,67.7348,8.2301
378,38.4904,56.5023,0.2885,29.1889,1.0365,1.3956,67.7386,8.2303
379,41.7709,60.1516,0.2748,26.8772,0.9922,1.3716,67.8590,8.2377
380,40.3741,53.8135,0.2777,29.8820,1.0469,1.3671,67.9944,8.2459
381,41.6943,60.2176,0.2753,24.3111,1.0088,1.3692,67.9995,8.2462
382,41.2657,57.9846,0.2755,26.0117,0.9729,1.3771,68.0719,8.2506
383,40.2263,59.3659,0.2818,26.6784,0.9835,1.3906,68.2613,8.2620
384,42.3817,58.1689,0.2700,25.4764,0.9835,1.3612,68.3171,8.2654
385,42.1510,52.8454,0.2684,32.3136,0.9899,1.3560,68.3670,8.2684
386,39.3833,59.7269,0.2863,25.8075,1.0307,1.3914,68.5708,8.2808
387,38.3235,56.8660,0.2895,31.2785,1.0141,1.4026,68.6437,8.2851
388,39.3737,52.9477,0.2825,32.5655,1.0138,1.3855,68.6703,8.2868
389,41.3864,52.9662,0.2723,30.9208,0.9633,1.3716,68.6947,8.2882
390,42.5533,59.3226,0.2701,26.1103,0.9983,1.3583,68.7431,8.2911
391,41.7210,54.8554,0.2713,30.7365,1.0359,1.3532,68.7789,8.2933
392,40.4787,51.9466,0.2767,34.9132,0.9573,1.3844,68.8310,8.2964
393,41.5655,56.2499,0.2728,28.3023,0.9525,1.3745,68.8585,8.2981
394,38.6135,58.5242,0.2892,28.5441,1.0209,1.4002,68.8741,8.2990
395,39.5720,57.7245,0.2838,27.5749,0.9749,1.3972,68.9630,8.3044
396,40.8341,58.2483,0.2779,26.5489,0.9695,1.3834,68.9903,8.3060
397,42.2689,53.6770,0.2681,32.3905,1.0048,1.3515,69.0321,8.3086
398,40.8359,52.7381,0.2750,32.2730,1.0230,1.3649,69.2612,8.3223
399,39.4868,59.9414,0.2860,26.8429,1.0197,1.3926,69.3354,8.3268
400,42.2067,59.4581,0.2720,25.5402,0.9888,1.3646,69.4032,8.3309
401,39.1210,56.7271,0.2854,28.8049,0.9716,1.4018,69.4495,8.3336
402,41.7487,59.9685,0.2747,24.8412,1.0356,1.3617,69.4867,8.3359
403,39.7215,54.0549,0.2811,31.1750,1.0397,1.3763,69.5051,8.3370
404,38.4395,57.9440,0.2897,30.1097,1.0202,1.4012,69.5125,8.3374
405,38.3554,55.8738,0.2888,29.2347,1.0035,1.4029,69.5490,8.3396
406,39.2930,55.4977,0.2839,31.4215,1.0384,1.3833,69.5921,8.3422
407,39.6693,57.3903,0.2831,27.7275,0.9697,1.3962,69.6400,8.3451
408,40.6789,59.8710,0.2800,25.8665,0.9880,1.3845,69.7095,8.3492
409,41.4578,59.4943,0.2758,27.0210,0.9714,1.3775,69.8359,8.3568
410,39.1769,57.2940,0.2855,28.8425,0.9701,1.4021,69.8744,8.3591
411,38.2586,55.9304,0.2893,30.5436,1.0217,1.3999,69.9139,8.3615
412,41.1627,55.8347,0.2746,30.9404,1.0405,1.3600,69.9183,8.3617
413,42.2842,59.3247,0.2715,26.0606,0.9834,1.3642,69.9748,8.3651
414,39.1736,54.1279,0.2839,31.3449,1.0340,1.3841,69.9830,8.3656
415,42.2769,56.7737,0.2696,29.0759,1.0357,1.3483,70.1305,8.3744
416,41.9076,57.3412,0.2718,32.0568,1.0133,1.3585,70.1361,8.3747
417,39.7690,60.0276,0.2847,23.5544,1.0365,1.3857,70.2554,8.3818
418,39.0844,55.9136,0.2851,29.8390,0.9627,1.4029,70.3490,8.3874
419,42.6092,57.6539,0.2685,28.8497,0.9559,1.3625,70.3769,8.3891
420,42.7463,58.2498,0.2683,29.1561,1.0047,1.3515,70.3958,8.3902
421,40.2539,54.0517,0.2784,31.1313,1.0428,1.3687,70.4207,8.3917
422,41.9720,59.6530,0.2733,26.5328,0.9789,1.3696,70.4353,8.3926
423,42.1691,57.1399,0.2704,28.0131,1.0443,1.3484,70.4863,8.3956
424,38.3592,57.8148,0.2900,28.4699,1.0323,1.3989,70.5050,8.3967
425,42.0242,57.0057,0.2710,31.5447,1.0189,1.3552,70.5078,8.3969
426,38.4907,56.8533,0.2887,28.4919,0.9973,1.4035,70.5308,8.3983
427,38.6569,57.7971,0.2885,27.9377,0.9991,1.4026,70.5318,8.3983
428,39.1314,54.6135,0.2843,31.8915,0.9508,1.4036,70.6128,8.4031
429,40.6396,55.0264,0.2769,30.3710,1.0502,1.3633,70.7506,8.4113
430,42.7510,57.9455,0.2680,27.8107,0.9669,1.3586,70.7744,8.4128
431,41.9404,59.3784,0.2733,25.9695,0.9788,1.3691,70.8330,8.4162
432,38.5178,54.6306,0.2874,31.4365,1.0228,1.3946,70.9042,8.4205
433,42.5280,57.6772,0.2689,25.9864,1.0464,1.3443,70.9699,8.4244
434,39.7812,58.4868,0.2833,27.7122,0.9708,1.3960,71.0052,8.4265
435,40.9361,52.0031,0.2744,32.3985,0.9718,1.3740,71.0097,8.4267
436,38.8975,55.9184,0.2861,30.4788,0.9609,1.4053,71.1681,8.4361
437,41.5319,59.4566,0.2754,26.0785,1.0440,1.3606,71.1739,8.4365
438,39.1391,56.0473,0.2849,31.3847,0.9458,1.4060,71.2527,8.4411
439,40.3970,52.0238,0.2771,33.7097,1.0076,1.3725,71.2730,8.4423
440,40.1112,60.5295,0.2834,24.9031,1.0336,1.3826,71.5358,8.4579
441,40.2253,52.2201,0.2780,32.8306,1.0166,1.3726,71.6304,8.4635
442,41.3919,58.9139,0.2756,27.8469,1.0408,1.3616,71.6424,8.4642
443,39.8909,53.5176,0.2800,31.8385,1.0358,1.3736,71.7836,8.4725
444,38.2663,54.8995,0.2888,31.3102,0.9948,1.4038,71.8741,8.4779
445,40.6727,56.5527,0.2775,28.8432,0.9456,1.3865,71.9277,8.4810
446,42.7807,59.1817,0.2689,26.5199,0.9911,1.3552,71.9803,8.4841
447,39.9247,60.2443,0.2841,26.2346,1.0036,1.3904,71.9919,8.4848
448,38.4970,58.2757,0.2896,25.5971,1.0433,1.3952,72.0733,8.4896
449,39.3784,60.0165,0.2866,26.0037,1.0219,1.3925,72.1090,8.4917
450,39.2766,52.8009,0.2829,32.9328,1.0142,1.3851,72.1254,8.4927
451,42.3498,57.4292,0.2697,25.6474,1.0573,1.3435,72.1278,8.4928
452,39.1046,59.5477,0.2876,25.8925,1.0212,1.3949,72.1436,8.4937
453,41.9180,53.9111,0.2699,33.7707,1.0093,1.3538,72.2798,8.5018
454,39.7044,53.3189,0.2809,35.3027,1.0081,1.3814,72.3924,8.5084
455,38.8479,58.4951,0.2880,28.9496,0.9857,1.4037,72.4172,8.5098
456,38.9131,54.3147,0.2853,30.7209,0.9689,1.4009,72.6844,8.5255
457,38.5677,54.1242,0.2870,32.9911,0.9647,1.4061,72.7966,8.5321
458,39.0013,54.6004,0.2849,32.8602,0.9421,1.4065,72.8274,8.5339
459,40.9460,51.9335,0.2743,35.1384,0.9963,1.3674,72.8550,8.5355
460,38.9930,59.3781,0.2880,27.8930,1.0032,1.3995,72.8709,8.5364
461,39.5107,55.2330,0.2827,29.3907,1.0579,1.3751,72.9001,8.5382
462,42.5697,58.3061,0.2692,26.9989,0.9677,1.3604,72.9061,8.5385
463,42.2228,54.3494,0.2686,31.4716,1.0241,1.3469,72.9426,8.5406
464,39.7876,52.0217,0.2802,35.4429,0.9484,1.3935,73.0679,8.5480
465,40.2626,60.2490,0.2824,25.2899,0.9996,1.3866,73.1764,8.5543
466,38.3913,54.2337,0.2879,31.8125,1.0133,1.3968,73.2533,8.5588
467,39.9535,59.0603,0.2829,26.2687,0.9815,1.3916,73.2893,8.5609
468,39.5419,52.1654,0.2815,32.5453,1.0085,1.3821,73.3258,8.5630
469,39.6726,59.1060,0.2844,26.8795,0.9825,1.3949,73.3766,8.5660
470,38.7682,58.4487,0.2884,26.0721,1.0126,1.3982,73.4687,8.5714
471,41.6061,58.0337,0.2738,28.4965,0.9464,1.3763,73.4946,8.5729
472,38.5743,55.9592,0.2877,31.1254,0.9626,1.4080,73.5343,8.5752
473,42.2125,53.6475,0.2683,32.5069,1.0132,1.3484,73.7299,8.5866
474,38.9966,56.3816,0.2859,29.6858,0.9605,1.4035,73.7536,8.5880
475,38.3924,56.6459,0.2890,29.6810,0.9831,1.4063,73.7913,8.5902
476,42.2065,60.3447,0.2728,25.3218,1.0006,1.3623,73.8899,8.5959
477,39.3287,53.4076,0.2829,34.2957,1.0156,1.3838,73.9783,8.6011
478,39.8792,60.5370,0.2846,24.0430,1.0409,1.3829,73.9926,8.6019
479,42.0714,58.7452,0.2721,26.1191,1.0483,1.3504,73.9981,8.6022
480,41.2742,60.2600,0.2774,24.0555,0.9976,1.3742,74.0476,8.6051
481,39.6239,57.0297,0.2831,28.4430,1.0630,1.3746,74.0699,8.6064
482,39.6346,51.8973,0.2809,32.9854,0.9974,1.3831,74.1359,8.6102
483,40.2533,60.5558,0.2828,25.7141,1.0017,1.3865,74.1787,8.6127
484,42.0325,58.3114,0.2719,26.5529,0.9634,1.3673,74.2874,8.6190
485,42.2668,53.6149,0.2681,30.6744,1.0261,1.3447,74.2970,8.6196
486,41.0474,52.5627,0.2739,35.9613,0.9985,1.3653,74.3914,8.6250
487,38.3709,56.9173,0.2893,30.7133,1.0345,1.3951,74.5067,8.6317
488,38.4173,57.7311,0.2896,28.8766,0.9928,1.4051,74.5212,8.6326
489,41.9793,60.6435,0.2743,24.7169,1.0060,1.3645,74.5301,8.6331
490,42.6049,58.9102,0.2695,24.8661,0.9865,1.3565,74.6582,8.6405
491,39.8512,60.4656,0.2847,25.3275,1.0424,1.3823,74.7902,8.6481
492,41.8299,56.9870,0.2720,29.0051,1.0478,1.3499,74.7953,8.6484
493,38.9686,59.6370,0.2883,25.5619,1.0262,1.3945,74.8260,8.6502
494,42.3068,60.2444,0.2722,22.8851,1.0241,1.3557,74.9164,8.6554
495,42.8867,59.3639,0.2685,25.3646,1.0044,1.3503,74.9831,8.6593
496,42.7784,59.3661,0.2691,23.9287,1.0282,1.3468,74.9874,8.6595
497,40.9794,60.7201,0.2793,24.2898,1.0031,1.3774,74.9927,8.6598
498,41.6175,52.4212,0.2710,32.4409,0.9528,1.3682,75.0322,8.6621
499,39.2650,53.8569,0.2833,33.0237,1.0287,1.3817,75.0582,8.6636
500,39.5553,52.8500,0.2816,34.2237,1.0156,1.3801,75.1257,8.6675
501,38.9449,54.4616,0.2852,31.3352,1.0398,1.3838,75.1270,8.6676
502,41.4253,60.8091,0.2772,25.8648,0.9925,1.3743,75.1724,8.6702
503,42.5774,59.6888,0.2704,26.2660,0.9838,1.3591,75.1900,8.6712
504,39.4702,51.9831,0.2818,34.6706,0.9620,1.3932,75.1938,8.6714
505,40.1910,53.8699,0.2786,31.4349,1.0454,1.3667,75.3769,8.6820
506,40.9131,57.4895,0.2769,28.3690,1.0595,1.3596,75.4236,8.6847
507,41.9452,60.0255,0.2738,26.0938,1.0309,1.3577,75.4417,8.6857
508,41.0524,58.9874,0.2774,26.1746,1.0608,1.3604,75.4734,8.6875
509,38.5469,54.5691,0.2872,32.5241,1.0252,1.3916,75.5876,8.6941
510,38.3447,54.0321,0.2880,31.5958,1.0152,1.3957,75.5898,8.6942
511,40.2910,60.0960,0.2821,26.0671,1.0500,1.3741,75.7858,8.7055
512,40.6100,55.3207,0.2771,30.6734,1.0529,1.3614,75.8312,8.7081
513,40.3727,60.5750,0.2822,25.0943,1.0458,1.3751,75.8588,8.7097
514,41.2614,61.0341,0.2782,23.1088,1.0340,1.3681,75.8723,8.7105
515,40.4567,52.4813,0.2769,33.9124,1.0192,1.3675,75.8749,8.7106
516,41.8258,60.6603,0.2750,25.0874,0.9947,1.3682,75.8980,8.7119
517,38.3562,53.7333,0.2879,33.1061,0.9979,1.3991,75.9564,8.7153
518,39.4970,60.5096,0.2865,26.6567,1.0195,1.3909,76.0208,8.7190
519,41.6004,54.3525,0.2717,32.2611,1.0326,1.3518,76.0341,8.7198
520,42.4729,60.1458,0.2713,25.9486,0.9922,1.3594,76.0405,8.7201
521,39.4669,58.1083,0.2846,27.4003,0.9709,1.3968,76.1230,8.7248
522,42.5785,59.6689,0.2703,25.9309,1.0211,1.3508,76.1433,8.7260
523,39.2784,52.5565,0.2829,33.5277,0.9566,1.3966,76.2503,8.7321
524,40.6765,58.8130,0.2791,28.3732,1.0497,1.3664,76.3353,8.7370
525,40.6338,56.2441,0.2775,30.1904,1.0550,1.3616,76.6325,8.7540
526,42.2421,60.3340,0.2726,25.1829,1.0228,1.3560,76.6932,8.7575
527,39.1824,58.7272,0.2865,27.9456,0.9772,1.4000,76.7325,8.7597
528,41.5853,60.9881,0.2766,23.3925,1.0317,1.3641,76.7586,8.7612
529,40.7001,51.4853,0.2755,33.7449,1.0055,1.3666,76.7638,8.7615
530,40.5056,60.5570,0.2815,25.6910,1.0441,1.3732,77.1081,8.7811
531,40.4824,52.4867,0.2768,34.0692,1.0199,1.3665,77.2461,8.7890
532,38.4453,53.4507,0.2873,33.0343,0.9760,1.4023,77.4893,8.8028
533,40.7486,59.5296,0.2793,26.1308,0.9705,1.3829,77.7987,8.8204
534,39.1182,52.2151,0.2836,32.3965,0.9914,1.3894,77.8091,8.8209
535,39.1450,52.0633,0.2835,34.3939,0.9691,1.3944,77.8547,8.8235
536,39.5226,59.7216,0.2856,26.5024,0.9902,1.3944,77.8918,8.8256
537,41.4015,51.8731,0.2720,35.5909,0.9941,1.3599,78.0904,8.8369
538,40.8983,51.2527,0.2744,34.8006,0.9938,1.3661,78.1193,8.8385
539,40.7178,53.2970,0.2758,34.1393,1.0245,1.3628,78.1763,8.8417
540,38.7985,56.1598,0.2867,31.8205,0.9409,1.4084,78.2412,8.8454
541,38.7807,52.7903,0.2855,34.1057,1.0041,1.3908,78.2877,8.8480
542,40.6896,60.4267,0.2805,26.4835,0.9781,1.3840,78.3142,8.8495
543,39.9493,51.2409,0.2793,35.9544,0.9608,1.3858,78.3586,8.8520
544,41.0875,60.0264,0.2781,26.1723,1.0488,1.3632,78.5458,8.8626
545,38.9749,59.6563,0.2883,26.0012,1.0107,1.3962,78.6584,8.8690
546,41.3158,60.0616,0.2770,24.4230,0.9852,1.3736,78.7669,8.8751
547,39.7892,60.9022,0.2854,26.8977,1.0225,1.3863,79.0320,8.8900
548,42.8912,59.6908,0.2688,25.5621,0.9906,1.3520,79.3119,8.9057
549,38.7098,56.6210,0.2874,28.9951,0.9673,1.4034,79.3249,8.9065
550,38.7738,52.4161,0.2854,34.1185,0.9911,1.3932,79.3262,8.9065
551,38.6488,52.6905,0.2861,32.9551,0.9916,1.3948,79.3509,8.9079
552,38.4507,55.3792,0.2881,30.7461,0.9630,1.4061,79.3917,8.9102
553,42.1567,52.6250,0.2683,33.1872,1.0076,1.3471,79.3955,8.9104
554,41.9360,60.8312,0.2747,25.1736,0.9914,1.3663,79.4976,8.9161
555,38.2871,55.3327,0.2889,30.4488,1.0435,1.3900,79.6120,8.9226
556,40.9185,54.2803,0.2751,32.9779,1.0368,1.3580,79.7216,8.9287
557,41.3951,60.7001,0.2772,23.8413,0.9961,1.3716,79.7584,8.9308
558,39.7775,51.2885,0.2801,34.2868,0.9785,1.3830,79.8592,8.9364
559,38.9771,53.5812,0.2847,31.3111,0.9591,1.3985,80.0197,8.9454
560,39.0523,55.3717,0.2850,31.4479,1.0483,1.3798,80.0374,8.9464
561,42.3609,60.5692,0.2723,23.3137,1.0313,1.3522,80.0451,8.9468
562,41.3542,52.1261,0.2723,33.0825,1.0206,1.3540,80.0514,8.9471
563,39.2117,59.9713,0.2874,26.6841,0.9988,1.3959,80.1251,8.9513
564,41.5830,60.1859,0.2758,26.6743,1.0371,1.3592,80.1701,8.9538
565,41.9426,60.7248,0.2745,26.0936,1.0211,1.3595,80.2393,8.9576
566,39.3699,54.8573,0.2832,30.7166,1.0556,1.3738,80.2523,8.9584
567,41.7072,51.6863,0.2704,32.7129,0.9643,1.3619,80.3031,8.9612
568,39.7872,52.1821,0.2802,32.1782,1.0316,1.3710,80.7237,8.9846
569,39.6758,51.4344,0.2807,33.4069,1.0049,1.3778,80.7812,8.9878
570,40.2195,50.9038,0.2778,35.9242,0.9715,1.3787,80.7884,8.9882
571,41.6572,60.8386,0.2760,24.8665,1.0362,1.3599,80.8026,8.9890
572,38.9080,52.0259,0.2846,34.5932,0.9800,1.3933,80.8576,8.9921
573,41.1862,61.0158,0.2786,22.7293,1.0102,1.3717,80.9110,8.9951
574,38.8014,53.8436,0.2857,31.5628,1.0407,1.3823,81.0673,9.0037
575,41.7163,60.1200,0.2751,26.6263,0.9660,1.3718,81.1085,9.0060
576,41.9027,58.1042,0.2724,27.6906,0.9449,1.3694,81.1128,9.0063
577,38.9662,52.3459,0.2844,35.7406,0.9968,1.3886,81.2094,9.0116
578,38.9679,56.2586,0.2859,28.1329,0.9661,1.3989,81.2320,9.0129
579,42.6498,59.9465,0.2702,24.0644,0.9931,1.3542,81.2660,9.0148
580,38.8722,52.5591,0.2849,32.5745,1.0200,1.3847,81.2855,9.0158
581,41.7545,60.1501,0.2749,25.0641,0.9775,1.3689,81.2923,9.0162
582,39.7978,60.0360,0.2845,23.5571,1.0092,1.3863,81.3736,9.0207
583,38.9447,53.7477,0.2849,31.1672,0.9566,1.3990,81.4461,9.0248
584,41.3361,60.4957,0.2773,25.6887,0.9763,1.3751,81.4596,9.0255
585,39.9823,52.7341,0.2794,35.1946,1.0178,1.3716,81.4757,9.0264
586,40.3645,61.0613,0.2827,22.8089,1.0212,1.3793,81.4968,9.0276
587,42.8173,60.1293,0.2696,25.9718,0.9895,1.3532,81.5974,9.0331
588,38.2314,53.8417,0.2886,30.9182,0.9907,1.3999,81.6544,9.0363
589,39.8995,61.2077,0.2852,24.7045,1.0263,1.3840,81.6620,9.0367
590,38.3077,53.0736,0.2879,34.2511,0.9882,1.3990,81.7337,9.0407
591,38.1991,55.5637,0.2894,28.5103,0.9922,1.4016,81.7660,9.0425
592,41.4274,59.3597,0.2758,24.1616,0.9782,1.3706,81.9252,9.0513
593,41.3869,60.3029,0.2769,24.9149,0.9791,1.3731,82.0320,9.0571
594,38.1045,53.9420,0.2892,32.2177,1.0168,1.3954,82.0803,9.0598
595,39.4961,60.9800,0.2869,25.0561,1.0307,1.3871,82.1635,9.0644
596,39.2308,52.1457,0.2830,32.4752,1.0240,1.3788,82.2503,9.0692
597,40.7897,60.5461,0.2801,24.5547,0.9879,1.3792,82.3394,9.0741
598,39.2665,51.6099,0.2828,34.4362,0.9989,1.3836,82.4787,9.0818
599,41.7866,53.7834,0.2705,32.3334,1.0351,1.3457,82.5283,9.0845
600,42.7693,60.3714,0.2701,23.8824,1.0153,1.3488,82.5288,9.0845
601,39.9043,56.8629,0.2816,27.9562,0.9488,1.3910,82.5571,9.0861
602,38.4523,53.0732,0.2872,32.4009,0.9757,1.3997,82.8630,9.1029
603,39.8879,52.3119,0.2797,31.9250,0.9531,1.3865,82.8753,9.1036
604,38.8781,53.2598,0.2851,34.5636,1.0188,1.3847,82.9163,9.1058
605,40.6434,60.7100,0.2810,26.5034,1.0427,1.3696,82.9462,9.1075
606,38.4034,56.6905,0.2890,29.5394,0.9672,1.4057,82.9712,9.1089
607,41.9088,58.3209,0.2725,28.4151,0.9381,1.3704,83.0568,9.1136
608,38.5979,52.5539,0.2863,33.6438,0.9697,1.3989,83.1421,9.1182
609,41.9104,51.5591,0.2694,33.8920,0.9559,1.3600,83.1686,9.1197
610,40.9119,61.6047,0.2805,23.4744,1.0339,1.3705,83.4084,9.1328
611,39.2197,59.9679,0.2874,27.8787,0.9831,1.3978,83.5634,9.1413
612,38.1702,53.5443,0.2888,32.4252,1.0159,1.3938,83.5671,9.1415
613,41.7395,51.7583,0.2702,34.4208,1.0040,1.3509,83.8076,9.1547
614,40.4234,56.3722,0.2787,29.2137,1.0696,1.3586,83.9034,9.1599
615,37.9651,53.9782,0.2899,31.5910,1.0157,1.3966,83.9721,9.1636
616,41.1417,60.6299,0.2784,26.6877,0.9683,1.3784,84.0710,9.1690
617,42.9218,60.0626,0.2690,24.5135,1.0224,1.3439,84.1055,9.1709
618,38.3907,56.5193,0.2890,32.4895,1.0365,1.3898,84.1648,9.1741
619,39.9185,60.4412,0.2843,24.7835,0.9956,1.3872,84.3033,9.1817
620,38.9680,52.5196,0.2844,32.9765,1.0258,1.3810,84.3095,9.1820
621,40.0316,52.8438,0.2791,33.7322,1.0332,1.3666,84.3799,9.1859
622,39.0191,60.6292,0.2890,25.7076,1.0446,1.3879,84.5875,9.1971
623,38.3026,57.4164,0.2900,28.1600,0.9834,1.4035,84.7452,9.2057
624,41.9382,61.0885,0.2749,25.7565,0.9828,1.3665,84.8297,9.2103
625,38.5856,52.2165,0.2863,34.4092,0.9914,1.3929,84.9424,9.2164
626,40.0629,52.0175,0.2788,34.1851,1.0240,1.3674,84.9468,9.2167
627,41.0451,50.8768,0.2737,33.9083,1.0009,1.3596,85.0121,9.2202
628,40.4185,51.8815,0.2770,34.2455,1.0226,1.3631,85.0169,9.2205
629,37.9767,53.6407,0.2898,33.5801,0.9985,1.3996,85.0695,9.2233
630,38.8317,55.4571,0.2862,32.2371,1.0460,1.3809,85.0736,9.2235
631,39.4747,51.1407,0.2816,35.1826,0.9917,1.3813,85.1347,9.2268
632,42.0255,52.1665,0.2689,32.5757,1.0191,1.3436,85.3046,9.2360
633,39.5821,60.9232,0.2865,22.3274,1.0381,1.3833,85.3532,9.2387
634,38.7276,52.4479,0.2856,34.1630,1.0125,1.3863,85.3671,9.2394
635,42.8512,60.4319,0.2697,26.3328,0.9879,1.3523,85.3744,9.2398
636,41.9416,61.5007,0.2753,23.3869,1.0093,1.3618,85.5809,9.2510
637,40.5177,59.6601,0.2806,28.0431,1.0525,1.3656,85.6442,9.2544
638,38.2355,53.2583,0.2883,32.2560,1.0211,1.3908,85.7213,9.2586
639,38.2681,53.2282,0.2882,32.5280,0.9728,1.4015,85.7221,9.2586
640,40.5246,52.7468,0.2766,33.5573,1.0353,1.3594,85.7901,9.2623
641,42.3997,58.9407,0.2706,27.8601,0.9453,1.3627,85.9505,9.2710
642,38.8001,51.8942,0.2852,33.7658,1.0011,1.3874,86.0006,9.2736
643,42.8609,60.5173,0.2697,26.0109,0.9943,1.3508,86.0208,9.2747
644,42.9014,60.4467,0.2695,25.5529,1.0042,1.3480,86.1048,9.2793
645,40.3962,61.1836,0.2827,24.7970,1.0506,1.3709,86.1365,9.2810
646,40.8079,61.8275,0.2813,23.8601,1.0180,1.3744,86.2548,9.2873
647,38.7732,59.2612,0.2890,25.3843,1.0041,1.3958,86.4586,9.2983
648,39.8378,55.7070,0.2812,29.9384,1.0690,1.3641,86.4727,9.2991
649,38.4625,52.4352,0.2870,32.7039,0.9891,1.3944,86.4914,9.3001
650,39.6847,51.7187,0.2807,34.9002,1.0156,1.3730,86.5426,9.3028
651,41.2367,52.9723,0.2731,33.7209,1.0319,1.3509,86.7553,9.3143
652,38.5562,52.1593,0.2865,33.2516,0.9958,1.3914,86.8959,9.3218
653,38.9673,54.2380,0.2850,31.0855,1.0557,1.3752,87.1016,9.3328
654,39.6800,52.7851,0.2809,32.6351,1.0431,1.3676,87.6400,9.3616
655,38.9178,60.3731,0.2892,26.5871,1.0038,1.3959,87.6680,9.3631
656,38.5191,52.0550,0.2866,34.3718,0.9814,1.3948,87.6800,9.3638
657,42.6736,60.7363,0.2709,24.2622,1.0256,1.3465,87.6984,9.3647
658,42.3350,60.9468,0.2728,25.7080,1.0210,1.3520,87.7475,9.3674
659,42.8756,59.2577,0.2685,26.1489,1.0375,1.3378,87.8683,9.3738
660,40.1592,50.5399,0.2781,36.3946,0.9553,1.3801,88.1145,9.3869
661,40.2596,54.9063,0.2787,28.9294,0.9377,1.3839,88.1880,9.3908
662,41.0662,61.7769,0.2800,25.5051,0.9940,1.3751,88.4254,9.4035
663,38.0443,53.1159,0.2893,32.1156,1.0062,1.3951,88.4631,9.4055
664,40.7310,60.8629,0.2807,23.0208,0.9972,1.3760,88.7643,9.4215
665,41.3252,51.9169,0.2724,31.1600,0.9516,1.3658,88.8141,9.4241
666,40.2508,54.0086,0.2784,33.3503,1.0448,1.3607,88.8489,9.4260
667,42.0295,52.3560,0.2689,34.4673,1.0124,1.3436,88.8618,9.4267
668,38.6028,53.3824,0.2865,32.0583,0.9509,1.4011,88.9035,9.4289
669,41.6768,52.2664,0.2707,33.2074,1.0284,1.3446,88.9903,9.4335
670,39.2479,61.1362,0.2883,25.3147,1.0191,1.3899,88.9991,9.4339
671,41.7948,60.9930,0.2755,23.5966,1.0528,1.3519,89.0051,9.4343
672,39.6526,61.5681,0.2868,24.2766,1.0381,1.3822,89.0075,9.4344
673,42.7443,60.0373,0.2699,23.0848,0.9905,1.3504,89.0156,9.4348
674,38.4530,53.0793,0.2872,33.8734,1.0237,1.3859,89.3352,9.4517
675,40.0787,51.8782,0.2787,32.7684,1.0376,1.3624,89.4073,9.4555
676,42.6195,59.5452,0.2700,27.0222,0.9536,1.3580,89.4096,9.4557
677,42.2291,53.2780,0.2681,33.4428,1.0238,1.3390,89.5492,9.4630
678,38.7706,51.6222,0.2853,34.5687,0.9995,1.3863,89.8786,9.4804
679,38.6810,52.1146,0.2858,31.7854,0.9834,1.3914,89.9169,9.4825
680,40.1357,61.6308,0.2844,23.3430,1.0177,1.3805,89.9788,9.4857
681,42.9501,59.9618,0.2688,25.8980,0.9701,1.3513,90.0416,9.4890
682,38.6006,51.8674,0.2862,34.3640,1.0010,1.3881,90.0686,9.4904
683,41.9388,53.7792,0.2698,32.0380,1.0431,1.3391,90.1732,9.4960
684,42.3767,61.5049,0.2732,22.3940,1.0257,1.3513,90.2156,9.4982
685,41.7344,61.0990,0.2759,24.9866,0.9774,1.3676,90.2593,9.5005
686,38.4363,53.3150,0.2873,30.0177,1.0512,1.3802,90.3397,9.5047
687,41.6086,50.7008,0.2708,33.0470,0.9915,1.3521,90.6348,9.5202
688,42.2324,60.0331,0.2724,23.6972,0.9775,1.3584,90.6851,9.5229
689,39.7073,51.0852,0.2805,34.5431,1.0146,1.3709,90.7520,9.5264
690,39.1127,51.3079,0.2835,35.2811,0.9498,1.3935,90.8334,9.5307
691,38.9770,51.6593,0.2842,34.4919,1.0135,1.3803,90.8977,9.5340
692,39.9355,50.5189,0.2793,36.0377,0.9941,1.3723,91.1514,9.5473
693,39.5843,61.2481,0.2868,25.4325,1.0031,1.3886,91.1809,9.5489
694,40.2193,60.3846,0.2828,24.5585,0.9816,1.3831,91.2065,9.5502
695,41.6722,52.0044,0.2706,35.3288,1.0124,1.3469,91.2893,9.5545
696,40.7500,50.9488,0.2752,36.0434,1.0052,1.3597,91.3033,9.5553
697,38.4538,55.9415,0.2883,29.7088,0.9516,1.4037,91.4350,9.5622
698,41.7983,61.5597,0.2761,24.0186,0.9903,1.3649,91.5732,9.5694
699,38.2159,52.3989,0.2882,34.0299,0.9703,1.3997,91.5924,9.5704
700,41.4350,50.4560,0.2717,35.3894,0.9847,1.3554,91.7760,9.5800
701,39.1875,60.3422,0.2879,26.6203,0.9851,1.3946,92.1931,9.6017
702,41.4075,61.3749,0.2778,24.0206,1.0521,1.3563,92.2645,9.6054
703,41.7659,51.9567,0.2702,34.1094,1.0213,1.3434,92.2770,9.6061
704,38.2873,52.1421,0.2878,34.1006,0.9729,1.3976,92.5067,9.6180
705,42.9696,60.4212,0.2691,25.9912,0.9723,1.3507,92.5511,9.6204
706,40.1418,60.7713,0.2835,24.9636,0.9823,1.3843,92.5822,9.6220
707,39.7661,50.8929,0.2801,34.7496,1.0134,1.3696,92.6892,9.6275
708,41.8069,51.2650,0.2698,34.7030,0.9347,1.3621,92.7540,9.6309
709,39.5599,59.5760,0.2853,26.6486,0.9651,1.3923,92.7560,9.6310
710,38.3686,52.2891,0.2874,33.1184,0.9689,1.3975,92.7783,9.6321
711,41.8196,62.0304,0.2765,25.0099,1.0114,1.3611,92.7852,9.6325
712,39.2139,59.3546,0.2869,25.9391,0.9770,1.3934,93.0936,9.6485
713,40.5221,51.6116,0.2764,35.5846,1.0199,1.3588,93.3091,9.6597
714,41.9850,61.6563,0.2753,23.9976,0.9900,1.3621,93.5593,9.6726
715,40.2678,50.0307,0.2776,36.5177,0.9707,1.3724,93.9843,9.6946
716,41.4370,50.2215,0.2716,36.8509,0.9619,1.3598,93.9929,9.6950
717,42.7198,61.3769,0.2713,25.5115,0.9935,1.3515,94.0572,9.6983
718,40.3615,50.0053,0.2771,36.9287,0.9636,1.3729,94.0888,9.6999
719,43.1048,60.5040,0.2685,23.9503,0.9889,1.3452,94.1195,9.7015
720,40.2507,61.4100,0.2836,25.9506,0.9813,1.3841,94.2637,9.7089
721,41.7991,60.5812,0.2751,23.8258,0.9751,1.3640,94.3309,9.7124
722,42.5052,61.6818,0.2727,24.0578,1.0143,1.3505,94.5284,9.7226
723,42.4277,61.3289,0.2727,24.0626,0.9862,1.3560,94.6604,9.7294
724,42.4624,58.8353,0.2702,26.6144,0.9438,1.3577,94.7088,9.7318
725,41.7438,60.5090,0.2753,25.5641,0.9603,1.3673,94.7126,9.7320
726,37.9867,53.2761,0.2896,32.9065,0.9591,1.4042,94.7922,9.7361
727,37.9090,52.6657,0.2898,33.4562,1.0012,1.3947,94.9472,9.7441
728,40.6695,53.7582,0.2762,33.0796,1.0512,1.3516,95.1066,9.7523
729,42.7627,60.4654,0.2702,24.0327,1.0458,1.3375,95.1101,9.7524
730,41.2086,61.8222,0.2793,22.1627,1.0053,1.3683,95.2362,9.7589
731,39.5484,52.7785,0.2816,33.5001,1.0446,1.3658,95.2526,9.7597
732,43.0389,60.1981,0.2685,25.0405,0.9722,1.3480,95.3318,9.7638
733,41.5560,54.7386,0.2721,32.4806,1.0497,1.3415,95.3366,9.7640
734,39.6752,52.2562,0.2808,34.2855,1.0366,1.3653,95.7393,9.7846
735,40.0606,50.0475,0.2786,36.2515,0.9869,1.3703,95.8132,9.7884
736,40.7669,50.9453,0.2751,35.3420,1.0166,1.3551,95.8833,9.7920
737,41.6740,61.9594,0.2772,24.3819,0.9883,1.3660,95.9238,9.7941
738,38.1680,52.7570,0.2886,33.2845,1.0274,1.3855,95.9747,9.7967
739,40.0314,62.2461,0.2856,23.5722,1.0334,1.3774,96.0027,9.7981
740,40.3313,51.7679,0.2774,33.8497,1.0375,1.3565,96.0887,9.8025
741,38.2627,51.7423,0.2879,35.6635,0.9626,1.3987,96.1549,9.8059
742,38.0301,53.1466,0.2894,33.3543,0.9509,1.4050,96.2036,9.8083
743,39.6631,61.2074,0.2863,24.5274,1.0682,1.3719,96.2232,9.8093
744,40.5408,50.2047,0.2762,34.5751,0.9625,1.3700,96.3298,9.8148
745,41.5118,62.4096,0.2785,22.0516,1.0184,1.3631,96.5011,9.8235
746,40.5893,49.8640,0.2759,36.0655,0.9767,1.3658,96.5300,9.8250
747,39.8220,61.3496,0.2857,22.9104,1.0757,1.3690,96.5446,9.8257
748,38.0858,52.7799,0.2890,33.3097,1.0257,1.3866,96.5470,9.8258
749,40.0416,61.2628,0.2845,24.2205,1.0695,1.3672,96.5491,9.8259
750,39.1145,61.6703,0.2895,25.3177,1.0246,1.3883,96.5747,9.8272
751,41.2879,62.4494,0.2796,22.7438,1.0137,1.3667,96.7533,9.8363
752,41.2281,57.4351,0.2753,27.1732,0.9308,1.3719,96.7579,9.8366
753,40.4683,59.9738,0.2811,24.2488,0.9711,1.3786,96.7909,9.8382
754,42.4102,59.9742,0.2715,26.9111,1.0432,1.3401,96.9342,9.8455
755,40.7437,49.9209,0.2752,36.2737,0.9878,1.3611,96.9568,9.8467
756,39.8558,51.0926,0.2797,36.4235,1.0120,1.3670,97.0041,9.8491
757,41.3438,52.9163,0.2725,31.6321,0.9191,1.3690,97.3759,9.8679
758,40.0227,61.6261,0.2850,23.5796,1.0035,1.3815,97.3773,9.8680
759,39.2114,61.5523,0.2889,23.8105,1.0243,1.3867,97.3853,9.8684
760,41.7203,62.2991,0.2773,25.1727,0.9927,1.3649,97.4080,9.8696
761,39.4975,50.3378,0.2815,35.4458,0.9989,1.3737,97.9776,9.8984
762,39.7207,51.7846,0.2805,34.7952,1.0319,1.3644,98.0446,9.9017
763,39.1885,51.4534,0.2831,34.1499,1.0281,1.3715,98.0473,9.9019
764,39.5643,60.6375,0.2863,24.6446,0.9877,1.3875,98.1026,9.9047
765,41.0542,49.9990,0.2736,34.7939,0.9690,1.3611,98.1193,9.9055
766,39.1152,61.7604,0.2896,25.1852,1.0447,1.3835,98.1739,9.9083
767,40.8839,58.4108,0.2777,27.7591,0.9274,1.3782,98.2176,9.9105
768,39.8424,50.6117,0.2797,34.3321,1.0202,1.3647,98.2820,9.9137
769,37.9172,52.3944,0.2897,32.5837,0.9999,1.3933,98.3256,9.9159
770,38.2066,51.6729,0.2881,34.5567,0.9838,1.3932,98.4062,9.9200
771,40.4565,60.6217,0.2818,25.7140,0.9621,1.3814,98.6781,9.9337
772,41.0287,50.0904,0.2737,35.3479,1.0015,1.3537,98.7888,9.9393
773,38.9781,50.6303,0.2841,34.6497,0.9853,1.3828,99.0139,9.9506
774,38.4489,51.2079,0.2869,35.8082,0.9622,1.3951,99.0839,9.9541
775,39.2213,50.8997,0.2829,33.8404,0.9571,1.3866,99.1143,9.9556
776,41.1869,58.0179,0.2759,27.0430,0.9302,1.3724,99.2024,9.9600
777,40.3899,62.3723,0.2840,23.6119,1.0464,1.3694,99.2966,9.9648
778,41.5511,50.5777,0.2711,36.7629,0.9959,1.3481,99.3720,9.9686
779,40.0310,49.9492,0.2788,35.9451,0.9971,1.3667,99.6527,9.9826
780,39.3154,59.2939,0.2863,26.7179,0.9587,1.3928,99.6533,9.9827
781,40.1482,60.8396,0.2836,25.8114,0.9667,1.3843,99.8178,9.9909
782,42.4326,60.7370,0.2721,24.3304,0.9684,1.3554,99.9733,9.9987
783,38.9569,60.6744,0.2893,23.7663,1.0101,1.3894,100.0888,10.0044
784,41.3350,49.9212,0.2722,34.9938,0.9896,1.3519,100.0910,10.0046
785,40.0135,50.8081,0.2789,36.3082,1.0145,1.3630,100.4779,10.0239
786,39.3685,50.9265,0.2822,36.8653,1.0074,1.3724,100.5016,10.0250
787,42.0640,50.9789,0.2685,36.7709,0.9922,1.3420,100.5210,10.0260
788,38.0965,51.8137,0.2887,33.6833,1.0031,1.3891,100.5404,10.0270
789,42.6961,61.8098,0.2719,21.7089,1.0372,1.3416,100.7733,10.0386
790,41.9344,50.1850,0.2691,35.1711,0.9692,1.3488,100.8376,10.0418
791,39.6027,61.1960,0.2866,24.0008,1.0783,1.3688,100.9695,10.0484
792,41.4264,49.9284,0.2717,36.2399,0.9872,1.3508,101.2371,10.0617
793,38.5916,50.9739,0.2861,34.9380,0.9646,1.3916,101.4969,10.0746
794,40.4783,62.3120,0.2835,23.8548,1.0518,1.3660,101.5456,10.0770
795,40.5828,61.7543,0.2823,25.5853,0.9741,1.3792,101.5624,10.0778
796,41.4471,49.8231,0.2716,35.8566,0.9661,1.3554,101.6249,10.0809
797,38.8238,58.8750,0.2884,27.2547,0.9599,1.3970,101.6290,10.0811
798,41.9606,62.2983,0.2761,21.1798,1.0115,1.3566,101.6292,10.0811
799,41.2495,62.5883,0.2800,21.0794,1.0209,1.3642,101.6384,10.0816
800,38.9887,50.9141,0.2841,32.4453,1.0275,1.3722,101.6837,10.0838
801,43.2697,61.2230,0.2684,23.3721,1.0163,1.3364,101.7806,10.0886
802,39.3765,50.1148,0.2821,36.1608,0.9928,1.3749,101.8212,10.0906
803,38.5811,51.0690,0.2862,34.3222,0.9659,1.3912,101.8583,10.0925
804,39.5734,60.2509,0.2859,27.3148,0.9549,1.3916,102.0744,10.1032
805,42.5656,61.0807,0.2718,24.3970,0.9702,1.3534,102.1262,10.1058
806,38.0760,52.8536,0.2890,33.4388,1.0358,1.3823,102.1814,10.1085
807,38.1040,51.6023,0.2887,33.9150,0.9956,1.3899,102.2997,10.1143
808,37.8718,52.1150,0.2899,33.0899,0.9887,1.3946,102.4171,10.1201
809,40.6134,49.5130,0.2758,36.3695,0.9812,1.3619,102.5336,10.1259
810,40.9618,62.4653,0.2812,20.9368,1.0201,1.3671,102.5592,10.1272
811,42.5987,62.1873,0.2728,22.3709,1.0248,1.3454,102.5828,10.1283
812,41.6329,49.8785,0.2706,36.3822,0.9792,1.3495,102.5916,10.1288
813,41.6930,60.8334,0.2759,23.5197,0.9700,1.3630,102.8516,10.1416
814,42.0099,50.1190,0.2687,36.6402,0.9521,1.3511,102.8926,10.1436
815,38.6673,51.0747,0.2857,34.8670,1.0135,1.3786,102.9137,10.1446
816,39.7955,61.2227,0.2857,25.4259,0.9777,1.3860,103.0105,10.1494
817,41.4101,51.6628,0.2719,33.9059,1.0379,1.3400,103.0251,10.1501
818,42.8615,60.0505,0.2693,26.1639,0.9490,1.3508,103.0921,10.1534
819,38.7388,50.8817,0.2854,35.0125,1.0103,1.3782,103.3040,10.1639
820,39.4498,49.9227,0.2817,38.5746,0.9763,1.3770,103.4401,10.1706
821,41.6115,57.8498,0.2737,27.3709,1.0829,1.3358,103.4838,10.1727
822,37.8660,52.2244,0.2900,34.2661,1.0134,1.3885,103.5385,10.1754
823,42.0952,51.0829,0.2684,35.6015,1.0076,1.3370,103.6249,10.1796
824,40.2850,49.6679,0.2775,37.6439,0.9893,1.3635,103.7728,10.1869
825,40.6288,59.4024,0.2798,25.5567,0.9465,1.3767,104.1258,10.2042
826,41.9134,49.9094,0.2692,36.9771,0.9670,1.3480,104.3660,10.2160
827,42.0973,61.8660,0.2750,23.4767,0.9810,1.3582,104.3828,10.2168
828,41.3642,61.8498,0.2786,24.6615,0.9718,1.3689,104.4728,10.2212
829,40.5642,51.6791,0.2762,33.5385,1.0477,1.3482,104.4729,10.2212
830,40.7364,62.4042,0.2823,24.3158,0.9900,1.3745,104.5173,10.2234
831,39.0835,61.4469,0.2895,24.4522,1.0058,1.3886,104.6254,10.2287
832,39.2284,59.6004,0.2870,25.3539,0.9698,1.3899,104.6474,10.2297
833,39.4572,61.5913,0.2877,24.2263,0.9994,1.3858,104.7062,10.2326
834,39.7065,51.7753,0.2806,33.5901,1.0481,1.3585,105.0414,10.2490
835,42.7920,60.2453,0.2698,26.0234,0.9484,1.3513,105.0786,10.2508
836,42.8380,61.5782,0.2710,23.7091,0.9817,1.3479,105.0942,10.2515
837,39.8503,62.0451,0.2863,24.7613,0.9936,1.3831,105.4835,10.2705
838,40.6399,49.5341,0.2757,35.6903,0.9608,1.3652,105.5045,10.2715
839,40.6011,61.9432,0.2824,23.6654,0.9858,1.3752,105.5664,10.2746
840,38.6589,59.4417,0.2897,26.3368,0.9725,1.3956,105.9141,10.2915
841,41.0734,62.9487,0.2813,23.5907,1.0052,1.3684,105.9712,10.2942
842,38.4392,52.6636,0.2872,33.1668,1.0480,1.3739,105.9951,10.2954
843,39.0679,50.8321,0.2837,33.9562,1.0294,1.3690,106.0644,10.2988
844,40.1672,62.6428,0.2854,21.7114,1.0259,1.3743,106.1775,10.3042
845,41.0208,51.0712,0.2738,34.9399,1.0319,1.3446,106.1897,10.3048
846,39.5782,50.7551,0.2811,36.9823,1.0141,1.3659,106.3462,10.3124
847,42.5139,62.5440,0.2737,22.5802,1.0062,1.3495,106.3483,10.3125
848,40.6851,50.2178,0.2755,36.0845,1.0156,1.3517,106.5340,10.3215
849,41.9040,61.2007,0.2752,24.0107,0.9653,1.3606,106.5832,10.3239
850,40.4600,59.2830,0.2806,26.5159,1.0888,1.3502,106.6224,10.3258
851,38.0261,51.9334,0.2891,32.9178,1.0305,1.3815,106.6726,10.3282
852,40.9083,61.9251,0.2809,22.7727,0.9880,1.3705,106.7277,10.3309
853,42.8275,62.1809,0.2717,20.7429,1.0182,1.3423,106.7329,10.3312
854,38.7550,51.8634,0.2854,33.3027,0.9325,1.3948,106.8466,10.3367
855,39.1614,59.9823,0.2877,25.5229,0.9706,1.3904,106.8551,10.3371
856,40.5331,52.3770,0.2765,34.0627,1.0508,1.3475,106.9928,10.3437
857,39.1124,50.2036,0.2834,34.6664,1.0106,1.3719,107.0033,10.3442
858,38.6751,50.4264,0.2857,34.7607,0.9880,1.3824,107.0043,10.3443
859,40.2546,49.8320,0.2776,35.8035,1.0116,1.3576,107.0494,10.3465
860,42.1171,51.1805,0.2683,34.8119,1.0199,1.3327,107.2921,10.3582
861,39.2132,51.7810,0.2831,33.9521,1.0452,1.3641,107.3094,10.3590
862,40.8533,50.4098,0.2746,34.6386,1.0287,1.3465,107.5082,10.3686
863,38.7819,60.4389,0.2900,25.6527,0.9841,1.3931,107.5205,10.3692
864,39.1993,58.4933,0.2862,26.0560,0.9535,1.3899,107.5382,10.3701
865,39.1166,50.9125,0.2834,34.3438,0.9340,1.3893,108.2145,10.4026
866,39.0524,58.6840,0.2871,26.9129,0.9484,1.3930,108.2403,10.4039
867,41.5649,49.4128,0.2710,37.9603,0.9573,1.3531,108.3548,10.4094
868,40.5259,49.6671,0.2763,34.8268,0.9526,1.3671,108.7284,10.4273
869,39.5305,62.6804,0.2886,23.5690,1.0254,1.3806,108.7805,10.4298
870,42.6294,62.6237,0.2732,22.7431,1.0060,1.3473,108.7959,10.4305
871,40.3284,63.1080,0.2851,22.4650,1.0416,1.3692,108.8020,10.4308
872,40.4819,49.7340,0.2765,35.6500,0.9401,1.3707,108.8554,10.4334
873,40.0759,61.5135,0.2846,25.0443,0.9719,1.3817,108.9221,10.4366
874,40.0341,49.2587,0.2788,36.3248,0.9842,1.3656,108.9619,10.4385
875,41.0771,53.0690,0.2739,34.9759,1.0446,1.3415,108.9695,10.4388
876,40.9731,62.6299,0.2814,23.9559,0.9872,1.3708,109.1582,10.4479
877,40.6584,49.3051,0.2756,36.9226,0.9937,1.3556,109.1898,10.4494
878,39.5981,50.6523,0.2810,38.1207,1.0079,1.3657,109.2549,10.4525
879,39.4896,62.7813,0.2889,23.5584,1.0328,1.3796,109.2940,10.4544
880,38.8443,51.3713,0.2849,35.3498,1.0298,1.3705,109.3795,10.4585
881,39.8626,49.3376,0.2796,36.5508,0.9623,1.3729,109.3863,10.4588
882,39.7442,49.4704,0.2802,34.6968,0.9910,1.3675,109.4134,10.4601
883,41.0264,63.1151,0.2817,20.6109,1.0542,1.3585,109.4598,10.4623
884,39.1573,50.3857,0.2832,35.1481,1.0207,1.3682,109.4600,10.4623
885,38.7627,50.0058,0.2852,37.0050,0.9709,1.3842,109.5411,10.4662
886,41.5109,63.1900,0.2794,22.5943,1.0324,1.3568,109.5886,10.4685
887,39.6010,49.9444,0.2809,36.6159,1.0087,1.3652,109.6382,10.4708
888,41.4370,60.3854,0.2767,24.3923,0.9520,1.3652,109.7923,10.4782
889,38.6886,50.3702,0.2856,36.7019,0.9378,1.3933,109.8179,10.4794
890,43.1093,60.3660,0.2684,22.6089,0.9731,1.3406,109.8397,10.4804
891,38.0559,52.8292,0.2891,35.0760,1.0342,1.3797,109.8573,10.4813
892,41.0370,53.2395,0.2742,31.3784,1.0748,1.3363,110.0227,10.4892
893,39.4636,60.1562,0.2863,25.8160,0.9590,1.3879,110.0644,10.4912
894,41.0474,62.7215,0.2811,21.7514,1.0039,1.3665,110.1144,10.4935
895,41.5188,53.6716,0.2719,33.6503,1.0539,1.3341,110.3818,10.5063
896,38.9940,49.8997,0.2840,34.9052,0.9801,1.3787,110.5549,10.5145
897,40.7286,59.6333,0.2795,25.3059,0.9424,1.3736,110.6661,10.5198
898,41.6086,63.3375,0.2791,22.1982,1.0171,1.3587,110.8789,10.5299
899,40.0031,62.0608,0.2855,23.1535,0.9949,1.3785,111.0415,10.5376
900,42.7586,62.0332,0.2719,23.7998,0.9778,1.3483,111.1114,10.5409
901,41.1328,49.2478,0.2732,36.3866,0.9925,1.3491,111.1721,10.5438
902,39.2722,50.9363,0.2827,35.5858,1.0300,1.3644,111.1753,10.5440
903,40.7707,63.1020,0.2829,21.4751,1.0181,1.3677,111.2742,10.5487
904,40.0215,61.7465,0.2851,23.3102,0.9879,1.3787,111.3322,10.5514
905,42.0297,60.7003,0.2741,24.5844,1.0727,1.3349,111.3571,10.5526
906,38.7776,51.9140,0.2853,34.6853,1.0418,1.3684,111.4306,10.5561
907,39.8644,61.6030,0.2857,23.3451,0.9884,1.3801,111.4819,10.5585
908,41.0285,62.6356,0.2811,24.0283,0.9823,1.3699,111.7560,10.5715
909,40.1747,49.1318,0.2781,35.3224,0.9904,1.3612,111.8755,10.5771
910,41.8999,62.3069,0.2764,24.3957,0.9703,1.3605,112.1983,10.5924
911,41.6776,63.0476,0.2784,21.5514,1.0051,1.3587,112.3457,10.5993
912,42.5550,62.7446,0.2737,20.7405,1.0427,1.3401,112.3651,10.6002
913,39.8175,63.1606,0.2877,23.2403,1.0350,1.3750,112.3758,10.6007
914,38.1636,51.6188,0.2884,34.3631,0.9348,1.3992,112.5928,10.6110
915,41.6993,50.1072,0.2703,35.6010,1.0148,1.3363,113.0450,10.6323
916,40.1748,49.2539,0.2781,36.4738,0.9475,1.3710,113.0667,10.6333
917,38.1304,50.9408,0.2884,36.0074,1.0047,1.3826,113.1750,10.6384
918,42.0029,49.4772,0.2688,37.5003,0.9695,1.3425,113.2492,10.6419
919,42.1728,61.8575,0.2746,24.3463,0.9631,1.3566,113.3958,10.6487
920,41.4200,49.6429,0.2717,36.3772,1.0058,1.3416,113.4334,10.6505
921,39.6876,61.4525,0.2865,24.4149,0.9777,1.3830,113.6654,10.6614
922,40.0619,49.4969,0.2786,35.4598,1.0162,1.3562,113.7361,10.6647
923,40.3668,62.1854,0.2839,23.3627,0.9849,1.3752,113.7388,10.6648
924,40.8968,62.5178,0.2816,23.2770,1.0668,1.3533,113.9921,10.6767
925,40.7282,60.5795,0.2804,24.0058,0.9565,1.3715,114.2788,10.6901
926,42.5651,62.0644,0.2729,23.1577,0.9755,1.3496,114.4027,10.6959
927,37.8298,51.1316,0.2900,36.8449,0.9895,1.3891,114.4246,10.6969
928,38.0279,50.9184,0.2890,36.4443,0.9986,1.3846,114.4971,10.7003
929,38.1770,52.9592,0.2886,33.8251,1.0521,1.3730,114.5581,10.7032
930,43.0651,60.1093,0.2683,24.9759,0.9463,1.3434,114.6548,10.7077
931,41.3460,61.3278,0.2781,21.0911,0.9840,1.3606,114.6830,10.7090
932,41.5406,49.4395,0.2711,37.5922,0.9922,1.3424,114.8573,10.7172
933,39.5402,61.1795,0.2869,24.2241,0.9773,1.3835,114.9359,10.7208
934,41.0594,49.6256,0.2736,36.5521,1.0117,1.3442,115.0071,10.7241
935,40.0705,63.3486,0.2867,22.8783,1.0246,1.3735,115.1477,10.7307
936,41.1524,63.4178,0.2814,23.5119,1.0006,1.3657,115.2112,10.7336
937,41.0291,62.9315,0.2815,22.2859,0.9960,1.3665,115.2871,10.7372
938,42.8515,58.9660,0.2683,26.6685,1.0681,1.3200,115.3818,10.7416
939,41.8704,63.1493,0.2776,23.8423,0.9869,1.3587,115.5490,10.7494
940,39.9566,50.6560,0.2792,33.9828,1.0467,1.3509,115.5592,10.7498
941,40.0973,62.6066,0.2857,21.2379,1.0135,1.3733,115.6864,10.7558
942,43.2298,62.2768,0.2698,23.0351,0.9908,1.3388,115.7778,10.7600
943,41.1488,48.9147,0.2732,36.0783,0.9722,1.3517,115.7888,10.7605
944,39.5610,59.9124,0.2856,25.4696,0.9516,1.3847,115.9478,10.7679
945,41.6678,50.1793,0.2705,36.0421,1.0177,1.3350,115.9779,10.7693
946,41.9371,50.4548,0.2691,36.2313,1.0152,1.3321,116.0183,10.7712
947,42.1033,49.4601,0.2683,36.9472,0.9781,1.3380,116.1058,10.7752
948,42.9806,60.4024,0.2690,22.9489,0.9614,1.3415,116.1287,10.7763
949,40.8016,63.6551,0.2834,22.1685,1.0357,1.3632,116.2429,10.7816
950,40.8816,63.5322,0.2829,21.4740,1.0200,1.3651,116.3328,10.7858
951,41.4519,49.2077,0.2716,35.5279,1.0016,1.3408,116.4321,10.7904
952,40.9668,61.9171,0.2806,22.1983,0.9805,1.3666,116.5626,10.7964
953,42.9941,62.5184,0.2713,23.0875,0.9877,1.3426,116.5709,10.7968
954,39.9161,63.3961,0.2875,21.3141,1.0450,1.3710,116.5951,10.7979
955,41.6367,49.0463,0.2707,36.2065,0.9747,1.3445,116.6785,10.8018
956,37.9157,50.8130,0.2895,35.4248,0.9592,1.3943,116.8286,10.8087
957,43.1936,62.5525,0.2703,23.2529,0.9999,1.3379,116.8485,10.8096
958,40.4194,48.9662,0.2768,36.5724,0.9502,1.3657,116.8698,10.8106
959,43.1619,62.6211,0.2706,22.0828,1.0167,1.3353,116.9823,10.8158
960,42.2035,63.1030,0.2759,20.3346,1.0543,1.3412,117.0919,10.8209
961,40.4846,60.9104,0.2819,24.1679,0.9572,1.3739,117.1989,10.8258
962,39.5526,49.4538,0.2812,35.8237,1.0144,1.3613,117.2065,10.8262
963,38.7837,51.2165,0.2852,35.7075,1.0346,1.3670,117.2077,10.8263
964,39.5648,49.9720,0.2811,35.9467,1.0245,1.3591,117.2079,10.8263
965,40.7126,48.8932,0.2754,37.3611,0.9439,1.3634,117.3394,10.8323
966,41.5082,49.6782,0.2713,34.1228,1.0256,1.3346,117.5899,10.8439
967,41.3249,63.6120,0.2808,21.7019,1.0439,1.3546,117.6737,10.8478
968,40.2944,48.7793,0.2775,37.3138,0.9525,1.3662,117.9335,10.8597
969,40.0253,48.7630,0.2789,37.5089,0.9866,1.3613,118.0314,10.8642
970,39.5003,62.6818,0.2887,22.2561,1.0164,1.3788,118.1184,10.8682
971,41.3681,60.9366,0.2776,22.6120,0.9630,1.3613,118.3378,10.8783
972,38.8874,50.9914,0.2846,37.0087,1.0253,1.3670,118.4287,10.8825
973,42.9941,62.8200,0.2716,22.9499,1.0173,1.3370,118.5023,10.8859
974,39.4127,62.7953,0.2893,21.1557,1.0314,1.3771,118.6436,10.8924
975,39.0593,49.3389,0.2837,37.4002,0.9425,1.3836,118.7081,10.8953
976,41.8751,62.7602,0.2771,22.2782,0.9840,1.3565,118.7209,10.8959
977,40.5564,63.7089,0.2847,22.2585,1.0217,1.3678,119.0659,10.9117
978,38.3415,51.0481,0.2874,36.0026,1.0262,1.3730,119.2289,10.9192
979,38.2602,50.1968,0.2877,36.9181,0.9961,1.3800,119.4468,10.9292
980,43.1710,61.0280,0.2687,23.9691,1.0552,1.3218,119.4480,10.9292
981,42.2377,62.2182,0.2747,21.9956,0.9780,1.3512,119.4833,10.9308
982,40.7751,48.8956,0.2751,35.3542,0.9602,1.3576,119.5372,10.9333
983,39.3635,63.0477,0.2898,23.7724,1.0162,1.3807,119.5693,10.9348
984,40.5080,63.0199,0.2841,21.9798,1.0007,1.3701,120.0299,10.9558
985,43.0948,62.8484,0.2712,22.6227,1.0182,1.3350,120.2942,10.9679
986,40.9813,48.6102,0.2740,37.4387,0.9852,1.3488,120.3186,10.9690
987,40.4170,49.9728,0.2768,37.5140,1.0196,1.3484,120.3261,10.9693
988,41.4891,54.0215,0.2721,30.6620,1.0872,1.3252,120.4155,10.9734
989,43.3283,61.9458,0.2690,23.1294,1.0375,1.3255,120.4604,10.9754
990,38.3999,50.8114,0.2871,34.5707,1.0353,1.3698,120.5170,10.9780
991,38.8588,49.9002,0.2847,34.6166,1.0260,1.3659,120.6322,10.9833
992,39.9249,49.1674,0.2793,39.3866,0.9934,1.3596,120.7490,10.9886
993,40.5486,61.4400,0.2822,24.0812,0.9585,1.3726,120.8882,10.9949
994,41.2647,63.6311,0.2811,22.8394,1.0435,1.3539,120.9213,10.9964
995,42.3858,62.8914,0.2747,24.8459,1.0289,1.3408,121.4286,11.0195
996,40.1744,62.8079,0.2855,23.2696,0.9898,1.3749,121.4379,11.0199
997,41.0087,62.8449,0.2815,21.8070,0.9901,1.3648,121.5028,11.0228
998,43.5985,62.3286,0.2681,23.1197,1.0030,1.3297,121.5093,11.0231
999,38.4323,49.8820,0.2869,36.3636,1.0028,1.3754,121.7784,11.0353
1000,41.9586,49.6265,0.2690,37.3761,1.0010,1.3321,122.0760,11.0488
1001,40.8894,48.4018,0.2745,38.7195,0.9745,1.3515,122.3865,11.0628
1002,39.6539,51.2773,0.2808,35.8950,1.0455,1.3524,122.4667,11.0665
1003,39.0929,50.0296,0.2835,35.6519,1.0299,1.3616,122.5472,11.0701
1004,41.8070,60.1886,0.2747,23.9791,0.9400,1.3560,122.6906,11.0766
1005,40.5335,63.7306,0.2849,21.5126,1.0184,1.3673,122.7097,11.0774
1006,42.7845,62.4954,0.2723,21.9568,0.9813,1.3434,122.7245,11.0781
1007,40.8672,63.4979,0.2829,21.8542,1.0025,1.3656,122.7772,11.0805
1008,38.6375,50.6161,0.2859,34.4287,1.0411,1.3648,122.9921,11.0902
1009,40.0305,49.1441,0.2788,37.0862,1.0135,1.3532,123.1235,11.0961
1010,42.5206,56.7920,0.2684,27.5544,1.0930,1.3131,123.1577,11.0976
1011,40.3204,48.4184,0.2774,37.1433,0.9876,1.3553,123.2243,11.1006
1012,41.7646,49.7798,0.2700,35.7178,1.0221,1.3298,123.2578,11.1022
1013,39.0719,49.2386,0.2837,35.8049,1.0093,1.3656,123.4010,11.1086
1014,42.3161,63.3330,0.2756,21.5612,0.9941,1.3490,123.6211,11.1185
1015,41.2138,61.2146,0.2786,24.2927,0.9460,1.3647,123.7008,11.1221
1016,41.4019,49.5041,0.2718,36.3540,1.0195,1.3346,123.8122,11.1271
1017,40.3166,61.0416,0.2829,25.1137,0.9451,1.3756,123.8726,11.1298
1018,41.8899,64.0439,0.2786,20.6274,1.0291,1.3496,124.0924,11.1397
1019,41.3182,49.6732,0.2722,35.1613,0.9186,1.3582,124.2266,11.1457
1020,40.9569,48.3228,0.2742,38.0156,0.9610,1.3532,124.2831,11.1482
1021,40.5124,57.9648,0.2793,27.1470,0.9068,1.3728,124.3685,11.1521
1022,38.4896,49.4228,0.2866,36.5057,0.9698,1.3813,124.4127,11.1540
1023,41.6864,62.8008,0.2781,22.7578,0.9740,1.3582,124.4355,11.1551
1024,39.7256,62.4064,0.2873,24.1193,0.9805,1.3796,124.5012,11.1580
1025,39.9229,62.6571,0.2866,24.7043,0.9767,1.3787,124.5426,11.1599
1026,40.5687,48.2304,0.2762,38.1096,0.9747,1.3545,124.7945,11.1711
1027,37.9144,50.8609,0.2895,36.0169,1.0215,1.3765,124.9933,11.1800
1028,39.1332,61.8950,0.2897,24.1119,0.9855,1.3841,125.0082,11.1807
1029,40.6208,61.6777,0.2821,24.7483,0.9500,1.3719,125.3262,11.1949
1030,43.4209,62.8321,0.2695,21.6881,1.0213,1.3283,125.3749,11.1971
1031,39.2129,48.8298,0.2830,36.0966,0.9695,1.3721,125.5135,11.2033
1032,40.9497,48.3995,0.2742,36.7603,0.9938,1.3451,125.5273,11.2039
1033,43.4467,62.0517,0.2685,23.7402,1.0333,1.3230,125.5592,11.2053
1034,40.8334,62.3320,0.2817,23.1174,0.9686,1.3675,125.7679,11.2146
1035,42.5644,63.2944,0.2743,21.9825,0.9888,1.3459,125.7866,11.2155
1036,42.7869,63.4981,0.2735,22.0288,0.9984,1.3421,125.8101,11.2165
1037,42.1496,63.6813,0.2769,22.4544,1.0372,1.3427,125.9094,11.2209
1038,40.1351,63.8024,0.2869,21.8753,1.0197,1.3703,126.1916,11.2335
1039,43.3648,62.0506,0.2689,24.6732,1.0299,1.3242,126.3865,11.2422
1040,38.6984,49.5991,0.2855,38.9700,0.9974,1.3712,126.5657,11.2501
1041,41.4097,61.3753,0.2778,24.8504,0.9391,1.3626,126.7124,11.2567
1042,38.1438,50.0862,0.2883,36.5497,1.0106,1.3749,127.0826,11.2731
1043,41.4485,49.0470,0.2716,38.8323,0.9971,1.3372,127.1195,11.2747
1044,38.4933,49.4100,0.2866,36.5252,0.9993,1.3730,127.2537,11.2807
1045,39.8735,58.1386,0.2826,27.4878,0.9071,1.3799,127.4164,11.2879
1046,40.1210,48.3679,0.2784,36.6032,1.0011,1.3528,127.6644,11.2989
1047,42.5930,63.3227,0.2742,22.1729,1.0431,1.3344,127.6905,11.3000
1048,39.9059,48.2284,0.2795,37.6459,0.9800,1.3602,127.7802,11.3040
1049,43.0375,62.3343,0.2708,22.8508,0.9683,1.3399,127.8031,11.3050
1050,39.7933,48.3771,0.2801,37.8303,0.9925,1.3586,127.9811,11.3129
1051,38.0404,51.6071,0.2890,33.8157,1.0547,1.3676,128.0404,11.3155
1052,41.4175,48.5877,0.2718,39.2134,0.9854,1.3398,128.0532,11.3161
1053,42.1348,48.8317,0.2682,35.9906,0.9862,1.3307,128.1238,11.3192
1054,39.5050,63.3235,0.2894,22.9887,1.0090,1.3775,128.2493,11.3247
1055,40.9661,62.5815,0.2814,21.7653,0.9792,1.3635,128.2603,11.3252
1056,40.0716,48.4553,0.2787,36.4850,1.0072,1.3518,128.2940,11.3267
1057,38.4080,49.4284,0.2870,37.3711,0.9953,1.3745,128.3299,11.3283
1058,38.7633,48.9139,0.2852,36.8162,0.9742,1.3751,128.4479,11.3335
1059,42.7610,63.0462,0.2731,21.6744,0.9833,1.3423,128.8933,11.3531
1060,43.1644,62.0061,0.2698,24.8968,1.0395,1.3234,128.9494,11.3556
1061,39.8737,48.8355,0.2796,36.5010,1.0187,1.3515,129.1341,11.3637
1062,39.9394,52.4328,0.2795,35.1441,1.0642,1.3437,129.2106,11.3671
1063,40.1919,63.8176,0.2866,21.5255,1.0150,1.3693,129.3345,11.3725
1064,39.2966,48.5634,0.2826,38.0649,0.9916,1.3641,129.4507,11.3776
1065,42.2003,62.9568,0.2757,22.9014,1.0594,1.3338,129.5998,11.3842
1066,41.6645,50.9514,0.2705,36.1037,1.0404,1.3253,129.6013,11.3843
1067,40.7213,48.6573,0.2754,37.8446,0.9184,1.3642,129.6041,11.3844
1068,41.6278,48.7649,0.2707,37.5366,1.0008,1.3332,129.6679,11.3872
1069,38.5225,49.0836,0.2865,36.9347,0.9576,1.3815,129.8259,11.3941
1070,40.4894,47.9005,0.2766,38.9415,0.9694,1.3544,130.4410,11.4211
1071,41.4447,64.2283,0.2810,22.0543,1.0023,1.3576,130.6721,11.4312
1072,43.3158,61.4608,0.2685,24.0087,0.9489,1.3359,130.8677,11.4397
1073,39.9006,63.0536,0.2872,24.2763,1.0755,1.3574,130.9311,11.4425
1074,39.8529,63.9720,0.2885,21.7676,1.0227,1.3712,131.4709,11.4661
1075,38.9564,49.7529,0.2842,34.9269,1.0408,1.3571,131.8631,11.4832
1076,40.1496,47.9168,0.2784,38.1725,0.9762,1.3564,131.9017,11.4848
1077,40.5330,64.3859,0.2857,22.2029,1.0176,1.3651,132.4302,11.5078
1078,43.5182,62.7671,0.2690,22.3085,0.9807,1.3312,132.4367,11.5081
1079,41.8390,63.8928,0.2787,19.7432,1.0058,1.3505,132.5309,11.5122
1080,39.1427,48.9618,0.2833,36.9440,1.0163,1.3594,132.5878,11.5147
1081,40.8424,47.9866,0.2748,36.8688,0.9930,1.3436,132.6931,11.5192
1082,42.7392,63.8853,0.2742,19.8035,1.0449,1.3324,132.8169,11.5246
1083,42.6012,64.0564,0.2751,21.9198,1.0256,1.3378,132.8989,11.5282
1084,39.8975,47.9168,0.2796,38.2032,0.9707,1.3603,133.0969,11.5368
1085,43.2604,63.4962,0.2712,21.8047,1.0227,1.3286,133.2385,11.5429
1086,40.9637,48.4951,0.2741,38.0422,1.0070,1.3387,133.3000,11.5456
1087,40.4617,63.8797,0.2854,21.9609,1.0713,1.3532,133.4509,11.5521
1088,42.4661,64.3084,0.2761,20.2826,1.0165,1.3419,133.5609,11.5569
1089,38.5696,48.8696,0.2862,37.5998,0.9903,1.3714,133.5670,11.5571
1090,41.7003,50.4832,0.2703,36.0991,1.0407,1.3230,133.6708,11.5616
1091,41.2845,64.5198,0.2822,21.9186,1.0098,1.3576,133.7483,11.5650
1092,40.9894,64.4336,0.2835,22.8145,1.0402,1.3546,133.7736,11.5661
1093,40.7343,64.2927,0.2846,22.4888,1.0042,1.3644,133.8054,11.5674
1094,38.1902,49.2100,0.2881,37.0155,0.9883,1.3762,134.0790,11.5792
1095,40.7176,48.8559,0.2753,36.6973,1.0256,1.3377,134.1108,11.5806
1096,42.5148,63.3598,0.2747,21.5538,0.9803,1.3443,134.1629,11.5829
1097,40.2965,50.2356,0.2774,35.6772,1.0512,1.3383,134.3014,11.5888
1098,40.1697,63.1846,0.2860,24.2934,0.9721,1.3736,134.4483,11.5952
1099,42.7071,63.5220,0.2739,22.3594,1.0433,1.3306,134.4916,11.5971
1100,40.5232,47.9166,0.2765,38.4544,0.9923,1.3469,134.5773,11.6007
1101,40.3182,48.2932,0.2774,37.3064,1.0114,1.3453,134.5892,11.6013
1102,40.7031,49.1126,0.2754,36.4176,1.0323,1.3364,134.6714,11.6048
1103,42.6838,64.1980,0.2749,20.4355,1.0105,1.3396,134.7354,11.6076
1104,38.6435,48.6310,0.2859,37.9891,0.9790,1.3726,134.7941,11.6101
1105,39.6018,61.4344,0.2869,23.6315,0.9611,1.3771,134.9640,11.6174
1106,38.1350,52.1667,0.2886,34.0536,1.0675,1.3619,135.0490,11.6211
1107,42.8700,63.8727,0.2736,19.8798,1.0047,1.3370,135.5525,11.6427
1108,41.9435,61.0811,0.2749,21.5003,0.9542,1.3479,135.6214,11.6457
1109,38.1477,50.5499,0.2883,36.2117,1.0371,1.3661,135.7187,11.6498
1110,38.2204,49.1849,0.2880,35.9237,0.9998,1.3725,135.7414,11.6508
1111,40.8248,50.5584,0.2748,36.7327,1.0460,1.3321,136.1391,11.6679
1112,41.7232,51.4436,0.2703,36.0710,1.0494,1.3204,136.5090,11.6837
1113,42.9507,62.2022,0.2711,23.4072,1.0624,1.3190,136.5521,11.6855
1114,40.0243,50.4567,0.2788,35.4961,1.0568,1.3399,136.5679,11.6862
1115,41.9628,48.3613,0.2691,34.7241,0.9715,1.3328,136.6642,11.6903
1116,43.7933,63.1119,0.2681,22.7137,1.0053,1.3227,136.7950,11.6959
1117,40.7082,64.4910,0.2850,20.5615,1.0190,1.3613,136.9037,11.7006
1118,43.1713,62.8132,0.2708,21.7324,1.0569,1.3193,136.9136,11.7010
1119,40.7990,64.1483,0.2841,20.8300,1.0046,1.3616,137.2424,11.7151
1120,40.6636,47.6251,0.2758,38.4864,0.9823,1.3463,137.3765,11.7208
1121,40.2595,47.7000,0.2779,37.5803,0.9906,1.3493,137.6675,11.7332
1122,43.6950,63.4163,0.2689,19.9431,1.0216,1.3216,138.0108,11.7478
1123,41.6318,64.0859,0.2799,20.8953,0.9930,1.3533,138.1171,11.7523
1124,41.7720,63.2500,0.2782,21.1046,0.9762,1.3514,138.8430,11.7832
1125,42.6812,62.1756,0.2724,24.3299,0.9397,1.3436,138.8791,11.7847
1126,43.0302,63.5401,0.2724,22.0645,0.9781,1.3371,138.9019,11.7857
1127,38.6957,50.5175,0.2856,34.4203,1.0603,1.3541,138.9146,11.7862
1128,41.6357,48.1474,0.2708,39.2534,0.9895,1.3315,139.3084,11.8029
1129,39.8794,64.5440,0.2891,21.5108,1.0288,1.3680,139.3097,11.8030
1130,42.6586,64.5354,0.2755,20.9584,1.0123,1.3386,139.3220,11.8035
1131,40.1053,62.9325,0.2860,22.0694,0.9804,1.3696,139.4555,11.8091
1132,41.5537,50.0617,0.2710,33.2767,1.0654,1.3178,139.8174,11.8244
1133,42.0703,64.6924,0.2786,21.0694,1.0048,1.3472,139.8427,11.8255
1134,39.8347,60.5572,0.2848,23.8181,0.9420,1.3728,140.1235,11.8374
1135,42.8205,64.0865,0.2741,21.2116,0.9911,1.3386,140.1635,11.8391
1136,41.6762,48.2276,0.2706,36.2908,1.0108,1.3261,140.2764,11.8438
1137,41.8594,48.1645,0.2697,37.2283,0.9983,1.3264,140.4437,11.8509
1138,40.0967,64.7855,0.2884,20.4262,1.0552,1.3606,140.5279,11.8544
1139,42.6398,64.2820,0.2752,20.7542,0.9964,1.3403,140.5321,11.8546
1140,40.6144,64.9085,0.2860,21.2886,1.0266,1.3605,140.5758,11.8565
1141,39.4037,62.0476,0.2885,21.4961,0.9863,1.3739,140.6024,11.8576
1142,38.7138,48.3685,0.2856,38.7440,0.9891,1.3669,140.6580,11.8599
1143,42.5783,64.0102,0.2752,20.0587,0.9944,1.3403,140.8817,11.8694
1144,39.3240,47.8595,0.2826,38.0718,0.9509,1.3687,141.0339,11.8758
1145,42.7435,64.5525,0.2751,21.2049,1.0052,1.3380,141.3844,11.8905
1146,39.5287,47.6125,0.2816,38.6455,0.9728,1.3606,141.7368,11.9053
1147,40.1405,47.4414,0.2785,38.0342,0.9728,1.3532,141.8456,11.9099
1148,43.2749,63.5921,0.2712,21.4312,0.9820,1.3322,142.0587,11.9188
1149,38.3756,48.6470,0.2872,36.8288,1.0009,1.3675,142.4714,11.9361
1150,42.9693,63.9099,0.2731,19.5565,0.9973,1.3341,142.4878,11.9368
1151,40.0577,61.9393,0.2851,22.6361,0.9600,1.3694,142.5094,11.9377
1152,43.8147,63.4809,0.2684,23.1179,0.9974,1.3225,142.8011,11.9499
1153,40.9247,48.2418,0.2744,38.2756,1.0143,1.3338,142.8391,11.9515
1154,41.1838,47.4406,0.2732,40.1687,0.9739,1.3393,142.9429,11.9559
1155,39.9949,64.9250,0.2890,21.7164,1.0399,1.3639,142.9434,11.9559
1156,40.0076,64.5166,0.2884,19.8704,1.0292,1.3649,143.0849,11.9618
1157,41.5030,64.6904,0.2813,20.8780,1.0005,1.3532,143.1154,11.9631
1158,41.1524,50.9190,0.2731,34.6828,1.0693,1.3214,143.4153,11.9756
1159,39.4097,48.3986,0.2820,38.7718,1.0124,1.3524,143.4813,11.9784
1160,40.7849,65.1075,0.2854,22.2304,1.0228,1.3585,143.4912,11.9788
1161,42.5632,64.3408,0.2757,20.6824,0.9921,1.3407,143.8058,11.9919
1162,40.4230,65.0916,0.2872,21.1364,1.0386,1.3595,143.8389,11.9933
1163,42.4339,62.6202,0.2742,24.1565,0.9396,1.3456,143.9251,11.9969
1164,40.9644,63.9063,0.2830,21.0585,0.9865,1.3591,143.9729,11.9989
1165,40.5276,64.5526,0.2859,21.6617,1.0027,1.3634,143.9986,11.9999
1166,42.8062,64.6071,0.2749,18.9226,1.0424,1.3298,144.0148,12.0006
1167,40.2167,47.2470,0.2782,39.4896,0.9731,1.3511,144.1321,12.0055
1168,42.2054,65.0326,0.2784,20.6975,1.0141,1.3431,144.2948,12.0123
1169,40.6596,47.2242,0.2759,39.7640,0.9754,1.3450,144.4097,12.0171
1170,41.4441,65.0620,0.2821,20.2063,1.0161,1.3517,144.6090,12.0253
1171,41.1963,64.8055,0.2830,20.3926,1.0076,1.3552,144.8528,12.0355
1172,40.3402,47.4501,0.2775,38.4929,0.9971,1.3438,144.9043,12.0376
1173,38.1507,48.6118,0.2884,39.6214,0.9791,1.3739,144.9699,12.0403
1174,39.3749,62.7106,0.2894,23.3392,0.9742,1.3764,145.0156,12.0422
1175,40.5973,65.0134,0.2862,21.5055,1.0167,1.3608,145.2525,12.0521
1176,41.0802,47.3117,0.2738,37.9353,0.9818,1.3380,145.3329,12.0554
1177,38.2584,48.4631,0.2879,38.3046,0.9862,1.3709,145.4759,12.0613
1178,40.8984,62.7102,0.2818,23.8303,0.9454,1.3626,145.7180,12.0714
1179,39.7952,64.3130,0.2892,22.5028,1.0016,1.3703,146.3602,12.0979
1180,43.1334,64.0320,0.2725,22.5054,0.9759,1.3345,146.4550,12.1019
1181,40.3926,49.0036,0.2770,36.2677,1.0462,1.3329,146.4761,12.1027
1182,39.5909,47.8994,0.2812,37.4728,1.0155,1.3483,146.5404,12.1054
1183,43.4005,63.1233,0.2700,21.7965,1.0548,1.3137,146.7418,12.1137
1184,39.5769,50.0880,0.2811,36.5393,1.0554,1.3414,146.8610,12.1186
1185,41.9249,65.0771,0.2798,21.8925,0.9997,1.3480,146.8969,12.1201
1186,42.2999,65.1136,0.2780,19.4356,1.0179,1.3405,147.0552,12.1266
1187,39.9328,47.3021,0.2796,38.3888,0.9905,1.3494,147.0662,12.1271
1188,41.0345,63.2486,0.2818,22.8181,0.9579,1.3597,147.1038,12.1286
1189,39.5787,47.6075,0.2813,36.8477,0.9559,1.3618,147.1327,12.1298
1190,39.8392,47.3717,0.2801,39.6222,0.9888,1.3508,147.1561,12.1308
1191,41.0730,64.4941,0.2832,20.9182,0.9936,1.3570,147.1848,12.1320
1192,40.6540,51.3186,0.2757,35.1964,1.0738,1.3256,147.4458,12.1427
1193,40.2097,64.4831,0.2874,21.6329,1.0013,1.3655,147.6142,12.1497
1194,41.6377,47.6269,0.2709,38.8716,0.9921,1.3275,147.7699,12.1561
1195,43.8236,63.6491,0.2686,22.4383,0.9807,1.3236,147.9211,12.1623
1196,40.9902,63.7222,0.2826,23.9074,1.0738,1.3395,147.9770,12.1646
1197,41.7813,65.2915,0.2808,19.7438,1.0196,1.3464,147.9928,12.1652
1198,39.3640,47.6884,0.2824,37.2202,1.0079,1.3519,148.2693,12.1766
1199,40.4942,47.4983,0.2767,38.3769,1.0067,1.3384,148.3695,12.1807
1200,40.4228,64.7303,0.2867,20.3862,1.0119,1.3615,148.5369,12.1876
1201,39.6813,62.9810,0.2882,22.3641,0.9760,1.3714,148.6327,12.1915
1202,40.4045,64.9996,0.2871,20.6237,1.0181,1.3613,148.8757,12.2015
1203,37.9566,48.4517,0.2894,38.3844,0.9520,1.3813,148.8788,12.2016
1204,39.1897,48.0891,0.2832,38.8557,1.0106,1.3531,148.8966,12.2023
1205,41.6123,47.3441,0.2711,38.4924,0.9535,1.3365,149.0318,12.2079
1206,43.7534,63.6234,0.2689,19.9711,1.0457,1.3121,149.4356,12.2244
1207,40.1794,47.6115,0.2783,37.7055,1.0154,1.3400,149.5534,12.2292
1208,39.5387,47.1914,0.2816,39.4451,0.9505,1.3625,149.7839,12.2386
1209,40.2543,63.8707,0.2864,20.8558,0.9910,1.3639,149.9953,12.2473
1210,43.4036,63.7533,0.2708,19.3878,0.9896,1.3262,150.1254,12.2526
1211,40.6510,47.7882,0.2759,38.5213,1.0153,1.3340,150.1548,12.2538
1212,41.7063,47.2654,0.2706,39.6686,0.9700,1.3307,150.2207,12.2565
1213,41.7100,65.4054,0.2813,20.3173,1.0407,1.3425,150.3044,12.2599
1214,43.3206,63.8509,0.2713,21.6919,0.9734,1.3302,150.3332,12.2610
1215,40.6158,62.8031,0.2833,23.1555,0.9496,1.3631,150.6375,12.2734
1216,37.8912,48.5810,0.2897,38.8772,0.9854,1.3730,150.7943,12.2798
1217,39.4166,61.1423,0.2875,23.3792,0.9467,1.3734,150.9710,12.2870
1218,40.0344,47.8225,0.2790,38.9130,1.0148,1.3412,151.1041,12.2924
1219,41.3633,47.3468,0.2723,39.8596,0.9901,1.3299,151.2895,12.3000
1220,40.2815,48.1872,0.2776,37.2426,1.0334,1.3344,151.5058,12.3088
1221,43.6342,64.2458,0.2703,20.6954,1.0256,1.3183,151.5692,12.3113
1222,43.4534,64.1212,0.2710,20.8756,0.9845,1.3271,151.7071,12.3169
1223,41.8940,64.9661,0.2798,20.9143,0.9918,1.3472,151.7897,12.3203
1224,41.0598,64.8346,0.2837,19.7750,1.0040,1.3544,151.9199,12.3256
1225,42.6792,64.9882,0.2760,18.7960,1.0514,1.3274,151.9773,12.3279
1226,42.7825,64.9689,0.2755,18.0962,1.0164,1.3326,152.1314,12.3342
1227,43.1221,64.5326,0.2732,20.8682,1.0389,1.3224,152.2065,12.3372
1228,42.5154,64.8805,0.2767,19.4209,1.0003,1.3379,152.3132,12.3415
1229,38.1736,48.2046,0.2883,37.2202,0.9508,1.3776,152.3367,12.3425
1230,40.1792,50.1915,0.2780,36.9820,1.0589,1.3314,152.3594,12.3434
1231,41.8716,49.0401,0.2695,38.4798,1.0262,1.3155,152.7438,12.3590
1232,41.6931,65.6262,0.2817,19.0795,1.0376,1.3433,152.7575,12.3595
1233,40.2718,65.0929,0.2879,19.9847,1.0217,1.3607,152.8784,12.3644
1234,39.1982,48.0720,0.2832,38.6613,1.0177,1.3499,152.9026,12.3654
1235,43.2917,64.7839,0.2727,19.5792,1.0304,1.3228,152.9178,12.3660
1236,41.2331,48.5521,0.2728,38.8581,1.0250,1.3237,153.0171,12.3700
1237,41.0236,65.5659,0.2849,20.7882,1.0454,1.3487,153.0981,12.3733
1238,42.6146,64.1425,0.2752,23.1641,1.0481,1.3245,153.1981,12.3773
1239,43.0412,64.9393,0.2742,20.5902,1.0285,1.3263,153.3774,12.3846
1240,40.9850,63.9361,0.2829,21.0536,0.9753,1.3563,153.8231,12.4025
1241,43.3983,63.3170,0.2703,22.2604,0.9569,1.3286,153.8803,12.4048
1242,41.1635,64.5055,0.2828,21.5377,0.9793,1.3554,153.9512,12.4077
1243,42.0719,64.5800,0.2784,21.9411,0.9730,1.3460,153.9735,12.4086
1244,38.7503,48.0461,0.2854,39.6809,1.0045,1.3573,154.0498,12.4117
1245,43.5597,63.5225,0.2697,22.4820,0.9606,1.3267,154.1247,12.4147
1246,41.8576,47.6508,0.2698,39.2783,0.9979,1.3208,154.1887,12.4173
1247,39.4074,47.0102,0.2823,39.1898,0.9671,1.3580,154.5968,12.4337
1248,42.7027,61.5003,0.2716,24.1511,1.0910,1.3073,154.7647,12.4404
1249,41.7807,65.2158,0.2807,18.6031,1.0109,1.3446,155.2678,12.4606
1250,42.5501,63.5032,0.2747,21.8379,0.9550,1.3388,155.3672,12.4646
1251,42.0952,63.9950,0.2775,20.3808,0.9729,1.3429,155.3709,12.4648
1252,40.6417,46.8032,0.2761,39.4278,0.9884,1.3377,155.4826,12.4693
1253,39.6971,64.4540,0.2899,20.6317,1.0083,1.3666,155.5923,12.4737
1254,43.6895,64.4975,0.2704,20.1737,1.0256,1.3167,155.7906,12.4816
1255,42.9523,64.2545,0.2737,20.1320,0.9800,1.3323,155.8107,12.4824
1256,41.5896,47.6398,0.2711,38.3599,1.0126,1.3205,155.9370,12.4875
1257,40.6499,47.4694,0.2759,39.4022,1.0109,1.3325,155.9842,12.4894
1258,42.7099,65.2942,0.2763,19.4185,1.0073,1.3342,155.9917,12.4897
1259,42.0974,65.6742,0.2798,20.2806,1.0136,1.3414,156.2582,12.5003
1260,41.1848,65.3376,0.2838,19.7914,1.0695,1.3402,156.3558,12.5042
1261,40.9815,48.3916,0.2741,38.6617,1.0302,1.3245,156.4547,12.5082
1262,43.3167,64.6608,0.2724,18.9538,1.0500,1.3170,156.5567,12.5123
1263,39.4366,47.0209,0.2822,37.5851,0.9827,1.3531,156.7039,12.5181
1264,41.5998,65.6077,0.2821,19.2495,1.0162,1.3464,156.7689,12.5207
1265,40.9365,46.8771,0.2746,39.9573,0.9906,1.3330,156.8099,12.5224
1266,42.7383,65.3961,0.2763,19.7252,1.0338,1.3291,156.8115,12.5224
1267,40.4238,65.0438,0.2871,20.6969,1.0046,1.3601,156.8541,12.5241
1268,41.8107,64.6357,0.2798,20.2677,0.9829,1.3461,157.0328,12.5313
1269,40.8979,65.8223,0.2859,19.8782,1.0331,1.3518,157.2213,12.5388
1270,40.1077,64.3109,0.2877,20.9036,0.9924,1.3634,157.2487,12.5399
1271,42.7894,65.2409,0.2758,20.5380,0.9965,1.3343,157.3750,12.5449
1272,41.5380,47.0272,0.2715,37.3193,0.9969,1.3239,157.4239,12.5469
1273,40.5183,46.8807,0.2767,40.6670,0.9904,1.3378,157.5791,12.5531
1274,41.1048,48.1713,0.2735,38.7785,1.0269,1.3230,157.6657,12.5565
1275,41.4858,64.1209,0.2807,22.0897,0.9613,1.3515,157.8334,12.5632
1276,41.9243,47.4430,0.2695,39.0859,0.9991,1.3180,158.2986,12.5817
1277,39.7923,47.2312,0.2803,37.6420,1.0175,1.3407,158.3111,12.5822
1278,42.9023,65.4376,0.2756,20.9032,1.0110,1.3306,158.5193,12.5904
1279,41.6466,64.9923,0.2811,19.7977,0.9923,1.3470,158.6022,12.5937
1280,43.3275,64.0933,0.2716,19.1290,0.9845,1.3252,158.6636,12.5962
1281,41.3380,47.1241,0.2725,39.5419,1.0000,1.3251,158.6923,12.5973
1282,40.0805,46.6687,0.2790,38.2580,0.9695,1.3477,158.7377,12.5991
1283,43.3073,65.1226,0.2731,19.1997,1.0089,1.3251,158.7661,12.6002
1284,39.1638,46.9133,0.2836,40.0098,0.9709,1.3581,158.8702,12.6044
1285,41.8327,46.9951,0.2701,37.8112,0.9629,1.3273,159.0338,12.6109
1286,41.5455,65.9301,0.2829,20.9535,1.0284,1.3446,159.1077,12.6138
1287,43.0690,65.1605,0.2744,19.8479,1.0391,1.3222,159.5280,12.6304
1288,40.9144,65.8763,0.2859,20.9574,1.0453,1.3481,159.6543,12.6354
1289,39.0658,50.3721,0.2837,37.1268,1.0643,1.3410,159.8239,12.6421
1290,41.0600,47.0417,0.2740,38.3681,1.0100,1.3261,159.8439,12.6429
1291,39.7529,46.6789,0.2807,38.2431,0.9789,1.3488,160.2010,12.6571
1292,41.8311,65.8203,0.2813,19.2503,1.0157,1.3430,160.2109,12.6574
1293,41.0169,46.9245,0.2742,38.6564,1.0060,1.3273,160.3885,12.6645
1294,42.2501,62.9673,0.2755,21.7153,0.9435,1.3398,160.5221,12.6697
1295,38.0977,47.9929,0.2888,37.2968,1.0067,1.3617,160.5895,12.6724
1296,42.6416,65.0459,0.2763,20.5019,0.9843,1.3359,160.6394,12.6744
1297,38.2213,47.4774,0.2882,39.6370,0.9566,1.3719,160.7151,12.6773
1298,43.4089,65.1863,0.2727,19.5568,1.0239,1.3206,160.8734,12.6836
1299,42.1849,64.3946,0.2776,18.6312,0.9867,1.3384,160.9493,12.6866
1300,40.8912,47.3019,0.2747,40.6383,1.0048,1.3285,161.2789,12.6996
1301,43.2068,62.8912,0.2707,21.2203,1.0854,1.3035,161.2813,12.6997
1302,43.3140,64.9384,0.2728,20.9693,0.9848,1.3271,161.5824,12.7115
1303,40.5584,47.2885,0.2764,40.6989,1.0061,1.3322,161.6162,12.7128
1304,42.9933,64.8331,0.2743,19.1560,0.9902,1.3295,161.7196,12.7169
1305,43.0394,64.4829,0.2736,20.5200,1.0612,1.3148,161.8432,12.7218
1306,38.8288,47.7462,0.2851,37.2180,1.0273,1.3486,161.8929,12.7237
1307,38.2150,47.6411,0.2882,37.5179,0.9917,1.3630,162.2673,12.7384
1308,40.0973,47.6562,0.2787,37.9797,1.0327,1.3324,162.3557,12.7419
1309,40.6154,65.4711,0.2867,20.0300,1.0094,1.3560,162.3718,12.7425
1310,40.1825,46.4534,0.2786,38.6664,0.9842,1.3415,162.4345,12.7450
1311,38.5668,47.2784,0.2865,37.6657,0.9868,1.3598,162.8790,12.7624
1312,41.9082,66.1207,0.2814,19.2326,1.0327,1.3389,162.9474,12.7651
1313,42.0198,47.0343,0.2691,40.0229,0.9845,1.3181,162.9631,12.7657
1314,39.9274,46.8058,0.2798,39.8483,1.0021,1.3401,163.3410,12.7805
1315,42.4416,65.9988,0.2786,18.4817,1.0318,1.3324,163.3951,12.7826
1316,43.1915,64.6840,0.2731,19.1102,0.9870,1.3264,163.4278,12.7839
1317,38.2358,47.3805,0.2882,39.0462,0.9673,1.3679,163.5129,12.7872
1318,40.3659,65.2248,0.2876,19.2952,1.0117,1.3571,163.7382,12.7960
1319,42.1193,65.3126,0.2792,20.9872,0.9818,1.3420,163.7632,12.7970
1320,42.2822,65.9085,0.2793,19.4918,1.0432,1.3313,163.9502,12.8043
1321,38.6801,47.4691,0.2859,36.9483,1.0193,1.3509,164.1963,12.8139
1322,38.3369,47.6874,0.2876,39.9744,0.9996,1.3589,164.2451,12.8158
1323,43.3178,65.3433,0.2734,21.0256,1.0181,1.3216,164.2548,12.8162
1324,38.6688,47.1232,0.2860,38.2308,0.9897,1.3573,164.3380,12.8194
1325,42.6816,65.4452,0.2766,18.3653,1.0038,1.3320,164.3598,12.8203
1326,43.1117,62.4850,0.2707,19.0570,0.9579,1.3236,164.4797,12.8250
1327,39.2475,46.5566,0.2833,40.2949,0.9636,1.3565,164.4834,12.8251
1328,42.1226,65.1345,0.2789,20.7866,0.9780,1.3415,164.7075,12.8338
1329,43.5816,64.1129,0.2704,22.9489,1.0382,1.3099,164.8073,12.8377
1330,42.3214,66.0024,0.2792,18.4983,1.0182,1.3355,164.8599,12.8398
1331,43.7948,64.5129,0.2699,18.5299,1.0543,1.3066,164.9063,12.8416
1332,41.3514,65.7493,0.2836,20.3950,0.9998,1.3489,165.0410,12.8468
1333,39.6987,62.4889,0.2875,21.3072,0.9606,1.3644,165.2047,12.8532
1334,40.7343,66.0222,0.2869,19.8940,1.0221,1.3528,165.3668,12.8595
1335,43.8343,63.6602,0.2686,20.6428,0.9636,1.3178,165.7424,12.8741
1336,43.3159,64.3848,0.2721,22.3344,1.0460,1.3121,165.8093,12.8767
1337,42.0510,46.7085,0.2690,39.0674,0.9560,1.3232,166.4172,12.9003
1338,40.9239,47.6102,0.2745,39.9874,1.0213,1.3227,166.5728,12.9063
1339,38.7135,48.7008,0.2855,37.3526,1.0497,1.3441,166.7570,12.9134
1340,42.4993,65.4746,0.2776,19.9296,0.9885,1.3356,166.7648,12.9137
1341,40.3704,63.7670,0.2857,20.3910,0.9724,1.3574,166.9374,12.9204
1342,41.4543,66.2683,0.2838,17.6843,1.0367,1.3424,166.9695,12.9217
1343,38.8494,47.0955,0.2851,38.8187,1.0073,1.3502,167.1649,12.9292
1344,43.7008,64.6491,0.2706,21.0807,0.9743,1.3207,167.2585,12.9328
1345,38.7742,50.3683,0.2851,35.4385,1.0826,1.3385,167.5248,12.9431
1346,43.6018,64.8886,0.2714,21.5104,1.0300,1.3129,167.5461,12.9440
1347,43.9472,63.8482,0.2683,20.6369,0.9657,1.3159,167.6507,12.9480
1348,40.9292,63.5320,0.2827,22.2254,0.9456,1.3540,167.6812,12.9492
1349,37.9418,49.5564,0.2894,38.4823,1.0446,1.3538,167.6894,12.9495
1350,42.0069,66.2826,0.2811,18.1381,1.0476,1.3336,167.8300,12.9549
1351,42.7316,65.8064,0.2769,19.5099,0.9998,1.3318,167.8795,12.9568
1352,40.3914,46.4769,0.2775,41.3954,0.9925,1.3345,168.1479,12.9672
1353,43.7320,64.6530,0.2704,21.0508,1.0383,1.3087,168.2789,12.9722
1354,38.3483,47.7668,0.2875,37.1175,1.0289,1.3512,168.3084,12.9734
1355,40.7348,46.2071,0.2759,39.9065,0.9425,1.3422,168.4036,12.9770
1356,44.0502,64.4003,0.2685,19.6940,0.9829,1.3136,168.6014,12.9847
1357,42.1487,46.9456,0.2685,40.4378,0.9875,1.3134,168.7396,12.9900
1358,41.6526,47.0320,0.2710,38.9900,1.0128,1.3145,168.7683,12.9911
1359,41.1323,65.5026,0.2843,20.7129,0.9878,1.3509,168.8367,12.9937
1360,43.0608,65.3366,0.2746,20.3211,0.9830,1.3285,168.8963,12.9960
1361,40.6840,64.9830,0.2857,20.3113,0.9860,1.3546,168.9005,12.9962
1362,40.8662,47.2045,0.2749,38.9659,1.0252,1.3218,169.0184,13.0007
1363,39.9670,46.6125,0.2796,38.8507,1.0125,1.3352,169.1902,13.0073
1364,39.6531,47.2895,0.2810,37.9233,1.0332,1.3348,169.3421,13.0132
1365,41.4310,46.2593,0.2723,38.8388,0.9669,1.3273,169.3533,13.0136
1366,40.2240,63.9632,0.2867,22.1541,0.9595,1.3608,169.5461,13.0210
1367,38.9240,46.9300,0.2848,39.2535,1.0058,1.3486,169.5975,13.0230
1368,41.7513,65.7585,0.2816,19.4872,0.9957,1.3428,169.6796,13.0261
1369,39.9011,65.0316,0.2896,20.7268,0.9967,1.3617,169.6994,13.0269
1370,41.3203,46.2568,0.2729,38.0804,0.9869,1.3240,169.7141,13.0274
1371,41.3431,47.4999,0.2724,38.3716,1.0320,1.3143,169.8470,13.0325
1372,40.8635,64.8146,0.2846,20.5092,0.9776,1.3528,169.8567,13.0329
1373,41.3952,46.3971,0.2725,41.6097,0.9838,1.3231,170.1626,13.0446
1374,42.0116,46.8232,0.2692,40.7559,0.9891,1.3141,170.3562,13.0521
1375,43.5567,65.1565,0.2720,17.7713,1.0582,1.3086,170.6736,13.0642
1376,41.1193,46.8099,0.2737,39.7003,1.0126,1.3204,170.6790,13.0644
1377,41.8140,47.2564,0.2701,38.7173,1.0201,1.3102,170.7049,13.0654
1378,42.0643,46.5232,0.2690,38.4831,0.9747,1.3169,170.7774,13.0682
1379,42.4899,66.0613,0.2785,18.6603,1.0526,1.3248,170.8084,13.0694
1380,40.7583,65.5073,0.2861,20.6444,0.9907,1.3538,170.9409,13.0744
1381,39.9260,46.1124,0.2800,39.8948,0.9864,1.3405,170.9746,13.0757
1382,40.2314,66.0658,0.2895,21.7088,1.0108,1.3581,171.0255,13.0777
1383,43.0043,65.8343,0.2756,20.0304,1.0357,1.3208,171.0890,13.0801
1384,40.7948,66.4849,0.2873,19.0877,1.0377,1.3483,171.1409,13.0821
1385,40.6677,46.0738,0.2763,41.0248,0.9863,1.3313,171.4464,13.0938
1386,40.4731,48.0320,0.2767,37.6383,1.0515,1.3209,171.6990,13.1034
1387,40.5934,62.3604,0.2829,20.9678,0.9427,1.3525,171.7190,13.1042
1388,40.6952,46.5908,0.2759,40.9531,1.0035,1.3269,171.8592,13.1095
1389,41.1125,65.9597,0.2850,20.1554,0.9991,1.3493,172.1711,13.1214
1390,43.7087,65.4577,0.2717,19.3992,0.9984,1.3174,172.2231,13.1234
1391,39.9294,46.3245,0.2799,37.8251,1.0111,1.3347,172.2437,13.1242
1392,38.5883,47.4481,0.2864,39.6714,1.0167,1.3492,172.2503,13.1244
1393,41.2781,46.4618,0.2730,39.8057,1.0037,1.3197,172.3426,13.1279
1394,38.1989,47.6792,0.2883,39.2043,1.0176,1.3533,172.6010,13.1378
1395,42.1733,47.8708,0.2681,39.3539,1.0225,1.3043,172.6030,13.1378
1396,42.9613,65.7890,0.2758,20.8520,1.0362,1.3200,173.0568,13.1551
1397,41.3783,47.0017,0.2724,40.7467,1.0099,1.3166,173.1322,13.1580
1398,42.3982,66.1495,0.2791,17.7421,1.0121,1.3326,173.1405,13.1583
1399,38.9377,46.6969,0.2848,39.0350,1.0063,1.3468,173.4400,13.1697
1400,39.0229,47.0215,0.2843,39.6506,1.0161,1.3437,173.7049,13.1797
1401,38.2091,47.0120,0.2884,39.5788,0.9876,1.3590,173.7440,13.1812
1402,43.9902,65.3194,0.2701,20.0967,1.0128,1.3105,173.7501,13.1814
1403,39.8314,46.1220,0.2805,39.0333,0.9997,1.3375,174.2137,13.1990
1404,41.9018,47.3596,0.2696,38.0404,1.0304,1.3057,174.3860,13.2055
1405,43.8571,64.7490,0.2699,19.7906,1.0511,1.3026,174.6530,13.2156
1406,43.4600,65.5575,0.2730,17.9839,1.0002,1.3193,174.6686,13.2162
1407,43.9283,65.4710,0.2706,19.4963,1.0174,1.3106,174.6770,13.2165
1408,42.6830,66.2705,0.2779,19.4129,1.0400,1.3238,174.8091,13.2215
1409,41.7558,66.3894,0.2825,18.9969,1.0093,1.3405,174.8473,13.2230
1410,40.4985,65.3795,0.2872,19.9549,0.9925,1.3543,174.8612,13.2235
1411,40.3912,65.5911,0.2880,20.7599,0.9928,1.3562,174.9164,13.2256
1412,41.3135,47.7911,0.2725,39.2626,1.0360,1.3119,174.9718,13.2277
1413,39.9984,45.9731,0.2797,39.4697,0.9949,1.3360,175.3871,13.2434
1414,43.6223,65.2456,0.2718,19.2465,0.9848,1.3182,175.5330,13.2489
1415,42.4336,65.9227,0.2785,21.5273,0.9773,1.3359,175.7139,13.2557
1416,39.5840,46.1499,0.2817,39.9391,0.9978,1.3401,175.7982,13.2589
1417,39.4819,45.9861,0.2823,39.6503,0.9775,1.3458,176.0322,13.2677
1418,41.6097,46.0127,0.2715,39.1660,0.9819,1.3187,176.3752,13.2806
1419,42.8205,63.6911,0.2736,23.5427,1.0745,1.3055,176.4117,13.2820
1420,38.4299,47.1890,0.2872,38.8490,1.0186,1.3489,176.4933,13.2851
1421,40.0127,63.7292,0.2874,21.1537,0.9599,1.3588,177.1228,13.3087
1422,39.7511,46.2887,0.2808,37.9483,1.0184,1.3333,177.1419,13.3095
1423,38.3583,47.1520,0.2876,38.1762,1.0206,1.3489,177.3182,13.3161
1424,42.4679,66.5235,0.2793,18.3164,1.0126,1.3312,177.3295,13.3165
1425,42.2118,66.5871,0.2806,19.3175,1.0083,1.3350,177.3635,13.3178
1426,40.3014,65.0490,0.2877,20.8043,0.9794,1.3565,177.3662,13.3179
1427,43.3740,65.8450,0.2739,21.8078,1.0172,1.3169,177.6133,13.3272
1428,42.3448,65.6583,0.2786,19.4426,0.9812,1.3342,177.7192,13.3311
1429,41.3572,45.8733,0.2728,38.5111,0.9754,1.3229,177.7817,13.3335
1430,41.9982,46.1029,0.2695,39.5301,0.9647,1.3172,177.8401,13.3357
1431,41.3245,66.2812,0.2845,19.7047,0.9995,1.3452,178.1883,13.3487
1432,39.8683,48.7539,0.2797,36.6458,1.0739,1.3222,178.4914,13.3601
1433,41.4931,48.5034,0.2715,37.5646,1.0593,1.3044,178.5803,13.3634
1434,41.5833,46.3033,0.2715,40.1709,1.0030,1.3134,178.6777,13.3670
1435,39.0729,46.8943,0.2841,40.1878,1.0182,1.3405,179.0837,13.3822
1436,40.5391,45.5861,0.2771,40.5644,0.9798,1.3314,179.0899,13.3824
1437,41.7498,45.9335,0.2708,39.4740,0.9783,1.3167,179.0991,13.3828
1438,41.8265,46.0967,0.2704,40.3957,0.9878,1.3134,179.2573,13.3887
1439,41.1063,66.9488,0.2865,18.9827,1.0397,1.3423,179.4240,13.3949
1440,43.6975,65.8290,0.2723,18.6578,0.9973,1.3155,180.2225,13.4247
1441,41.1048,66.7937,0.2863,19.6797,1.0174,1.3454,180.4674,13.4338
1442,40.7613,64.8626,0.2852,20.9945,0.9640,1.3514,180.4717,13.4340
1443,40.9604,66.0108,0.2858,19.1753,0.9980,1.3476,180.5059,13.4352
1444,43.6604,66.1156,0.2729,16.0354,1.0332,1.3113,180.8080,13.4465
1445,40.4091,65.6394,0.2880,21.3184,0.9817,1.3553,180.9152,13.4505
1446,44.0055,65.8223,0.2708,17.7151,1.0180,1.3084,180.9530,13.4519
1447,41.0369,46.8702,0.2741,38.7942,1.0343,1.3133,180.9548,13.4519
1448,42.0819,66.5576,0.2812,17.7660,1.0104,1.3343,181.3869,13.4680
1449,38.0908,47.6206,0.2889,37.7846,1.0377,1.3470,181.7278,13.4806
1450,39.4826,46.1460,0.2822,40.8510,1.0038,1.3375,181.7403,13.4811
1451,39.8528,45.8856,0.2804,40.2944,1.0025,1.3335,181.7880,13.4829
1452,42.7611,66.8152,0.2783,17.7076,1.0232,1.3250,182.1604,13.4967
1453,41.2729,66.4155,0.2849,20.3485,0.9937,1.3454,182.1940,13.4979
1454,40.5174,45.7193,0.2772,41.1708,0.9951,1.3268,182.2497,13.5000
1455,43.3520,65.6870,0.2737,19.9322,1.0509,1.3084,182.3720,13.5045
1456,44.0524,64.6194,0.2688,19.6713,0.9667,1.3104,182.4253,13.5065
1457,39.4677,47.3879,0.2819,39.1266,1.0422,1.3302,182.5435,13.5109
1458,41.3208,45.5218,0.2732,40.5569,0.9661,1.3235,182.5521,13.5112
1459,41.1050,48.2264,0.2735,39.3547,1.0498,1.3092,182.5929,13.5127
1460,43.4623,66.3647,0.2742,17.1021,1.0180,1.3160,182.5946,13.5128
1461,38.8571,46.2701,0.2853,39.5276,1.0043,1.3443,182.7526,13.5186
1462,41.7493,45.8845,0.2709,40.1964,0.9907,1.3123,183.0541,13.5297
1463,40.4612,66.7504,0.2893,20.3624,1.0655,1.3419,183.0761,13.5306
1464,39.8113,46.2727,0.2805,40.8994,1.0123,1.3312,183.3716,13.5415
1465,39.9524,65.3574,0.2898,19.0343,0.9997,1.3553,183.5386,13.5476
1466,42.4925,66.0079,0.2784,19.5400,0.9800,1.3312,183.6469,13.5516
1467,43.4143,63.7875,0.2708,20.6745,0.9396,1.3179,183.8280,13.5583
1468,43.2076,66.6392,0.2759,17.1146,1.0200,1.3190,184.1600,13.5706
1469,40.8736,67.1267,0.2879,18.8910,1.0360,1.3441,184.3954,13.5792
1470,42.1467,65.7349,0.2797,19.4090,0.9752,1.3345,184.4761,13.5822
1471,39.8861,45.7675,0.2803,38.4790,1.0114,1.3301,184.6982,13.5904
1472,41.2965,45.4718,0.2733,39.8279,0.9791,1.3200,184.8046,13.5943
1473,41.3360,66.5999,0.2849,19.5288,0.9996,1.3431,184.8336,13.5954
1474,39.6600,64.3616,0.2899,21.1936,0.9676,1.3601,184.9185,13.5985
1475,41.2771,65.6372,0.2838,20.3192,0.9716,1.3446,185.3423,13.6140
1476,40.8533,66.0973,0.2865,18.3414,1.0021,1.3463,185.3787,13.6154
1477,38.3232,46.2173,0.2881,40.3614,0.9736,1.3560,185.4544,13.6182
1478,40.5873,67.0146,0.2891,19.0228,1.0296,1.3475,185.6093,13.6239
1479,38.7206,47.1506,0.2858,39.1880,1.0352,1.3387,185.8679,13.6333
1480,39.6141,45.9472,0.2816,41.3190,1.0036,1.3343,185.9540,13.6365
1481,40.3461,45.5657,0.2781,39.1000,1.0062,1.3252,186.1038,13.6420
1482,40.7836,45.4605,0.2759,40.4379,0.9953,1.3221,186.2396,13.6470
1483,42.0383,46.7092,0.2691,39.2777,1.0229,1.3007,186.2526,13.6474
1484,44.1230,64.6795,0.2685,19.8590,0.9622,1.3086,186.3972,13.6527
1485,43.5919,66.1951,0.2733,19.4661,1.0345,1.3089,186.4857,13.6560
1486,39.7329,45.3613,0.2813,40.6098,0.9579,1.3431,186.5300,13.6576
1487,38.5209,46.9947,0.2868,37.9047,1.0379,1.3401,186.6515,13.6620
1488,40.5226,65.2801,0.2869,20.8381,0.9689,1.3519,186.8567,13.6696
1489,40.8686,65.5272,0.2856,21.0229,0.9672,1.3490,186.8600,13.6697
1490,39.3096,46.3616,0.2830,40.6152,1.0172,1.3348,186.8649,13.6699
1491,41.0560,65.6481,0.2848,19.7476,0.9769,1.3456,186.9375,13.6725
1492,43.0833,65.3756,0.2746,19.1007,1.0789,1.3034,186.9829,13.6742
1493,41.2772,45.9695,0.2732,40.6687,1.0090,1.3127,187.0936,13.6782
1494,39.2205,45.5873,0.2838,40.0349,0.9775,1.3442,187.2546,13.6841
1495,40.6297,66.7362,0.2885,19.0174,1.0819,1.3354,187.2660,13.6845
1496,41.1618,67.0339,0.2864,19.7201,1.0118,1.3434,187.3893,13.6890
1497,38.6752,46.9994,0.2860,37.4180,1.0451,1.3365,187.9256,13.7086
1498,44.2018,65.5868,0.2695,17.9185,1.0467,1.2970,188.0609,13.7135
1499,41.2158,46.4812,0.2733,39.3322,1.0313,1.3088,188.2031,13.7187
1500,43.3632,66.8056,0.2754,18.1281,1.0184,1.3160,188.3434,13.7238
1501,38.7257,48.0754,0.2856,39.6189,1.0498,1.3353,188.4692,13.7284
1502,38.6126,46.9516,0.2864,39.5794,1.0306,1.3396,188.5230,13.7304
1503,40.7207,46.0202,0.2760,40.9588,1.0143,1.3179,188.5614,13.7318
1504,40.9705,45.3553,0.2750,42.8625,0.9813,1.3215,188.5836,13.7326
1505,43.2031,66.5796,0.2758,18.0343,1.0000,1.3198,188.6861,13.7363
1506,39.6323,62.5595,0.2879,21.0150,0.9406,1.3568,188.7408,13.7383
1507,43.4543,65.6087,0.2731,20.3175,0.9648,1.3185,188.7910,13.7401
1508,42.3147,67.0332,0.2808,18.3330,1.0076,1.3304,189.0314,13.7489
1509,44.2432,65.7115,0.2695,19.6640,0.9844,1.3067,189.2124,13.7554
1510,42.4638,66.8202,0.2798,15.2717,1.0252,1.3254,189.2490,13.7568
1511,42.4582,65.9817,0.2785,20.5583,0.9656,1.3311,189.4294,13.7633
1512,43.4204,66.8048,0.2751,18.5484,1.0134,1.3157,189.4968,13.7658
1513,42.2387,46.0663,0.2683,40.3938,0.9978,1.3018,189.6560,13.7716
1514,42.0290,67.4079,0.2828,18.8296,1.0263,1.3313,190.0003,13.7841
1515,44.2791,66.0198,0.2697,18.4256,1.0180,1.3018,190.0650,13.7864
1516,41.5089,67.4227,0.2853,18.1396,1.0511,1.3327,190.2803,13.7942
1517,40.2259,45.2946,0.2788,41.9366,0.9903,1.3281,190.3516,13.7968
1518,40.0080,45.1368,0.2800,40.3825,0.9755,1.3341,190.5268,13.8031
1519,38.2199,46.5129,0.2885,39.1066,1.0150,1.3461,190.6796,13.8087
1520,42.6759,67.1960,0.2793,19.0078,1.0096,1.3257,190.8309,13.8142
1521,42.6756,66.5607,0.2783,17.8081,0.9950,1.3256,190.9083,13.8170
1522,43.2449,66.9966,0.2763,17.6293,1.0326,1.3146,190.9571,13.8187
1523,40.9439,45.1129,0.2753,39.8536,0.9800,1.3217,190.9840,13.8197
1524,40.7250,67.4134,0.2891,18.5730,1.0392,1.3433,190.9948,13.8201
1525,39.5973,45.8122,0.2818,40.6063,1.0123,1.3307,190.9974,13.8202
1526,38.8021,45.7146,0.2858,40.1875,0.9877,1.3451,191.0661,13.8227
1527,43.2632,66.3467,0.2752,19.6331,0.9803,1.3201,191.1148,13.8244
1528,41.4845,45.6958,0.2723,39.9251,1.0093,1.3085,191.1308,13.8250
1529,42.2926,67.2547,0.2813,16.9568,1.0218,1.3284,191.1577,13.8260
1530,41.0119,45.3908,0.2748,40.1388,1.0039,1.3154,191.5139,13.8389
1531,41.7300,45.4882,0.2711,41.1797,0.9904,1.3090,191.9666,13.8552
1532,41.0560,66.0402,0.2854,19.8175,0.9781,1.3444,192.0557,13.8584
1533,40.9840,45.0738,0.2751,39.7946,0.9743,1.3220,192.1335,13.8612
1534,42.0335,45.5169,0.2696,40.0390,0.9823,1.3069,192.1493,13.8618
1535,42.8200,67.1061,0.2785,18.1717,1.0451,1.3169,192.2247,13.8645
1536,40.2873,66.0628,0.2892,21.0712,0.9809,1.3530,192.3451,13.8689
1537,44.1354,66.2363,0.2708,19.7585,0.9959,1.3067,192.4558,13.8728
1538,40.3657,65.9368,0.2886,20.0381,0.9842,1.3509,192.5873,13.8776
1539,44.4925,65.9646,0.2686,18.1624,1.0139,1.2984,193.1144,13.8966
1540,39.5200,45.0918,0.2825,42.4133,0.9682,1.3402,193.1758,13.8988
1541,40.3684,44.9010,0.2783,41.3597,0.9601,1.3323,193.1958,13.8995
1542,42.0749,67.5724,0.2828,16.6597,1.0423,1.3276,193.3132,13.9037
1543,41.3180,45.5107,0.2732,42.8459,0.9914,1.3130,193.3795,13.9061
1544,40.8476,44.8552,0.2759,42.5853,0.9456,1.3297,193.4881,13.9100
1545,44.1646,66.3965,0.2709,17.6434,1.0119,1.3040,193.8019,13.9213
1546,38.0309,45.9700,0.2896,40.6204,0.9574,1.3597,193.8702,13.9237
1547,39.5256,62.8932,0.2888,22.2235,0.9294,1.3584,193.9291,13.9258
1548,40.0555,45.8261,0.2794,40.7126,1.0193,1.3228,194.0067,13.9286
1549,43.4641,66.4712,0.2744,18.5305,0.9878,1.3158,194.0499,13.9302
1550,40.9628,45.9009,0.2748,41.2844,1.0159,1.3123,194.2365,13.9369
1551,41.2466,46.4892,0.2732,39.5267,1.0374,1.3049,194.2946,13.9390
1552,41.1955,46.1976,0.2735,38.1808,1.0416,1.3046,194.8654,13.9594
1553,40.2205,66.0621,0.2895,18.6100,0.9985,1.3496,194.8889,13.9603
1554,42.8359,67.0630,0.2783,17.5403,1.0041,1.3224,195.0115,13.9647
1555,42.0715,66.5837,0.2813,19.3618,0.9799,1.3329,195.1787,13.9706
1556,43.3310,67.0962,0.2760,17.1823,1.0121,1.3154,195.6008,13.9857
1557,43.3942,67.2128,0.2759,17.6369,1.0252,1.3126,196.3878,14.0138
1558,40.8802,66.2084,0.2865,18.3022,0.9910,1.3430,196.4600,14.0164
1559,40.3993,44.8297,0.2781,41.6161,0.9824,1.3254,196.4733,14.0169
1560,40.8112,45.1248,0.2759,41.7672,0.9966,1.3172,196.4816,14.0172
1561,41.9341,45.9032,0.2699,41.4450,1.0066,1.3010,196.5288,14.0189
1562,41.3081,44.8797,0.2735,41.4317,0.9548,1.3206,196.6418,14.0229
1563,42.0704,66.5073,0.2812,18.5010,0.9828,1.3315,196.6697,14.0239
1564,40.1875,45.6903,0.2788,42.5855,1.0083,1.3218,197.3522,14.0482
1565,40.4526,44.7259,0.2779,41.3258,0.9727,1.3266,197.3722,14.0489
1566,38.7007,46.1477,0.2862,40.2688,1.0216,1.3367,197.4321,14.0511
1567,38.7811,46.4326,0.2857,39.2726,1.0361,1.3331,197.4477,14.0516
1568,43.5889,66.5179,0.2739,16.8073,0.9968,1.3116,197.7124,14.0610
1569,41.7294,45.0921,0.2713,39.7211,0.9831,1.3084,197.8335,14.0653
1570,40.7777,45.3672,0.2760,41.4399,1.0091,1.3144,198.1748,14.0775
1571,42.0385,66.7307,0.2817,19.5195,0.9785,1.3327,198.1754,14.0775
1572,40.1068,44.7466,0.2797,44.3388,0.9667,1.3311,198.1965,14.0782
1573,40.3555,45.7779,0.2779,39.4742,1.0326,1.3150,198.5112,14.0894
1574,41.9460,51.0769,0.2691,35.1075,1.1093,1.2852,198.6461,14.0942
1575,40.3750,44.9316,0.2782,39.5205,1.0036,1.3202,199.0324,14.1079
1576,42.7420,67.6550,0.2797,16.0144,1.0315,1.3198,199.1872,14.1134
1577,43.9520,66.0636,0.2714,18.3131,0.9783,1.3075,199.2508,14.1156
1578,42.1951,66.8132,0.2810,16.8412,0.9982,1.3277,199.3622,14.1196
1579,40.1438,44.7604,0.2795,40.7553,0.9515,1.3346,199.3794,14.1202
1580,40.6816,65.1203,0.2859,21.2787,0.9465,1.3468,199.4415,14.1224
1581,38.7200,45.1316,0.2865,42.3592,0.9534,1.3503,199.6494,14.1297
1582,40.8751,66.8332,0.2875,19.1777,0.9937,1.3434,199.7070,14.1318
1583,38.4319,45.9543,0.2876,40.4211,1.0123,1.3405,199.7312,14.1326
1584,44.6404,66.1469,0.2682,19.0715,1.0016,1.2962,200.0952,14.1455
1585,42.4897,67.1295,0.2801,18.0872,0.9935,1.3258,200.2578,14.1512
1586,39.1888,45.2165,0.2841,39.9404,1.0028,1.3336,200.4222,14.1571
1587,43.9011,66.3812,0.2721,18.6436,1.0487,1.2973,200.7532,14.1687
1588,42.2929,45.3800,0.2683,41.4373,0.9263,1.3132,200.8559,14.1724
1589,40.1312,46.4762,0.2788,38.8747,1.0528,1.3132,201.1564,14.1830
1590,44.1771,66.8207,0.2715,17.4679,1.0142,1.3018,201.2445,14.1861
1591,39.5321,46.2466,0.2819,40.6078,1.0360,1.3228,201.8333,14.2068
1592,38.8223,45.1641,0.2860,40.7267,0.9832,1.3413,201.9722,14.2117
1593,40.7933,64.2884,0.2843,20.5078,0.9365,1.3423,202.0303,14.2137
1594,39.1881,45.6702,0.2839,41.5518,1.0151,1.3304,202.0568,14.2147
1595,43.6015,66.8048,0.2742,18.6406,0.9848,1.3123,202.1108,14.2166
1596,41.1765,67.4451,0.2869,17.9789,1.0113,1.3383,202.1381,14.2175
1597,38.2620,45.6758,0.2886,40.1242,0.9974,1.3444,202.1994,14.2197
1598,40.9178,45.0401,0.2754,40.8255,1.0092,1.3112,202.3518,14.2250
1599,43.3687,66.9887,0.2757,18.2058,0.9891,1.3149,202.4877,14.2298
1600,41.5956,67.7360,0.2854,17.2021,1.0209,1.3330,202.5181,14.2309
1601,41.2825,65.9292,0.2841,18.7156,0.9705,1.3374,202.6284,14.2348
1602,42.6503,67.5793,0.2801,17.1449,1.0094,1.3223,202.6928,14.2370
1603,38.2890,47.3447,0.2879,39.1830,1.0546,1.3336,202.9651,14.2466
1604,43.5587,67.4659,0.2755,16.9277,1.0282,1.3083,203.2196,14.2555
1605,44.3437,66.6118,0.2704,18.5035,1.0224,1.2966,203.3609,14.2605
1606,43.9496,66.5027,0.2721,18.3963,0.9815,1.3069,203.4068,14.2621
1607,39.6288,44.9802,0.2820,40.9738,1.0051,1.3268,203.6759,14.2715
1608,43.1088,65.3669,0.2745,19.9677,0.9433,1.3171,203.9186,14.2800
1609,42.2704,45.0633,0.2686,42.0942,0.9718,1.3013,204.0278,14.2838
1610,41.2423,45.0677,0.2738,41.8094,1.0043,1.3074,204.0366,14.2841
1611,38.0836,50.3098,0.2886,36.3094,1.1075,1.3297,204.0447,14.2844
1612,42.1406,45.2821,0.2691,41.1903,0.9988,1.2969,204.7571,14.3093
1613,41.0037,44.8391,0.2751,41.3732,1.0031,1.3104,204.7751,14.3100
1614,41.6348,46.5107,0.2712,38.0095,1.0571,1.2928,204.8119,14.3113
1615,43.7942,66.7965,0.2733,17.2741,1.0565,1.2972,204.9621,14.3165
1616,41.8682,44.8160,0.2707,41.8922,0.9816,1.3038,205.3301,14.3293
1617,40.7608,67.0597,0.2884,18.0405,1.0024,1.3415,205.3915,14.3315
1618,39.0936,44.8723,0.2847,41.2936,0.9867,1.3359,205.6508,14.3405
1619,42.3586,65.9001,0.2789,21.5986,0.9390,1.3282,205.6849,14.3417
1620,40.8349,45.3613,0.2757,41.9500,1.0160,1.3093,205.7828,14.3451
1621,44.4403,66.6963,0.2700,19.4849,0.9995,1.2983,206.0739,14.3553
1622,44.7034,66.4863,0.2684,17.7393,1.0081,1.2932,206.1469,14.3578
1623,38.2874,45.5748,0.2885,40.9210,1.0028,1.3412,206.4227,14.3674
1624,43.4916,66.2648,0.2739,18.2546,0.9689,1.3115,206.4321,14.3677
1625,41.9714,67.8373,0.2837,15.6129,1.0261,1.3268,206.5187,14.3708
1626,40.4432,45.2945,0.2777,40.6600,1.0252,1.3121,206.6414,14.3750
1627,42.1153,45.6855,0.2691,41.6323,1.0120,1.2937,206.7480,14.3787
1628,43.8067,66.8141,0.2733,19.2620,0.9769,1.3089,206.9350,14.3852
1629,44.6476,66.3071,0.2684,18.8345,1.0254,1.2898,206.9690,14.3864
1630,41.4249,68.1849,0.2869,17.4784,1.0332,1.3324,207.0537,14.3894
1631,44.4539,66.5374,0.2697,18.9498,1.0259,1.2927,207.1440,14.3925
1632,38.8804,44.8477,0.2858,40.3642,0.9667,1.3424,207.2672,14.3968
1633,41.5187,67.9700,0.2861,19.1298,1.0096,1.3342,207.3968,14.4013
1634,41.1774,67.8294,0.2875,19.3401,1.0070,1.3379,207.4105,14.4018
1635,41.7695,67.9140,0.2848,16.8920,1.0187,1.3299,207.4189,14.4020
1636,39.2966,44.8240,0.2837,41.9324,0.9949,1.3311,207.4206,14.4021
1637,41.1582,67.8164,0.2876,17.9806,1.0152,1.3368,207.4387,14.4027
1638,42.8658,67.0019,0.2781,16.4653,1.0853,1.3024,207.5005,14.4049
1639,38.0760,47.7637,0.2889,41.1062,1.0498,1.3351,207.5667,14.4072
1640,44.1828,66.9258,0.2716,17.6330,0.9948,1.3020,207.9600,14.4208
1641,38.7109,45.9644,0.2862,39.6685,1.0369,1.3295,208.0531,14.4240
1642,38.4617,46.0186,0.2874,40.6745,1.0280,1.3338,208.2051,14.4293
1643,44.0039,66.0686,0.2712,18.0741,0.9683,1.3039,208.5288,14.4405
1644,38.8726,44.9951,0.2858,41.6935,0.9961,1.3351,208.6911,14.4461
1645,41.4744,67.0681,0.2849,16.9710,0.9971,1.3327,208.8000,14.4499
1646,42.8118,68.1312,0.2802,16.1549,1.0310,1.3165,208.8432,14.4514
1647,43.6066,66.8662,0.2743,17.2260,0.9855,1.3091,208.9384,14.4547
1648,41.5421,45.3968,0.2721,41.3382,1.0198,1.2987,208.9762,14.4560
1649,39.4863,44.7708,0.2828,41.4415,1.0033,1.3265,209.1663,14.4626
1650,40.7093,65.1002,0.2858,19.1840,0.9529,1.3401,209.7440,14.4825
1651,42.3025,67.8348,0.2821,18.2269,0.9988,1.3255,209.9375,14.4892
1652,41.4596,44.6683,0.2729,40.8043,1.0034,1.3027,209.9467,14.4895
1653,40.5348,45.4150,0.2772,39.9971,1.0364,1.3078,209.9692,14.4903
1654,42.7544,66.7788,0.2783,17.8744,0.9750,1.3194,210.1062,14.4950
1655,39.5983,45.2439,0.2820,40.6285,1.0268,1.3202,210.5867,14.5116
1656,39.1229,44.7499,0.2846,41.3544,0.9971,1.3313,210.6935,14.5153
1657,38.3915,45.2981,0.2881,42.5306,0.9945,1.3398,210.7003,14.5155
1658,39.8354,44.4698,0.2812,41.4787,0.9973,1.3231,210.7686,14.5179
1659,39.6602,45.4332,0.2816,40.2773,1.0342,1.3181,210.8435,14.5204
1660,42.3487,44.8134,0.2683,41.2938,0.9756,1.2969,210.9521,14.5242
1661,43.0117,67.9804,0.2790,18.0287,1.0052,1.3165,211.1926,14.5325
1662,40.6100,67.2584,0.2894,17.9240,1.0031,1.3411,211.2700,14.5351
1663,41.4784,68.4017,0.2870,17.1308,1.0332,1.3304,212.1040,14.5638
1664,41.7105,44.7270,0.2716,40.5572,1.0069,1.2980,212.2072,14.5673
1665,38.5922,45.0423,0.2872,41.3941,1.0000,1.3360,212.3015,14.5706
1666,39.8128,46.4594,0.2804,39.6375,1.0593,1.3117,212.4229,14.5747
1667,41.6879,68.3723,0.2860,16.7714,1.0302,1.3284,212.4443,14.5755
1668,41.0780,68.4607,0.2890,17.5295,1.0557,1.3307,212.4713,14.5764
1669,42.1754,45.5914,0.2688,41.5405,1.0180,1.2895,212.6835,14.5837
1670,41.9137,44.9530,0.2704,41.6842,1.0065,1.2950,213.0198,14.5952
1671,44.4282,66.4423,0.2697,20.3895,1.0300,1.2890,213.3042,14.6049
1672,42.0540,45.2144,0.2696,40.9051,1.0169,1.2911,213.4153,14.6087
1673,40.6931,66.0735,0.2872,19.3730,0.9635,1.3407,213.4463,14.6098
1674,40.3594,66.6825,0.2897,19.6291,0.9784,1.3445,213.7956,14.6218
1675,40.3149,45.1955,0.2784,41.0360,1.0303,1.3099,213.9017,14.6254
1676,42.3797,67.4315,0.2811,18.1645,0.9823,1.3235,214.0672,14.6310
1677,38.4603,44.8618,0.2879,39.8364,0.9797,1.3411,214.3389,14.6403
1678,41.8943,67.3271,0.2833,17.7958,0.9851,1.3280,214.3941,14.6422
1679,44.5271,66.7401,0.2697,17.8547,0.9841,1.2958,214.4620,14.6445
1680,42.0016,44.7039,0.2701,41.2080,1.0005,1.2946,214.6388,14.6506
1681,43.8267,67.6667,0.2745,16.8214,1.0035,1.3047,214.7035,14.6528
1682,40.5868,45.7515,0.2768,40.5685,1.0446,1.3039,214.7039,14.6528
1683,40.6749,44.5568,0.2769,42.2962,1.0078,1.3093,215.0201,14.6636
1684,43.9075,67.6821,0.2742,18.4615,0.9985,1.3043,215.2686,14.6720
1685,41.1431,68.6144,0.2890,17.6688,1.0493,1.3304,215.3259,14.6740
1686,38.4322,44.6494,0.2882,42.3846,0.9627,1.3447,215.5525,14.6817
1687,38.6084,45.1471,0.2870,42.1121,1.0086,1.3327,215.5687,14.6823
1688,43.3659,68.0557,0.2774,19.0467,1.0014,1.3113,215.6838,14.6862
1689,42.2068,45.0240,0.2689,41.4997,1.0079,1.2900,215.7415,14.6881
1690,41.7946,67.8845,0.2847,17.5594,0.9992,1.3286,215.8837,14.6930
1691,42.3831,67.5247,0.2812,18.9117,0.9771,1.3238,215.9594,14.6956
1692,40.3958,64.9096,0.2871,20.1729,0.9392,1.3420,215.9706,14.6959
1693,44.2293,65.9616,0.2699,17.7286,0.9618,1.2981,216.1613,14.7024
1694,41.9576,45.6261,0.2699,42.9035,1.0175,1.2906,216.6707,14.7197
1695,43.4694,67.9448,0.2767,17.6273,0.9990,1.3096,216.8093,14.7244
1696,42.9309,67.3701,0.2784,16.9808,0.9850,1.3152,216.8452,14.7257
1697,42.2584,45.0209,0.2687,41.4871,1.0086,1.2887,216.9157,14.7281
1698,41.0494,46.8274,0.2741,40.1722,1.0635,1.2946,217.0865,14.7339
1699,41.1821,68.2590,0.2882,16.9921,1.0209,1.3330,217.1180,14.7349
1700,43.7298,68.0784,0.2757,14.8474,1.0315,1.3024,217.3855,14.7440
1701,44.3782,66.6606,0.2703,18.1507,0.9724,1.2973,217.5606,14.7499
1702,44.6127,66.6834,0.2692,19.8120,1.0254,1.2868,217.5911,14.7510
1703,41.9006,45.0344,0.2705,41.5942,1.0171,1.2914,217.6713,14.7537
1704,40.7845,67.8552,0.2895,17.7302,1.0974,1.3214,217.7756,14.7572
1705,42.3972,44.7511,0.2681,39.9189,1.0004,1.2883,217.9397,14.7628
1706,41.8587,68.4344,0.2853,16.9102,1.0175,1.3263,218.1074,14.7685
1707,39.0934,44.5912,0.2848,42.6698,1.0006,1.3277,218.3272,14.7759
1708,38.6404,45.0965,0.2869,42.3959,1.0108,1.3308,218.4022,14.7784
1709,44.2522,66.9639,0.2714,17.9581,0.9769,1.2989,218.6215,14.7859
1710,38.8531,44.7844,0.2860,40.6919,1.0149,1.3276,218.6827,14.7879
1711,38.1050,44.9099,0.2897,39.3234,0.9611,1.3476,218.8976,14.7952
1712,43.8834,67.9914,0.2748,16.6758,1.0104,1.3024,219.1000,14.8020
1713,42.1114,46.1509,0.2689,42.1761,1.0323,1.2851,219.2851,14.8083
1714,42.8562,67.8914,0.2796,18.6826,0.9829,1.3174,219.4229,14.8129
1715,43.0979,68.5387,0.2795,17.3829,1.0216,1.3112,219.9747,14.8315
1716,43.7568,68.2364,0.2758,15.8098,1.0266,1.3019,220.4551,14.8477
1717,41.4332,67.8386,0.2863,19.4112,0.9833,1.3328,220.5671,14.8515
1718,42.2125,68.4236,0.2835,16.3330,1.0131,1.3218,220.8772,14.8619
1719,40.6543,45.9844,0.2764,40.8446,1.0531,1.2994,220.9827,14.8655
1720,41.0820,68.5526,0.2892,16.2940,1.0311,1.3318,221.2939,14.8759
1721,44.3037,66.9777,0.2711,17.4492,0.9769,1.2970,221.4753,14.8820
1722,42.4529,67.4010,0.2807,18.3308,0.9712,1.3206,221.4924,14.8826
1723,42.0179,68.1275,0.2840,16.7427,1.0013,1.3240,221.9379,14.8976
1724,44.4938,67.6583,0.2713,15.8876,1.0290,1.2901,222.0136,14.9001
1725,42.6780,67.4068,0.2796,18.9837,0.9659,1.3186,222.0361,14.9009
1726,43.6200,68.2771,0.2766,18.5155,1.0170,1.3039,222.2421,14.9078
1727,40.4471,67.0945,0.2899,17.8557,0.9899,1.3392,222.4055,14.9133
1728,42.3567,67.6237,0.2815,18.1250,0.9765,1.3213,222.6134,14.9202
1729,42.4823,68.9001,0.2831,16.6181,1.0305,1.3167,223.4157,14.9471
1730,44.8603,66.8640,0.2683,17.4775,0.9823,1.2886,223.5662,14.9521
1731,38.3688,45.4901,0.2881,39.4537,1.0436,1.3260,223.6130,14.9537
1732,40.1764,45.1324,0.2791,41.7434,1.0365,1.3066,223.8367,14.9612
1733,41.0634,66.6892,0.2863,17.3947,0.9747,1.3319,223.9618,14.9654
1734,39.3887,44.9486,0.2832,39.5135,1.0433,1.3145,224.0152,14.9671
1735,41.6011,45.6051,0.2717,40.7322,1.0466,1.2875,224.3622,14.9787
1736,41.7829,68.3248,0.2854,17.5704,0.9993,1.3264,224.6162,14.9872
1737,43.6352,68.2848,0.2765,16.0022,1.0070,1.3043,225.0318,15.0011
1738,42.8252,68.3519,0.2805,15.6566,1.0070,1.3136,225.1476,15.0049
1739,44.6257,67.5589,0.2705,18.4615,0.9943,1.2918,225.2276,15.0076
1740,43.0872,68.7674,0.2799,14.4894,1.0331,1.3086,225.3820,15.0127
1741,40.2990,46.3230,0.2780,40.4592,1.0658,1.3002,225.4089,15.0136
1742,40.3165,44.8205,0.2786,39.3397,1.0477,1.3024,225.6977,15.0232
1743,42.5694,67.8488,0.2809,15.9093,0.9932,1.3161,225.7033,15.0234
1744,39.6760,45.5491,0.2815,42.1879,1.0416,1.3108,225.7618,15.0254
1745,42.2912,44.7903,0.2686,42.7609,1.0077,1.2849,225.8178,15.0272
1746,41.3473,45.8960,0.2729,39.9588,1.0605,1.2879,226.0351,15.0345
1747,42.3244,45.3469,0.2682,41.4796,1.0295,1.2804,226.3304,15.0443
1748,44.6846,67.4716,0.2701,15.6469,1.0015,1.2893,226.3811,15.0460
1749,42.4225,68.8630,0.2833,16.7942,1.0161,1.3181,226.4328,15.0477
1750,43.3111,68.7140,0.2788,15.9279,1.0433,1.3033,226.5881,15.0528
1751,40.9894,66.5683,0.2865,18.8178,0.9585,1.3332,226.9359,15.0644
1752,42.5297,68.9914,0.2830,16.9286,1.0448,1.3123,227.0774,15.0691
1753,44.6279,67.5304,0.2705,16.2368,0.9964,1.2905,227.0875,15.0694
1754,43.4804,68.4811,0.2776,18.1154,0.9980,1.3071,227.1375,15.0711
1755,40.6287,65.6716,0.2870,20.0525,0.9373,1.3367,227.2664,15.0754
1756,42.6415,66.9818,0.2791,20.0954,0.9444,1.3177,227.2974,15.0764
1757,43.9270,68.4588,0.2754,16.0142,1.0180,1.2990,227.5992,15.0864
1758,41.1358,69.1261,0.2899,16.1853,1.0464,1.3278,227.7394,15.0910
1759,40.9299,45.6470,0.2751,41.0121,1.0537,1.2933,228.0333,15.1008
1760,44.0180,68.4462,0.2750,15.6626,1.0247,1.2967,228.1597,15.1050
1761,39.4412,44.8304,0.2830,41.7919,1.0327,1.3140,228.4042,15.1130
1762,42.6094,68.9031,0.2825,16.4803,1.0151,1.3155,228.4473,15.1145
1763,42.8811,68.9959,0.2813,13.5157,1.0461,1.3087,228.4592,15.1149
1764,44.3081,68.0017,0.2728,16.6958,0.9967,1.2950,229.3768,15.1452
1765,43.6035,68.7708,0.2775,16.1537,1.0289,1.3013,229.5288,15.1502
1766,38.6051,44.9969,0.2871,41.1404,1.0336,1.3226,229.7510,15.1575
1767,43.8638,67.0218,0.2733,16.8081,0.9671,1.2993,229.8460,15.1607
1768,43.4178,68.7625,0.2784,18.1247,1.0066,1.3064,229.8555,15.1610
1769,43.4852,68.8580,0.2782,15.9698,1.0311,1.3025,229.8813,15.1618
1770,41.8109,68.1515,0.2850,15.3193,1.0047,1.3222,230.2466,15.1739
1771,44.7746,67.7354,0.2701,17.8378,1.0086,1.2865,230.2678,15.1746
1772,41.4176,68.1740,0.2869,17.5304,0.9919,1.3282,230.5283,15.1832
1773,41.1742,69.0766,0.2896,17.5259,1.0251,1.3292,230.5647,15.1844
1774,42.1843,68.6751,0.2841,16.7257,1.0769,1.3074,230.6259,15.1864
1775,44.3976,68.1654,0.2727,15.9239,1.0074,1.2925,230.8880,15.1950
1776,44.6533,67.8028,0.2708,16.6371,1.0336,1.2839,231.2330,15.2063
1777,41.6946,69.2094,0.2873,17.3901,1.0239,1.3239,231.4928,15.2149
1778,38.6822,45.0802,0.2867,42.5377,1.0301,1.3215,231.8531,15.2267
1779,41.6765,67.7455,0.2850,18.2172,0.9726,1.3256,231.8969,15.2282
1780,41.6234,68.7106,0.2868,17.6762,1.0015,1.3260,231.9156,15.2288
1781,44.0634,67.0089,0.2723,18.0504,0.9574,1.2973,232.0237,15.2323
1782,42.3955,68.0438,0.2820,16.7134,0.9834,1.3167,232.8527,15.2595
1783,44.1739,68.2716,0.2739,16.9149,0.9952,1.2962,232.8788,15.2604
1784,41.5867,68.8500,0.2873,16.7670,1.0107,1.3251,233.1036,15.2677
1785,43.7513,67.5969,0.2748,17.6404,0.9678,1.3015,233.1326,15.2687
1786,40.8333,45.4039,0.2757,41.8239,1.0507,1.2928,233.6059,15.2842
1787,42.4658,69.2778,0.2838,17.0883,1.0456,1.3109,233.6804,15.2866
1788,43.4659,67.7971,0.2765,16.4548,0.9775,1.3038,234.0497,15.2987
1789,43.8305,68.7774,0.2764,16.2562,1.0097,1.2995,234.4061,15.3103
1790,45.0494,67.6654,0.2687,15.7823,1.0031,1.2820,234.5536,15.3151
1791,41.6852,44.6879,0.2717,43.1551,1.0245,1.2861,234.5787,15.3160
1792,42.6117,69.0935,0.2828,16.2498,1.0114,1.3139,234.8589,15.3251
1793,45.0579,67.4739,0.2683,18.5441,0.9804,1.2838,235.4517,15.3444
1794,42.7811,67.6965,0.2796,17.3499,0.9672,1.3117,235.6273,15.3502
1795,44.1569,68.6814,0.2747,15.8885,1.0313,1.2915,236.0203,15.3630
1796,44.6270,68.0526,0.2714,16.2998,0.9947,1.2887,236.3248,15.3729
1797,44.7135,68.2057,0.2712,14.5664,1.0155,1.2856,236.4878,15.3782
1798,41.3141,69.0714,0.2889,17.6004,1.0111,1.3273,236.4920,15.3783
1799,38.8743,44.7009,0.2859,41.1489,1.0398,1.3159,236.7795,15.3876
1800,44.2818,67.7566,0.2725,15.5506,0.9848,1.2922,236.9568,15.3934
1801,42.1872,68.4176,0.2837,16.0270,0.9932,1.3174,237.0238,15.3956
1802,41.6754,46.1239,0.2711,40.7328,1.0673,1.2789,237.1405,15.3994
1803,43.1544,67.2199,0.2771,16.3589,0.9636,1.3049,237.4830,15.4105
1804,42.8349,69.4851,0.2824,15.8167,1.0309,1.3087,237.7761,15.4200
1805,44.3606,67.6942,0.2720,16.2695,0.9780,1.2914,237.9886,15.4269
1806,45.0806,67.9244,0.2690,15.6029,1.0097,1.2802,238.2348,15.4349
1807,43.9324,68.9950,0.2763,16.0070,1.0347,1.2930,239.7293,15.4832
1808,43.1862,69.2980,0.2804,16.4632,1.0094,1.3061,240.3426,15.5030
1809,41.8193,68.7156,0.2859,16.8750,0.9931,1.3211,240.3872,15.5044
1810,43.1182,68.1513,0.2787,18.1998,0.9647,1.3079,240.7218,15.5152
1811,42.5267,69.5653,0.2840,15.2645,1.0268,1.3118,240.7909,15.5174
1812,44.7033,67.3684,0.2699,17.6432,0.9635,1.2867,240.8107,15.5181
1813,42.4593,69.4560,0.2841,18.3959,1.0053,1.3150,241.0581,15.5260
1814,42.2311,45.1406,0.2687,43.5589,1.0313,1.2751,241.9976,15.5563
1815,44.8904,68.3970,0.2707,15.0362,1.0164,1.2817,242.2188,15.5634
1816,44.7273,67.8122,0.2705,17.7207,1.0422,1.2764,242.3384,15.5672
1817,44.1671,68.6520,0.2746,15.2965,0.9992,1.2930,242.4755,15.5716
1818,43.5492,69.0039,0.2782,15.8170,0.9997,1.3012,242.6535,15.5773
1819,44.5084,67.0445,0.2703,18.0062,0.9497,1.2881,242.8724,15.5844
1820,42.9941,69.0773,0.2809,16.2039,0.9961,1.3077,243.6177,15.6083
1821,40.8364,68.0939,0.2896,16.7805,0.9876,1.3282,245.0250,15.6533
1822,43.7004,69.2647,0.2779,15.8625,1.0054,1.2986,245.4185,15.6658
1823,40.6682,67.3046,0.2892,17.7354,0.9661,1.3296,245.5191,15.6690
1824,41.6687,69.2389,0.2875,15.0333,1.0160,1.3194,245.5408,15.6697
1825,44.9812,68.2362,0.2700,16.3067,1.0309,1.2761,245.5585,15.6703
1826,44.5544,67.7554,0.2712,16.9130,0.9669,1.2871,246.0424,15.6857
1827,43.2521,69.1983,0.2799,17.1818,0.9910,1.3048,246.1439,15.6890
1828,42.8811,69.6778,0.2825,14.7682,1.0621,1.3002,246.2242,15.6915
1829,44.6437,68.5454,0.2721,16.2856,1.0380,1.2795,246.5194,15.7009
1830,43.3434,69.5586,0.2801,14.2830,1.0604,1.2947,247.1428,15.7208
1831,43.7954,68.5892,0.2763,16.4046,1.0691,1.2830,248.0534,15.7497
1832,44.2892,67.5729,0.2722,17.2030,0.9550,1.2892,249.0321,15.7808
1833,42.8679,69.6038,0.2825,15.7405,1.0056,1.3070,250.2142,15.8182
1834,44.1701,68.3803,0.2741,14.4817,0.9861,1.2893,251.1529,15.8478
1835,43.3600,69.3440,0.2797,13.7529,1.0103,1.2995,251.2679,15.8514
1836,43.5142,69.3894,0.2790,14.4611,1.0055,1.2982,251.9696,15.8735
1837,41.9467,69.5618,0.2868,16.3073,1.0038,1.3163,251.9700,15.8736
1838,43.4577,69.9173,0.2802,15.7204,1.0239,1.2983,252.1425,15.8790
1839,43.1540,68.6888,0.2795,14.0341,0.9917,1.3006,252.6567,15.8952
1840,41.6177,69.9092,0.2889,16.2037,1.0168,1.3183,254.2448,15.9451
1841,45.1329,67.6016,0.2682,17.0625,0.9607,1.2768,254.2499,15.9452
1842,43.3426,69.4958,0.2800,14.6470,1.0030,1.2997,254.4528,15.9516
1843,41.9357,69.7697,0.2872,15.5039,1.0123,1.3150,254.4789,15.9524
1844,40.9910,67.7093,0.2882,16.7211,0.9677,1.3227,254.7495,15.9609
1845,44.4850,67.5278,0.2712,17.5102,0.9469,1.2848,255.1490,15.9734
1846,41.1887,68.3575,0.2883,18.0801,0.9665,1.3232,255.1964,15.9749
1847,41.4893,69.3982,0.2887,15.5275,1.0057,1.3188,255.3217,15.9788
1848,42.7925,70.3034,0.2841,15.7296,1.0359,1.3036,255.6939,15.9904
1849,43.9843,68.2893,0.2748,16.7175,0.9619,1.2916,255.7355,15.9917
1850,41.1654,67.8247,0.2876,16.9027,0.9647,1.3210,255.9383,15.9981
1851,42.2646,70.0359,0.2861,15.5346,1.0151,1.3111,256.4942,16.0154
1852,45.1489,68.6644,0.2700,17.1016,0.9887,1.2770,256.6712,16.0210
1853,44.6948,69.3001,0.2732,15.9407,1.0221,1.2799,257.2094,16.0377
1854,38.5643,44.8719,0.2874,43.3224,1.0509,1.3098,257.2275,16.0383
1855,44.0949,69.1680,0.2759,13.2468,1.0041,1.2886,257.3456,16.0420
1856,42.3095,70.4904,0.2867,14.5801,1.0520,1.3063,257.9491,16.0608
1857,43.4641,69.8298,0.2800,14.6338,1.0077,1.2975,258.2439,16.0700
1858,44.8760,69.1262,0.2721,15.0388,1.0358,1.2748,258.3987,16.0748
1859,45.1169,67.8366,0.2687,15.7883,1.0651,1.2615,258.5087,16.0782
1860,43.5940,69.3500,0.2786,16.2907,0.9823,1.2966,259.2304,16.1006
1861,43.0896,70.1698,0.2824,14.4895,1.0175,1.3010,259.8474,16.1198
1862,42.9626,70.0786,0.2829,16.9002,0.9983,1.3038,261.1147,16.1590
1863,43.8729,69.9210,0.2783,14.4272,1.0549,1.2850,261.1704,16.1608
1864,42.8701,70.4635,0.2840,14.1205,1.0290,1.3020,262.1136,16.1899
1865,43.3353,67.5100,0.2766,18.7531,0.9253,1.2967,262.2162,16.1931
1866,44.0619,70.0607,0.2776,12.5146,1.0547,1.2837,262.4777,16.2012
1867,42.9156,68.9788,0.2811,15.3596,0.9767,1.3015,262.5572,16.2036
1868,42.5855,70.1387,0.2848,15.9512,1.0038,1.3068,262.5788,16.2043
1869,43.1070,70.0036,0.2820,15.3810,1.0003,1.3008,262.9763,16.2165
1870,42.7237,69.4831,0.2829,15.6685,0.9839,1.3041,264.4631,16.2623
1871,45.0235,69.3355,0.2718,15.1951,1.0006,1.2761,264.6536,16.2682
1872,45.4008,68.9688,0.2693,15.8142,1.0157,1.2683,264.6895,16.2693
1873,41.9207,70.6884,0.2889,15.3995,1.0321,1.3111,264.9515,16.2773
1874,42.1396,69.9229,0.2865,16.4402,0.9936,1.3109,265.1120,16.2823
1875,43.4723,70.5335,0.2813,14.0828,1.0461,1.2916,265.5396,16.2954
1876,43.0853,70.6155,0.2833,17.6036,1.0274,1.2972,267.8281,16.3655
1877,42.8502,70.2739,0.2838,15.1935,1.0031,1.3021,267.9987,16.3707
1878,45.0223,69.6688,0.2724,13.6983,1.0146,1.2741,268.6663,16.3910
1879,42.9233,70.4630,0.2838,16.4184,1.0018,1.3018,268.9833,16.4007
1880,45.4131,69.1158,0.2695,15.1423,1.0291,1.2649,269.1060,16.4045
1881,44.4217,70.1516,0.2761,15.8148,1.0178,1.2817,269.4400,16.4146
1882,43.5287,70.5870,0.2811,14.2285,1.0532,1.2881,269.6948,16.4224
1883,43.1267,69.8293,0.2816,14.3819,0.9928,1.2974,270.1834,16.4373
1884,45.0130,69.1262,0.2714,14.1022,1.0622,1.2636,270.8842,16.4586
1885,45.1428,69.7043,0.2719,14.3125,1.0260,1.2700,271.5816,16.4797
1886,44.0744,69.8752,0.2772,14.1967,0.9940,1.2862,272.1287,16.4963
1887,44.9092,69.0228,0.2717,14.1027,0.9819,1.2745,272.2133,16.4989
1888,42.3742,70.3058,0.2861,15.7402,0.9971,1.3061,272.4450,16.5059
1889,43.5883,68.7500,0.2775,14.6092,0.9658,1.2893,272.5712,16.5097
1890,42.8000,68.7655,0.2813,16.0916,0.9567,1.2992,272.6633,16.5125
1891,45.1256,68.8682,0.2704,13.8500,0.9823,1.2711,272.8387,16.5178
1892,43.0132,70.8755,0.2841,11.6789,1.0426,1.2959,273.0307,16.5236
1893,44.2350,70.3960,0.2774,14.3345,1.0437,1.2795,273.1546,16.5274
1894,43.2354,70.8745,0.2831,14.2105,1.0563,1.2900,273.7906,16.5466
1895,43.2677,70.6216,0.2824,14.3464,1.0712,1.2849,276.0205,16.6139
1896,43.6145,69.8071,0.2793,14.7308,0.9815,1.2902,276.5469,16.6297
1897,42.5382,71.0273,0.2866,14.7321,1.0218,1.3022,276.5623,16.6302
1898,43.8002,70.9874,0.2806,12.4102,1.0438,1.2855,277.2774,16.6516
1899,44.1283,70.4490,0.2781,13.3120,1.0635,1.2761,277.4179,16.6559
1900,45.1706,69.3630,0.2711,14.1781,0.9858,1.2702,277.5714,16.6605
1901,41.6415,69.0143,0.2873,17.2234,0.9570,1.3109,277.6827,16.6638
1902,45.0574,70.1491,0.2731,14.0963,1.0266,1.2697,278.4523,16.6869
1903,45.4791,69.7569,0.2704,13.5309,1.0111,1.2652,278.9105,16.7006
1904,43.2582,69.1662,0.2798,15.0712,0.9637,1.2919,278.9727,16.7025
1905,41.6107,69.4123,0.2881,16.9477,0.9664,1.3111,279.1463,16.7077
1906,42.0939,69.5401,0.2860,16.0709,0.9703,1.3057,279.2316,16.7102
1907,41.4806,68.9621,0.2879,15.4361,0.9694,1.3097,280.0406,16.7344
1908,43.6983,69.9023,0.2791,14.6376,0.9801,1.2882,280.1382,16.7373
1909,44.6185,69.2700,0.2736,11.6991,0.9920,1.2740,280.2042,16.7393
1910,42.7186,70.2777,0.2844,15.4921,0.9852,1.2999,280.4164,16.7456
1911,45.4060,69.2233,0.2697,15.4631,1.0459,1.2576,280.4422,16.7464
1912,44.7130,70.3827,0.2752,13.8421,1.0448,1.2709,280.5215,16.7488
1913,45.0822,70.1204,0.2729,14.0291,1.0040,1.2712,280.6564,16.7528
1914,42.9044,70.7031,0.2843,17.1718,0.9868,1.2993,281.2911,16.7717
1915,41.8340,68.3671,0.2853,16.7197,0.9421,1.3054,281.6038,16.7811
1916,45.0572,70.2202,0.2732,15.3428,1.0200,1.2692,281.7855,16.7865
1917,45.3247,69.4474,0.2705,14.3469,1.0543,1.2577,282.0929,16.7956
1918,42.8892,70.4098,0.2838,14.1668,0.9946,1.2967,282.1505,16.7973
1919,44.2450,65.7912,0.2696,19.2136,0.8766,1.2741,282.3239,16.8025
1920,42.2692,71.4801,0.2888,15.2670,1.0316,1.3025,282.8243,16.8174
1921,43.4876,69.9390,0.2801,15.2016,0.9730,1.2898,283.5581,16.8392
1922,43.9597,69.4751,0.2770,17.1752,0.9508,1.2848,284.2699,16.8603
1923,45.5973,69.2602,0.2689,15.2475,1.0455,1.2536,285.2113,16.8882
1924,43.1154,71.0924,0.2840,13.1495,1.0147,1.2931,286.0059,16.9117
1925,42.1496,70.9569,0.2883,15.3281,1.0029,1.3041,286.1142,16.9149
1926,42.6120,70.3414,0.2850,13.6568,0.9933,1.2973,286.7206,16.9328
1927,43.6702,71.4463,0.2821,14.2084,1.0354,1.2852,287.0012,16.9411
1928,42.0999,69.7789,0.2864,14.6717,0.9775,1.3020,287.1869,16.9466
1929,43.4718,70.8829,0.2820,15.0972,0.9929,1.2901,287.6089,16.9590
1930,45.8594,69.7631,0.2686,13.4116,1.0291,1.2548,287.7341,16.9627
1931,42.5382,71.1876,0.2869,14.8763,1.0070,1.2995,288.0326,16.9715
1932,42.6764,70.7363,0.2854,14.4196,0.9939,1.2972,288.9940,16.9998
1933,41.7675,69.8576,0.2881,15.9060,0.9710,1.3057,289.3389,17.0100
1934,45.6310,70.1583,0.2704,13.8629,1.0193,1.2596,289.3426,17.0101
1935,42.8243,71.3402,0.2859,15.8765,1.0020,1.2966,290.3766,17.0404
1936,44.2995,70.9723,0.2782,14.7109,0.9972,1.2794,291.1712,17.0637
1937,44.4859,70.3437,0.2762,15.3526,0.9758,1.2768,291.3301,17.0684
1938,44.7621,71.0482,0.2762,13.8519,1.0267,1.2711,291.3336,17.0685
1939,43.8878,71.5024,0.2812,13.1345,1.0224,1.2829,292.0586,17.0897
1940,41.7625,70.3306,0.2890,14.0097,0.9930,1.3038,292.2644,17.0957
1941,45.9031,69.6253,0.2681,14.6443,0.9827,1.2567,292.8809,17.1138
1942,44.4149,70.6857,0.2772,13.0531,0.9958,1.2762,292.9756,17.1165
1943,45.4447,70.5195,0.2720,13.7117,1.0290,1.2600,293.6042,17.1349
1944,43.6602,70.4588,0.2803,13.9981,0.9810,1.2845,293.6750,17.1369
1945,42.8048,71.4867,0.2863,12.0270,1.0254,1.2932,294.0127,17.1468
1946,44.6666,71.0733,0.2767,14.3638,1.0035,1.2738,294.2389,17.1534
1947,42.9308,70.8950,0.2845,13.4627,0.9964,1.2923,294.4918,17.1608
1948,45.4700,70.2449,0.2714,12.6221,0.9971,1.2616,295.2388,17.1825
1949,41.5327,69.0789,0.2879,15.3041,0.9563,1.3033,295.4404,17.1884
1950,44.5836,70.4922,0.2760,14.1836,0.9809,1.2737,295.8610,17.2006
1951,43.3803,71.7717,0.2841,16.6783,1.0281,1.2861,296.0362,17.2057
1952,43.7344,70.9159,0.2808,11.8072,1.0043,1.2821,296.4004,17.2163
1953,45.3986,70.4902,0.2722,12.4435,1.0017,1.2624,296.6713,17.2241
1954,41.7976,70.0691,0.2884,15.4012,0.9709,1.3025,296.8995,17.2308
1955,44.8565,70.4984,0.2747,14.4282,0.9806,1.2702,297.1237,17.2373
1956,42.1650,70.0606,0.2866,13.1225,0.9842,1.2967,297.5367,17.2493
1957,45.9873,70.2446,0.2689,12.9933,1.0209,1.2522,297.7370,17.2551
1958,42.9443,70.5597,0.2838,14.1708,0.9793,1.2907,298.0775,17.2649
1959,41.6366,70.0457,0.2891,13.9848,0.9822,1.3022,298.3778,17.2736
1960,45.4442,70.5686,0.2721,12.2835,1.0544,1.2544,299.0822,17.2940
1961,45.4322,70.7821,0.2726,14.8647,1.0021,1.2620,299.4474,17.3045
1962,42.8643,71.0752,0.2852,14.6678,0.9868,1.2925,299.5614,17.3078
1963,42.6720,72.0712,0.2880,12.2447,1.0367,1.2927,300.2447,17.3276
1964,42.4554,71.5150,0.2879,14.6325,1.0020,1.2967,300.3226,17.3298
1965,45.9173,69.7428,0.2683,15.7958,1.0341,1.2468,300.8496,17.3450
1966,45.9772,69.7940,0.2681,14.0956,1.0466,1.2446,301.6909,17.3693
1967,45.9588,69.8895,0.2684,13.6913,0.9789,1.2528,303.0646,17.4087
1968,42.2673,70.8406,0.2876,13.4122,0.9912,1.2956,303.1728,17.4119
1969,42.8129,71.8634,0.2869,11.9631,1.0238,1.2906,303.3668,17.4174
1970,46.0423,70.3509,0.2689,13.4787,0.9941,1.2517,304.9303,17.4623
1971,41.5512,70.2170,0.2898,14.5303,0.9753,1.3012,305.2396,17.4711
1972,43.2321,71.6743,0.2846,13.8641,0.9977,1.2867,306.5628,17.5089
1973,42.7029,71.5267,0.2868,13.9623,0.9953,1.2916,307.1832,17.5266
1974,44.8299,70.5615,0.2750,13.4614,0.9738,1.2663,307.7295,17.5422
1975,42.0814,71.3200,0.2893,14.8766,0.9870,1.2971,309.4500,17.5912
1976,43.4315,70.8003,0.2820,12.9656,0.9781,1.2809,309.8877,17.6036
1977,41.7450,70.8208,0.2900,16.1665,0.9675,1.2997,311.5893,17.6519
1978,45.6013,70.6515,0.2715,13.9112,1.0532,1.2467,312.1510,17.6678
1979,42.6632,70.6794,0.2854,14.9821,0.9610,1.2885,313.7018,17.7116
1980,44.2169,70.9956,0.2787,12.3046,0.9813,1.2711,314.0194,17.7206
1981,45.4445,69.8965,0.2708,15.4406,0.9461,1.2562,314.1026,17.7229
1982,45.2845,70.7370,0.2732,13.8029,0.9716,1.2593,314.3396,17.7296
1983,46.2543,70.5145,0.2682,13.7778,1.0349,1.2399,316.4505,17.7891
1984,44.5645,70.3204,0.2758,14.0260,0.9527,1.2652,317.3065,17.8131
1985,45.2389,69.9952,0.2720,13.2734,0.9543,1.2558,318.0534,17.8341
1986,43.2256,70.6713,0.2827,14.4461,0.9556,1.2801,319.2629,17.8679
1987,44.6707,70.0924,0.2748,14.1084,0.9449,1.2621,320.3207,17.8975
1988,44.4105,70.5519,0.2769,14.0196,0.9533,1.2663,320.6133,17.9057
1989,44.1287,70.9480,0.2790,13.8461,0.9603,1.2697,322.3358,17.9537
1990,43.5688,71.2528,0.2822,12.4554,0.9771,1.2754,322.5763,17.9604
1991,43.6392,71.1336,0.2817,13.7479,0.9649,1.2752,322.7205,17.9644
1992,43.5040,70.8189,0.2817,14.5272,0.9530,1.2762,323.0242,17.9729
1993,42.5102,71.0439,0.2868,14.0893,0.9660,1.2862,323.8893,17.9969
1994,41.1349,68.8586,0.2894,13.4065,0.9442,1.2930,324.4739,18.0132
1995,42.3249,71.9475,0.2894,13.4870,0.9804,1.2853,335.3236,18.3118
1996,42.0796,71.1800,0.2891,15.2964,0.9524,1.2871,335.5294,18.3175
1997,41.6861,70.2911,0.2893,15.9700,0.9298,1.2880,338.1571,18.3890
1998,42.6454,71.8939,0.2878,13.7008,0.9707,1.2809,338.8083,18.4067
1999,45.5146,70.8438,0.2723,12.7678,0.9492,1.2456,341.9617,18.4922
2000,42.6251,72.0600,0.2882,14.2557,0.9567,1.2765,352.2125,18.7673
