round,x0,y0,d,theta0_degree,delta_theta_degree,gain,mse
1,40.9786,56.6103,0.2760,29.8083,0.9932,1.3879,36.2004
1,40.1298,56.4725,0.2802,29.6725,1.0013,1.3955,38.7011
1,39.9519,55.6674,0.2806,29.9689,0.9697,1.3977,52.9284
1,41.1459,56.5726,0.2751,29.7181,1.0166,1.3773,43.7173
1,40.3568,55.8983,0.2787,29.3815,0.9824,1.3939,43.9643
1,40.5812,55.9823,0.2776,29.8268,1.0012,1.3904,35.7951
1,39.9438,56.4031,0.2811,29.4461,0.9818,1.3986,46.9748
1,41.0063,56.2238,0.2756,29.9477,0.9943,1.3870,35.6965
1,41.0551,55.5366,0.2750,29.6230,1.0087,1.3809,38.5576
1,40.9908,55.9160,0.2755,29.6838,1.0274,1.3741,48.2151
1,39.9227,56.0945,0.2810,29.2916,1.0137,1.3936,41.5321
1,40.3775,56.9879,0.2793,29.4473,0.9870,1.3955,40.9505
1,40.2108,56.6211,0.2799,29.8657,1.0108,1.3919,40.2994
1,41.0740,55.5876,0.2749,29.2952,0.9759,1.3847,46.7196
1,40.1040,56.2805,0.2802,30.1209,0.9896,1.3977,39.8947
1,39.9384,55.7595,0.2808,29.5543,1.0186,1.3909,43.6194
1,40.4995,55.6034,0.2778,29.7560,0.9716,1.3922,48.5710
1,40.2212,56.2382,0.2796,29.4429,1.0208,1.3880,42.5952
1,40.0274,56.2592,0.2806,29.7149,0.9937,1.3974,40.6157
1,39.9038,55.8623,0.2810,30.1924,0.9736,1.3994,49.1686
1,40.8513,56.6932,0.2767,29.9578,0.9896,1.3903,36.6727
1,40.3583,55.6760,0.2786,29.5052,1.0241,1.3842,44.1318
1,40.2914,56.1978,0.2792,29.7745,1.0148,1.3893,40.4871
1,40.4235,56.7164,0.2789,29.5332,0.9978,1.3936,37.2117
1,40.3708,56.8789,0.2792,29.7350,1.0195,1.3866,44.5039
1,40.3592,56.8240,0.2793,30.1157,1.0135,1.3888,42.6213
1,40.3402,55.6944,0.2787,29.7082,0.9701,1.3938,50.5540
1,41.1807,56.8501,0.2751,29.4327,0.9768,1.3863,43.4834
1,41.2647,56.6793,0.2746,30.2143,0.9783,1.3861,40.3804
1,41.0887,55.7960,0.2750,29.8558,0.9740,1.3863,44.2111
1,40.3141,56.1648,0.2791,29.2837,1.0272,1.3842,45.3066
1,41.2411,55.8590,0.2742,30.2746,0.9693,1.3852,45.0412
1,39.9753,55.5577,0.2805,30.0838,1.0197,1.3892,45.5109
1,39.9969,55.7617,0.2805,29.5968,1.0026,1.3951,40.5153
1,40.7892,56.5171,0.2769,29.8364,0.9893,1.3909,36.6569
1,41.0893,56.1917,0.2752,30.2492,0.9776,1.3879,39.9476
1,39.9864,56.3840,0.2809,30.0852,0.9990,1.3972,39.8835
1,40.3103,55.8418,0.2789,30.1200,1.0133,1.3888,40.7092
1,39.8568,57.1262,0.2820,29.5713,0.9724,1.4003,53.2798
1,41.1390,55.5011,0.2746,30.2002,0.9864,1.3848,38.6710
1,41.1525,56.6921,0.2752,30.1722,0.9819,1.3873,38.8762
1,40.3119,55.9216,0.2790,29.5991,0.9794,1.3948,44.8087
1,40.3346,56.4874,0.2792,30.2744,1.0086,1.3908,39.8130
1,41.1198,56.5639,0.2753,29.5511,0.9725,1.3869,45.1641
1,40.7505,56.6027,0.2771,29.5681,1.0067,1.3874,36.9699
1,41.1897,55.5775,0.2744,29.4699,0.9998,1.3816,37.7811
1,40.5477,55.9350,0.2778,29.9993,1.0284,1.3790,49.2257
1,40.0533,57.0162,0.2809,29.9139,0.9827,1.3992,44.2780
1,40.8973,55.9010,0.2760,30.2041,0.9957,1.3877,35.5568
1,39.9584,56.0996,0.2808,30.0496,1.0111,1.3936,41.7020
1,40.2353,55.8738,0.2793,30.0413,1.0187,1.3874,43.3845
1,41.0809,56.5355,0.2754,29.7152,1.0044,1.3834,37.5496
1,40.7057,55.5511,0.2768,30.2490,1.0249,1.3778,48.0996
1,40.0484,56.1694,0.2804,29.3040,1.0138,1.3925,40.4795
1,40.6497,56.8519,0.2778,29.8378,0.9698,1.3934,46.3902
1,40.4124,55.5509,0.2783,29.3648,0.9950,1.3918,39.5296
1,39.9392,56.9132,0.2814,29.9900,1.0123,1.3940,43.7081
1,40.6290,56.5689,0.2777,29.7892,0.9731,1.3933,44.5159
1,39.7137,55.9365,0.2820,29.9491,1.0095,1.3960,43.6280
1,40.3184,57.1189,0.2796,29.5198,0.9838,1.3964,42.8019
1,40.2768,55.7977,0.2791,29.4196,1.0061,1.3919,38.0677
1,40.9677,55.9954,0.2757,29.8344,1.0003,1.3857,35.8096
1,41.3106,56.8478,0.2745,30.1885,0.9822,1.3851,39.7677
1,40.8105,55.4893,0.2762,29.3562,1.0154,1.3821,39.5912
1,40.6710,55.5762,0.2770,29.3151,0.9878,1.3895,41.0774
1,40.9650,55.7059,0.2756,29.7626,0.9969,1.3859,36.3167
1,40.2710,55.7892,0.2791,29.8172,0.9822,1.3953,42.9940
1,41.2074,55.5767,0.2743,29.8647,1.0077,1.3789,39.5732
1,40.6784,56.5566,0.2775,29.3297,1.0189,1.3837,41.2626
1,40.2524,56.0996,0.2794,30.2626,0.9708,1.3971,46.4752
1,40.5009,55.6450,0.2779,29.9239,0.9715,1.3927,47.5331
1,40.6121,55.7747,0.2774,29.8918,0.9816,1.3920,40.9091
1,40.6645,56.5346,0.2775,30.0198,1.0145,1.3847,41.6717
1,41.0531,56.9170,0.2758,29.6124,1.0229,1.3757,48.3183
1,40.6557,56.2216,0.2774,30.2465,0.9777,1.3933,40.2071
1,40.1412,56.3854,0.2801,29.4465,1.0136,1.3919,40.1546
1,41.2436,55.7505,0.2742,29.2970,0.9737,1.3829,47.5301
1,40.9651,56.3518,0.2759,29.9494,0.9693,1.3892,45.3571
1,40.5860,56.8831,0.2782,29.7166,0.9849,1.3938,39.5042
1,41.1567,56.1760,0.2748,30.2057,1.0129,1.3778,42.7944
1,39.7454,55.9089,0.2818,29.3558,0.9821,1.3988,50.6185
1,41.1385,56.6353,0.2752,29.9982,0.9820,1.3873,39.0573
1,40.9070,55.8928,0.2759,29.9965,1.0105,1.3827,39.0170
1,40.4206,56.2582,0.2786,29.8212,1.0255,1.3828,46.7114
1,40.9579,56.5551,0.2761,29.3342,0.9701,1.3883,47.8627
1,40.1271,56.3642,0.2801,29.5816,1.0025,1.3952,38.6327
1,40.8004,56.0108,0.2765,29.5583,1.0160,1.3826,39.8089
1,40.0183,56.6838,0.2809,29.4163,1.0001,1.3968,40.3695
1,40.7826,55.9834,0.2766,29.6970,1.0239,1.3789,45.0088
1,41.0273,56.1427,0.2755,29.7746,1.0009,1.3850,36.0248
1,40.9038,56.7443,0.2765,30.2273,1.0076,1.3840,40.4369
1,40.0860,55.6457,0.2800,30.2170,1.0221,1.3868,46.6929
1,40.3018,56.4816,0.2793,29.6656,1.0045,1.3932,37.5224
1,40.0787,56.4952,0.2805,29.2976,1.0164,1.3917,41.3550
1,41.1493,55.7846,0.2747,29.2948,0.9851,1.3843,41.0453
1,39.8504,56.3790,0.2815,29.9047,1.0229,1.3902,47.6187
1,40.3982,56.2024,0.2787,29.8785,0.9767,1.3953,43.6247
1,40.3236,56.2596,0.2791,29.9377,0.9965,1.3946,37.0605
1,40.2994,56.6354,0.2794,29.8531,1.0035,1.3935,37.9009
1,41.0077,55.6478,0.2753,29.7756,1.0007,1.3843,36.6561
1,40.5730,56.6523,0.2781,30.2770,0.9707,1.3949,44.0377
1,40.9718,56.0772,0.2757,29.6176,1.0014,1.3856,35.7397
1,40.0031,57.1672,0.2813,29.6071,1.0276,1.3870,51.1709
1,41.2592,56.8547,0.2747,29.6160,0.9920,1.3842,38.1796
1,39.9995,55.9049,0.2805,29.7436,0.9822,1.3978,45.5418
1,40.4373,55.6993,0.2782,29.7068,1.0053,1.3903,37.2332
1,40.1607,56.5832,0.2801,29.4119,0.9966,1.3961,39.3525
1,40.3699,56.9657,0.2793,29.3007,0.9722,1.3953,49.3142
1,40.5693,55.6600,0.2775,30.1267,1.0003,1.3901,36.4183
1,40.4641,57.0263,0.2789,29.8240,0.9737,1.3956,45.3353
1,40.8529,55.9874,0.2763,29.2871,0.9903,1.3884,38.2134
1,40.2139,56.8057,0.2800,30.1094,0.9899,1.3972,39.5681
1,41.0596,56.8909,0.2758,29.9551,0.9788,1.3887,40.6775
1,40.3809,55.7071,0.2785,30.2144,0.9695,1.3947,47.6987
1,40.3606,56.1073,0.2788,29.4004,1.0068,1.3915,37.1148
1,40.6086,56.2457,0.2777,30.0519,1.0111,1.3867,39.2486
1,41.1350,55.5930,0.2746,29.6817,0.9836,1.3847,40.8918
1,40.0614,56.6879,0.2807,30.0379,0.9975,1.3971,39.7135
1,41.0982,57.0079,0.2757,29.7409,0.9708,1.3881,45.6992
1,40.1736,55.9893,0.2797,29.5715,0.9741,1.3960,49.0895
1,39.9217,57.0732,0.2816,29.9200,0.9828,1.4002,45.9158
1,40.4791,55.8248,0.2781,29.9499,0.9802,1.3937,41.8861
1,39.9835,55.8737,0.2806,29.9861,1.0285,1.3856,50.1023
1,40.2491,55.4958,0.2791,29.6866,1.0087,1.3907,39.3407
1,40.4320,55.5001,0.2781,29.7124,1.0000,1.3910,37.8471
1,41.1143,55.7140,0.2748,29.5996,1.0047,1.3818,37.4421
1,40.5168,56.7975,0.2784,29.3806,0.9818,1.3941,42.2298
1,39.7287,55.6940,0.2818,29.2964,0.9904,1.3980,47.9699
1,39.8055,56.6232,0.2819,29.4004,1.0122,1.3956,42.8358
1,39.9864,56.6551,0.2810,29.5490,1.0027,1.3966,40.3443
1,39.9515,57.0885,0.2815,29.8271,1.0025,1.3970,42.0138
1,40.4197,57.0507,0.2791,29.4606,0.9911,1.3948,39.5155
1,40.6122,55.7196,0.2773,29.3066,0.9865,1.3906,41.3629
1,41.0347,56.1912,0.2755,29.9731,1.0167,1.3784,43.1684
1,40.2737,56.7756,0.2797,29.3030,0.9698,1.3958,51.5376
1,40.1855,56.9042,0.2802,29.5364,1.0215,1.3881,45.2826
1,39.7751,56.2204,0.2818,30.1780,1.0159,1.3934,45.3811
1,40.5171,56.0561,0.2780,29.6103,1.0256,1.3818,45.3617
1,39.9749,56.0994,0.2808,29.9464,1.0273,1.3866,49.3602
1,41.2677,56.8323,0.2747,29.5603,1.0214,1.3733,48.1810
1,40.3020,56.5893,0.2794,30.2074,1.0259,1.3832,50.1724
1,40.2937,55.8596,0.2790,29.7851,0.9939,1.3944,38.4190
1,39.8238,56.4826,0.2817,29.9632,0.9754,1.4007,49.4460
1,41.1701,56.0058,0.2747,29.4796,1.0180,1.3765,42.3562
1,41.1883,56.0532,0.2746,30.0984,0.9755,1.3861,41.8444
1,40.0471,57.0860,0.2810,29.8799,1.0272,1.3861,51.8375
1,40.6656,56.6786,0.2776,29.5044,0.9856,1.3924,39.2506
1,41.1482,55.4474,0.2745,29.5157,1.0014,1.3815,38.0734
1,40.9847,55.6687,0.2754,29.9941,0.9793,1.3876,41.1890
1,40.2171,56.4113,0.2797,29.6359,1.0081,1.3929,38.5176
1,40.5912,56.9677,0.2782,29.6155,0.9956,1.3924,37.3588
1,40.4295,55.6599,0.2782,30.1607,0.9732,1.3941,45.5723
1,41.1835,56.4212,0.2749,29.8064,0.9821,1.3862,39.5346
1,40.6858,55.6309,0.2769,29.5788,0.9807,1.3902,43.0876
1,41.0592,56.3818,0.2755,29.5201,0.9813,1.3874,40.5996
1,41.1809,55.5590,0.2744,29.6958,0.9907,1.3834,38.6463
1,40.6545,56.2523,0.2774,29.4342,1.0217,1.3824,42.5434
1,40.8627,57.0098,0.2768,29.6457,1.0274,1.3760,51.2725
1,39.8910,55.5940,0.2809,29.9880,0.9803,1.3983,47.6595
1,40.4328,56.7097,0.2788,29.3103,0.9713,1.3943,49.2865
1,40.6103,56.8974,0.2780,29.2779,1.0165,1.3858,40.9891
1,41.1655,56.9717,0.2753,29.9482,1.0050,1.3816,40.6871
1,40.7998,56.1322,0.2766,29.7487,0.9949,1.3894,35.5643
1,41.0473,56.9340,0.2759,29.5276,1.0004,1.3854,37.4831
1,40.7562,57.0007,0.2774,30.2739,1.0183,1.3808,47.7934
1,41.2381,56.0626,0.2744,29.8096,1.0215,1.3731,46.6672
1,39.6887,55.8432,0.2821,29.8817,1.0168,1.3936,45.7566
1,41.1076,56.1063,0.2751,29.8772,1.0275,1.3719,50.5574
1,40.8647,56.0043,0.2762,30.1184,1.0086,1.3840,38.4921
1,41.2123,55.4279,0.2742,29.8290,1.0018,1.3803,38.6070
1,40.6505,56.3543,0.2775,29.7252,1.0201,1.3827,43.0854
1,40.5030,56.4604,0.2783,29.9838,1.0019,1.3916,36.4965
1,40.9623,56.1966,0.2758,29.9753,1.0036,1.3850,36.7044
1,41.2662,56.6639,0.2746,29.6572,1.0255,1.3710,50.9014
1,40.7956,55.8064,0.2765,30.2211,0.9759,1.3907,41.7262
1,39.9991,56.6883,0.2810,29.8081,0.9909,1.3986,41.6981
1,40.7480,55.6073,0.2766,30.2680,0.9865,1.3903,37.8108
1,40.3186,56.1096,0.2790,29.4568,1.0107,1.3907,38.1462
1,41.1878,56.5243,0.2749,29.3056,0.9687,1.3852,48.8710
1,40.0840,55.8745,0.2801,29.4296,0.9880,1.3962,43.4506
1,39.8644,55.7782,0.2811,30.2594,0.9856,1.3992,44.1335
1,41.0118,56.8149,0.2760,29.9934,0.9697,1.3894,45.0006
1,40.3187,56.8218,0.2795,29.6677,0.9761,1.3966,45.3655
1,40.9286,55.6230,0.2757,29.4544,1.0183,1.3794,41.2431
1,41.1090,55.8705,0.2749,29.8128,0.9762,1.3862,42.9943
1,40.6365,56.5498,0.2777,29.7030,1.0143,1.3857,40.2573
1,40.4598,56.7252,0.2787,30.1353,1.0161,1.3863,43.6558
1,39.7767,56.4952,0.2820,29.9293,1.0052,1.3975,42.4473
1,40.1972,56.5487,0.2799,29.7809,0.9973,1.3958,38.3637
1,39.6902,55.5816,0.2819,30.1694,0.9930,1.3989,45.1970
1,41.1503,55.8536,0.2747,29.9761,0.9693,1.3858,46.3054
1,39.9641,55.9390,0.2807,30.0944,1.0275,1.3862,50.0814
1,39.7794,55.8347,0.2816,29.4209,0.9773,1.3984,52.7669
1,39.8017,56.1611,0.2817,29.8536,1.0279,1.3883,50.3144
1,41.0482,56.0442,0.2753,29.8443,0.9801,1.3874,40.3390
1,40.0907,57.1186,0.2808,30.0799,0.9755,1.3995,46.7493
1,41.0079,56.9332,0.2761,29.2896,1.0285,1.3742,50.3762
1,41.3557,56.8454,0.2743,30.1378,1.0231,1.3694,53.8887
1,40.9129,56.5794,0.2763,29.7828,0.9727,1.3900,44.0727
1,40.7220,56.4334,0.2772,29.6458,1.0164,1.3837,40.8657
1,40.6280,55.6026,0.2772,29.6734,0.9775,1.3909,44.7625
1,40.2663,56.7499,0.2797,29.3500,0.9828,1.3963,43.6198
1,40.0032,56.2489,0.2807,29.9731,1.0070,1.3948,40.2067
1,40.6983,56.0072,0.2771,30.1323,1.0281,1.3769,50.2012
1,41.2863,56.1984,0.2742,29.7151,1.0189,1.3739,45.1832
1,40.4540,56.6143,0.2786,30.2619,1.0058,1.3906,38.7778
1,40.4594,56.3630,0.2785,29.6037,0.9755,1.3944,45.0707
1,39.9840,55.9368,0.2806,29.8729,0.9965,1.3969,40.5668
1,39.9012,57.0034,0.2817,29.3424,0.9905,1.3991,44.7952
1,40.7414,56.6970,0.2773,29.9197,1.0147,1.3837,42.1008
1,39.8435,57.1479,0.2821,29.9938,0.9963,1.3992,43.5982
1,40.1878,56.8505,0.2801,29.9435,1.0117,1.3917,41.7196
1,40.8775,56.7414,0.2766,29.6260,0.9800,1.3904,40.9067
1,40.4232,56.7704,0.2789,30.2663,0.9888,1.3955,38.0456
1,40.0673,56.9644,0.2808,29.8563,0.9998,1.3967,40.4323
1,41.0318,56.7022,0.2758,30.0154,0.9980,1.3860,36.9110
1,41.2419,56.4832,0.2746,29.6607,0.9752,1.3854,43.4294
1,40.9060,55.5212,0.2758,29.2900,1.0069,1.3837,37.4017
1,41.3504,56.7209,0.2742,29.5852,0.9785,1.3840,42.4808
1,41.3768,56.9148,0.2742,29.7152,0.9794,1.3840,42.1409
1,39.9274,56.4438,0.2812,30.0247,0.9714,1.4000,50.0973
1,40.1172,56.9657,0.2806,30.0600,1.0028,1.3954,40.3635
1,39.9030,55.7484,0.2809,30.0451,1.0116,1.3934,42.4835
1,40.0266,56.5744,0.2808,29.8161,0.9832,1.3989,43.8766
1,40.9803,56.5699,0.2760,29.9277,0.9820,1.3893,38.9332
1,40.0990,56.4687,0.2803,29.7209,1.0093,1.3936,39.8458
1,40.6433,56.2722,0.2775,30.1111,1.0155,1.3842,41.9009
1,41.0988,56.7348,0.2755,29.6993,0.9735,1.3877,44.0167
1,41.0189,56.9534,0.2760,29.7819,1.0252,1.3746,51.0082
1,40.1205,56.8377,0.2805,29.5607,1.0124,1.3926,41.1954
1,41.1219,55.7963,0.2748,29.9566,1.0095,1.3798,39.5994
1,40.6881,56.9223,0.2777,29.9201,0.9981,1.3907,37.0217
1,40.0659,56.4206,0.2805,29.8991,0.9839,1.3985,42.7967
1,40.6433,56.0235,0.2773,30.2325,0.9966,1.3909,35.4632
1,39.7834,56.5724,0.2820,29.6420,1.0260,1.3900,49.1376
1,40.4562,56.0913,0.2783,30.1415,1.0271,1.3807,49.2505
1,40.1925,56.3279,0.2798,30.2382,1.0261,1.3843,49.7694
1,39.7865,56.1678,0.2817,29.6521,0.9872,1.3995,45.8941
1,41.0954,56.8775,0.2756,30.2181,0.9877,1.3875,37.7550
1,39.9406,55.9644,0.2809,29.3025,0.9764,1.3973,51.6727
1,40.9470,56.8949,0.2763,29.3179,0.9828,1.3892,40.8574
1,40.0447,56.8381,0.2808,29.3075,1.0073,1.3951,40.3406
1,40.4382,55.7363,0.2782,29.6072,1.0221,1.3841,43.1578
1,40.4425,56.9102,0.2789,29.3250,1.0187,1.3868,42.4174
1,40.1240,56.1970,0.2801,30.2589,0.9697,1.3984,48.0754
1,40.0905,56.6206,0.2805,29.9267,0.9969,1.3970,39.3912
1,41.2287,56.7008,0.2748,29.3785,1.0119,1.3787,40.8913
1,40.8481,55.5760,0.2761,30.1285,1.0124,1.3821,40.3022
1,41.0471,56.0347,0.2753,30.1624,0.9779,1.3880,40.2251
1,39.9934,56.4048,0.2808,29.7876,0.9726,1.3989,49.8389
1,40.9008,56.3056,0.2762,29.7446,0.9844,1.3895,38.4164
1,40.7929,56.3102,0.2768,29.7543,1.0123,1.3843,39.0834
1,41.2438,56.3554,0.2745,29.8605,0.9723,1.3855,44.2646
1,40.3853,56.0131,0.2786,30.0235,0.9832,1.3951,40.2493
1,39.8159,55.6991,0.2813,29.6742,0.9908,1.3980,45.1693
1,41.1949,55.7830,0.2744,29.4159,1.0115,1.3785,39.4597
1,40.4481,55.7436,0.2782,29.8479,0.9723,1.3934,47.3184
1,40.4779,57.0613,0.2788,29.7792,0.9822,1.3953,41.4191
1,40.4276,56.3069,0.2786,29.6520,1.0166,1.3873,40.7020
1,41.2049,56.1697,0.2746,29.7235,1.0238,1.3727,47.7434
1,40.3340,55.9338,0.2789,30.2251,0.9962,1.3941,37.0121
1,40.6497,56.0762,0.2773,29.5680,0.9749,1.3916,45.1182
1,39.7501,56.3011,0.2820,29.9175,0.9723,1.4008,52.4465
1,40.9409,56.0992,0.2759,29.7257,0.9783,1.3887,41.5867
1,40.0772,56.9172,0.2807,29.8550,0.9881,1.3985,42.0591
1,41.0802,56.6471,0.2755,29.6696,0.9943,1.3863,36.5613
1,41.2963,56.5048,0.2743,29.2993,1.0166,1.3757,42.8116
1,41.2554,56.3091,0.2744,29.8585,0.9887,1.3844,37.6760
1,40.4611,56.9536,0.2788,30.2511,1.0241,1.3819,50.8270
1,39.9259,56.6035,0.2813,29.4516,0.9979,1.3978,41.5416
1,41.2471,55.7518,0.2742,29.4139,1.0193,1.3744,43.3744
1,39.9134,56.3489,0.2812,29.4723,1.0283,1.3878,48.5860
1,40.9140,56.4602,0.2762,29.7544,1.0132,1.3823,40.2830
1,40.0346,56.8228,0.2809,30.0639,1.0111,1.3934,42.5719
1,40.2207,56.2953,0.2796,29.6870,1.0155,1.3900,40.9264
1,40.5014,55.6208,0.2778,29.4585,1.0027,1.3900,37.1990
1,40.5661,56.3712,0.2779,29.5328,0.9697,1.3928,48.4824
1,40.6791,56.6158,0.2775,30.2280,1.0046,1.3883,38.0996
1,41.2091,55.7229,0.2743,30.0024,0.9866,1.3842,38.5578
1,40.2429,56.8327,0.2798,30.0963,0.9732,1.3981,45.7795
1,40.2298,57.1387,0.2801,29.6823,1.0022,1.3946,39.8467
1,39.6758,55.5986,0.2820,30.2033,0.9915,1.3993,45.6261
1,40.3492,55.5291,0.2786,29.5352,0.9818,1.3932,45.0466
1,39.9351,55.7162,0.2808,29.3398,1.0076,1.3943,41.4278
1,40.0661,55.8961,0.2802,29.8514,0.9972,1.3960,39.7110
1,39.7702,55.9310,0.2817,30.2499,0.9891,1.3998,44.0195
1,41.1866,56.1468,0.2747,30.0487,1.0200,1.3742,46.7138
1,40.8853,56.8023,0.2766,30.1338,0.9998,1.3874,37.3820
1,39.9866,56.9475,0.2812,29.7442,1.0057,1.3959,41.3091
1,40.2202,56.6028,0.2798,29.4790,0.9850,1.3967,42.3515
1,41.3036,56.9462,0.2746,29.2823,0.9715,1.3844,47.4805
1,41.1698,56.6187,0.2750,29.9108,1.0088,1.3801,40.7123
1,40.7417,55.5436,0.2766,30.0749,1.0019,1.3873,36.6321
1,40.7313,55.6756,0.2767,29.5886,1.0206,1.3810,42.3188
1,40.2257,55.6122,0.2792,29.8069,1.0058,1.3921,38.7996
1,40.5466,55.8374,0.2777,29.7409,0.9828,1.3926,41.0641
1,40.8887,56.8735,0.2766,30.2543,0.9767,1.3914,40.6657
1,39.9854,55.8945,0.2806,29.3441,1.0234,1.3890,44.7181
1,40.4286,56.4467,0.2787,29.4788,0.9916,1.3942,38.1711
1,40.6483,55.9659,0.2773,30.1345,1.0251,1.3792,47.7455
1,41.2180,55.5578,0.2742,29.2809,0.9983,1.3814,38.2522
1,39.8326,55.7411,0.2813,30.0318,1.0284,1.3869,51.1080
1,40.3753,56.3909,0.2789,29.4781,0.9789,1.3950,44.2256
1,40.3131,56.9356,0.2796,29.7341,1.0065,1.3925,39.2220
1,40.9062,55.5261,0.2758,29.9353,0.9791,1.3880,42.1525
1,40.2150,56.5859,0.2798,29.7348,0.9790,1.3973,44.2481
1,40.3310,56.4241,0.2792,29.4217,0.9792,1.3954,44.6680
1,40.2221,56.4378,0.2797,29.3546,0.9857,1.3962,42.4763
1,40.4340,56.4715,0.2787,30.1339,0.9967,1.3937,36.5227
1,40.0358,56.1344,0.2805,29.3803,0.9788,1.3972,48.2951
1,40.9076,55.9831,0.2760,30.0939,0.9886,1.3889,36.4967
1,40.7982,55.6221,0.2764,30.1805,0.9807,1.3900,40.1845
1,40.4222,55.8851,0.2784,29.8444,0.9743,1.3941,45.7778
1,41.1992,55.7496,0.2744,29.8275,0.9892,1.3840,38.1379
1,40.1188,56.4242,0.2802,29.4312,0.9760,1.3972,48.3933
1,40.0602,55.7328,0.2801,29.3179,0.9918,1.3956,43.1094
1,40.0038,55.8950,0.2805,29.8972,0.9880,1.3977,42.5159
1,39.8870,56.1523,0.2812,30.1904,1.0273,1.3871,51.0140
1,41.0461,55.4641,0.2750,30.1274,0.9898,1.3855,37.8691
1,40.0475,55.8010,0.2802,30.0057,1.0174,1.3899,43.5289
1,40.7028,56.0021,0.2770,30.2496,0.9900,1.3914,35.9864
1,40.1920,56.0821,0.2797,29.4247,1.0227,1.3874,43.5052
1,41.2016,55.6857,0.2744,29.5075,1.0281,1.3707,48.9949
1,40.9055,55.9965,0.2760,30.1700,0.9815,1.3896,38.6578
1,40.6003,56.2308,0.2777,29.3410,1.0000,1.3908,35.8234
1,41.2575,56.4141,0.2745,30.0765,0.9856,1.3850,38.0745
1,40.7746,56.6435,0.2771,30.0380,0.9767,1.3923,41.1394
1,40.0567,56.1392,0.2804,29.6411,0.9979,1.3963,39.6960
1,39.8396,55.7284,0.2812,29.7577,0.9920,1.3979,44.1354
1,40.1587,56.9930,0.2804,29.6775,1.0075,1.3938,40.4254
1,40.5448,56.4405,0.2781,30.1999,1.0233,1.3815,47.7477
1,40.9631,56.3867,0.2759,29.9844,1.0197,1.3780,45.3070
1,39.7511,56.3439,0.2820,29.6593,1.0118,1.3957,43.2864
1,40.8702,56.7624,0.2766,29.8995,0.9802,1.3909,39.9916
1,40.5889,56.0838,0.2777,29.5779,1.0062,1.3891,36.2441
1,39.8689,55.5490,0.2810,29.3960,1.0280,1.3875,48.3268
1,40.2523,55.6082,0.2791,29.3155,0.9937,1.3935,41.0883
1,40.5844,56.3206,0.2778,30.0599,0.9866,1.3935,37.3994
1,40.9844,56.5980,0.2760,29.8285,1.0149,1.3804,42.3508
1,39.9400,56.8423,0.2814,29.9305,1.0184,1.3915,45.9600
1,40.8408,56.0857,0.2764,29.4518,0.9951,1.3885,36.1082
1,41.1919,56.7612,0.2750,29.9308,1.0274,1.3704,53.9713
1,41.1246,56.4169,0.2752,29.5972,1.0162,1.3781,42.2929
1,39.8778,56.0670,0.2812,29.7936,1.0240,1.3894,47.2368
1,40.8970,56.7336,0.2765,30.2343,1.0180,1.3792,46.5818
1,40.2913,55.6437,0.2789,29.7836,0.9794,1.3946,45.0272
1,40.9020,56.2854,0.2762,30.0529,1.0196,1.3788,44.9887
1,41.3097,56.9116,0.2745,29.6645,0.9995,1.3816,39.1391
1,40.4731,55.9984,0.2782,30.1823,1.0019,1.3913,36.5056
1,41.2434,55.6964,0.2741,29.8581,1.0123,1.3767,41.4988
1,39.8880,56.1542,0.2812,30.1278,0.9728,1.4000,49.5281
1,40.3501,56.4762,0.2791,29.4358,0.9865,1.3953,40.7454
1,39.9664,55.7086,0.2806,29.4389,0.9922,1.3965,43.6167
1,40.1232,56.0019,0.2800,29.6132,0.9902,1.3964,41.2017
1,39.7584,55.7874,0.2817,29.9357,0.9731,1.3996,52.8675
1,40.6443,56.6845,0.2777,30.1163,0.9986,1.3909,36.4785
1,40.0400,56.6725,0.2808,29.4754,1.0072,1.3950,40.0235
1,40.7052,55.9724,0.2770,29.5097,1.0112,1.3859,37.4756
1,40.8055,55.8104,0.2764,30.0049,1.0272,1.3761,48.8616
1,40.5220,56.1376,0.2780,29.9188,1.0106,1.3881,38.4609
1,41.2159,56.8537,0.2750,29.9483,0.9748,1.3867,42.7270
1,40.2493,56.0089,0.2793,29.7505,0.9873,1.3958,40.5689
1,40.2155,55.7958,0.2794,30.0042,0.9729,1.3961,47.6626
1,40.6230,56.0714,0.2775,29.7857,0.9893,1.3921,37.3529
1,40.4997,56.6841,0.2785,30.2422,1.0190,1.3842,45.9160
1,40.2140,56.3274,0.2797,30.0518,1.0117,1.3911,40.5010
1,40.0981,56.8712,0.2806,29.5142,1.0103,1.3936,40.7160
1,40.9864,56.8557,0.2761,29.7468,0.9975,1.3870,36.8575
1,40.5384,56.6301,0.2782,29.3329,0.9705,1.3931,48.9955
1,41.0510,56.2606,0.2754,29.3989,1.0094,1.3822,37.6822
1,40.3319,56.6015,0.2793,29.4763,0.9960,1.3947,37.9520
1,40.0520,57.1542,0.2810,29.2782,1.0100,1.3943,41.7262
1,40.3141,56.9849,0.2796,30.0270,1.0016,1.3938,39.0090
1,40.2538,55.6391,0.2791,30.1333,0.9903,1.3950,39.4428
1,40.3971,56.9145,0.2791,29.4295,1.0090,1.3910,38.8547
1,40.5953,57.0430,0.2782,30.2681,0.9790,1.3948,40.8106
1,40.2919,56.0658,0.2791,29.9946,1.0077,1.3916,38.3930
1,41.2705,56.9528,0.2748,29.8376,0.9907,1.3843,38.6126
1,40.4875,56.5638,0.2784,29.5375,0.9934,1.3936,37.2924
1,39.9877,55.6608,0.2805,29.9328,0.9804,1.3976,46.5396
1,41.1070,56.5423,0.2753,29.7667,1.0025,1.3836,37.3155
1,40.9613,56.7884,0.2762,29.6909,0.9765,1.3896,42.3924
1,39.9021,56.0879,0.2811,29.9589,1.0218,1.3899,46.4857
1,39.7930,56.0414,0.2816,30.2726,1.0126,1.3942,44.1245
1,41.2204,55.4319,0.2741,29.6411,1.0182,1.3744,43.8315
1,40.4333,56.3447,0.2786,29.3070,1.0059,1.3914,36.5922
1,40.9647,56.5627,0.2760,30.0682,1.0097,1.3825,40.3911
1,41.0138,56.7892,0.2759,30.2770,0.9958,1.3868,37.2490
1,41.1140,56.7816,0.2754,30.2155,1.0258,1.3717,54.0787
1,40.8327,56.8494,0.2769,29.8851,1.0173,1.3812,44.4742
1,39.8109,56.7029,0.2819,30.2698,0.9744,1.4016,48.9976
1,39.7381,56.0882,0.2819,30.0278,0.9868,1.4003,45.5323
1,41.3394,56.9518,0.2744,29.3225,1.0021,1.3805,39.4494
1,41.0178,56.7399,0.2759,30.0218,0.9752,1.3893,41.8493
1,40.9328,56.5947,0.2762,29.6494,1.0053,1.3854,37.1402
1,40.7261,56.8278,0.2774,29.7707,0.9791,1.3925,41.2302
1,40.5310,55.9962,0.2779,29.5636,0.9945,1.3921,36.9619
1,40.0831,57.1582,0.2809,29.9698,1.0215,1.3884,48.7465
1,40.6476,55.6354,0.2771,29.9595,0.9900,1.3908,37.7422
1,40.8963,56.5126,0.2764,30.0419,0.9962,1.3884,35.7332
1,40.5226,56.4029,0.2782,30.1074,0.9768,1.3948,41.6683
1,39.7799,56.0711,0.2817,29.7689,1.0053,1.3969,42.2608
1,40.7156,55.6055,0.2768,29.2826,0.9989,1.3881,37.2737
1,40.2973,56.4764,0.2794,30.1615,0.9923,1.3959,37.7343
1,40.6166,56.7100,0.2779,30.0969,0.9712,1.3942,44.4012
1,41.1552,56.9300,0.2753,29.7904,0.9693,1.3873,46.3217
1,41.2421,55.6945,0.2742,30.0487,1.0280,1.3688,52.3201
1,40.8839,55.8866,0.2761,29.4534,1.0131,1.3827,38.4286
1,40.0726,56.4258,0.2805,29.6972,0.9866,1.3980,42.3556
1,40.6477,56.3392,0.2775,29.4981,0.9913,1.3918,37.1473
1,40.9382,56.0132,0.2759,29.3567,0.9887,1.3876,38.4580
1,41.3174,56.7208,0.2744,29.2947,0.9959,1.3824,38.0589
1,40.1760,56.7182,0.2801,29.8172,1.0152,1.3906,42.4119
1,41.3653,56.9203,0.2743,29.9800,0.9903,1.3829,39.2120
1,39.8968,56.3976,0.2813,30.0390,0.9897,1.3994,42.4158
1,40.6414,55.8239,0.2772,29.5315,0.9690,1.3906,50.0350
1,40.6542,55.9617,0.2773,30.0739,1.0034,1.3887,36.2723
1,39.9223,56.0796,0.2810,29.4764,1.0264,1.3884,47.0975
1,40.0468,56.4834,0.2806,29.7921,0.9752,1.3987,47.6739
1,40.2947,56.6904,0.2795,29.9351,0.9894,1.3964,39.0252
1,40.8896,56.6913,0.2765,30.1152,1.0073,1.3846,39.5564
1,40.8005,56.1438,0.2766,29.7739,1.0254,1.3779,46.7419
1,40.8952,55.9566,0.2760,29.9865,1.0170,1.3801,42.3520
1,40.3279,56.2965,0.2791,29.6656,0.9817,1.3957,42.3503
1,39.8002,56.6762,0.2820,29.2806,1.0209,1.3926,45.4959
1,41.1557,55.9014,0.2747,30.0939,1.0118,1.3783,41.3450
1,40.6837,55.9578,0.2771,29.6344,1.0012,1.3892,35.5865
1,40.1458,55.6299,0.2796,29.8917,0.9823,1.3961,44.3150
1,40.7853,56.4031,0.2769,30.1681,0.9861,1.3914,36.8227
1,40.0901,55.7711,0.2800,29.4924,1.0243,1.3872,45.1165
1,39.9429,56.8163,0.2813,29.8601,1.0073,1.3958,41.6621
1,40.0740,56.5283,0.2805,29.4156,1.0159,1.3918,41.5505
1,40.6914,55.7400,0.2770,29.9435,0.9864,1.3909,38.4938
1,39.7946,56.7629,0.2821,29.8793,1.0129,1.3951,44.2905
1,40.3954,56.8016,0.2791,29.7534,0.9744,1.3960,45.3805
1,39.8183,56.3295,0.2817,29.6523,1.0220,1.3913,46.2998
1,40.1799,56.9259,0.2802,29.8005,1.0176,1.3895,44.3498
1,41.1067,56.8620,0.2755,29.3984,0.9879,1.3868,38.7537
1,41.3315,56.5572,0.2742,30.2106,1.0143,1.3744,46.3137
1,40.7097,56.1560,0.2771,29.3013,0.9970,1.3898,36.0975
1,41.0868,55.7201,0.2749,29.6506,0.9835,1.3857,40.5275
1,39.9781,56.9150,0.2812,29.3567,0.9800,1.3989,48.1594
1,40.6076,55.6862,0.2773,29.3312,1.0228,1.3820,42.5000
1,40.8967,56.4346,0.2763,29.8097,1.0057,1.3855,37.1041
1,40.5325,57.0500,0.2785,29.5775,1.0092,1.3892,39.5634
1,39.9253,56.6413,0.2813,29.3513,0.9914,1.3985,43.5155
1,39.9955,56.8741,0.2811,29.7486,0.9755,1.3995,48.5130
1,39.7327,55.8257,0.2818,30.0851,1.0159,1.3934,45.4952
1,40.3480,56.6056,0.2792,29.7955,1.0251,1.3840,47.3404
1,41.0752,56.2400,0.2753,29.8703,0.9909,1.3866,36.4465
1,40.9576,56.5922,0.2761,29.4767,0.9700,1.3887,47.0922
1,40.7235,56.3425,0.2771,29.8272,0.9722,1.3919,44.6919
1,41.0203,56.3633,0.2756,29.3314,0.9953,1.3865,36.2825
1,41.2014,56.2513,0.2747,30.0871,1.0016,1.3820,37.8763
1,41.2281,56.4278,0.2746,30.1789,1.0087,1.3787,41.5744
1,41.0895,56.5406,0.2754,30.0571,1.0225,1.3744,49.0806
1,40.4723,56.5301,0.2785,29.4138,1.0116,1.3892,38.2047
1,40.1194,56.1691,0.2801,29.3491,1.0131,1.3921,39.8446
1,40.4186,55.9581,0.2784,29.7325,0.9924,1.3936,37.8144
1,40.0212,55.5679,0.2802,29.5169,1.0237,1.3877,45.4779
1,41.0355,56.4542,0.2756,29.4803,0.9746,1.3877,44.3119
1,41.0192,55.6515,0.2753,29.3631,0.9835,1.3858,41.9265
1,40.5041,55.6640,0.2779,29.6600,0.9795,1.3924,44.0537
1,39.7852,55.7311,0.2815,29.7407,0.9877,1.3987,46.3194
1,40.1770,55.9675,0.2797,29.9397,1.0101,1.3918,39.6079
1,41.1705,56.7245,0.2751,29.6692,1.0146,1.3780,43.1148
1,39.8440,56.5832,0.2817,29.5647,0.9850,1.3998,46.2541
1,41.1047,56.5515,0.2753,29.9012,0.9906,1.3866,36.7738
1,39.9698,56.5557,0.2811,30.0375,0.9895,1.3991,41.7151
1,41.1472,55.8177,0.2747,29.3238,1.0075,1.3808,37.7454
1,40.1888,56.0267,0.2796,29.8646,1.0266,1.3847,47.6499
1,40.7683,55.6154,0.2765,30.2183,1.0013,1.3872,36.4851
1,39.7997,56.7014,0.2820,29.8917,0.9776,1.4010,49.0422
1,39.9186,55.8987,0.2809,30.0605,1.0221,1.3892,46.8734
1,40.4194,56.6527,0.2788,29.6581,1.0113,1.3897,39.2404
1,40.2377,56.8216,0.2799,29.5366,0.9959,1.3958,39.0408
1,39.7252,55.5969,0.2818,29.5409,1.0038,1.3965,44.2179
1,39.8925,56.6963,0.2815,30.1154,0.9908,1.3996,42.4165
1,40.8205,55.4673,0.2762,29.7789,0.9872,1.3883,39.5631
1,40.8697,56.2633,0.2763,29.7590,0.9791,1.3900,40.8608
1,41.0654,56.2778,0.2754,30.2411,1.0019,1.3838,37.4631
1,39.8717,55.9664,0.2812,30.1460,1.0007,1.3971,41.1291
1,40.8260,56.5793,0.2768,29.8591,0.9736,1.3912,43.3329
1,40.8130,55.7884,0.2764,30.0446,1.0160,1.3814,41.6588
1,41.2855,56.4633,0.2744,29.4491,0.9706,1.3842,47.1511
1,40.1277,56.0222,0.2799,29.5024,1.0185,1.3896,42.0089
1,41.1966,56.9679,0.2751,29.6675,1.0152,1.3772,44.8053
1,41.2406,55.9914,0.2743,29.6010,1.0155,1.3763,42.0103
1,40.4843,56.2490,0.2783,30.0653,1.0212,1.3836,45.0257
1,40.5217,55.9789,0.2779,29.4827,0.9743,1.3925,46.8702
1,41.3673,56.7940,0.2742,29.4171,0.9818,1.3835,41.7258
1,40.6279,55.5833,0.2772,29.5338,1.0152,1.3845,39.5721
1,40.8126,56.3518,0.2767,30.1520,0.9853,1.3911,37.0479
1,40.1904,56.7049,0.2800,29.4396,1.0074,1.3936,38.9063
1,39.7926,55.5757,0.2814,29.3845,0.9712,1.3971,57.7847
1,41.3103,56.6259,0.2743,30.1727,0.9919,1.3833,37.9952
1,40.4062,57.0462,0.2792,30.1150,1.0177,1.3861,46.0734
1,40.2944,55.6677,0.2789,29.8867,0.9844,1.3948,41.9189
1,41.2955,56.7963,0.2745,29.4689,0.9798,1.3847,42.1536
1,40.5357,55.7282,0.2777,30.0823,0.9773,1.3931,42.7635
1,40.2163,56.8587,0.2800,29.5736,0.9736,1.3973,48.1642
1,40.1737,55.8401,0.2796,30.1630,1.0193,1.3876,44.4091
1,39.9341,56.7397,0.2813,30.0874,0.9742,1.4005,48.3201
1,40.2333,56.9423,0.2800,29.9753,1.0076,1.3928,40.4770
1,40.0787,56.9983,0.2808,30.0996,1.0103,1.3932,42.8038
1,40.0091,55.7581,0.2804,29.4690,0.9746,1.3965,51.7992
1,40.0066,56.8809,0.2811,30.2214,1.0182,1.3903,46.9471
1,40.2310,56.5511,0.2797,30.0329,1.0087,1.3922,39.7159
1,40.9318,56.0893,0.2759,30.1671,1.0084,1.3832,38.8870
1,39.8812,56.6773,0.2816,29.8301,0.9734,1.4003,50.4849
1,40.4421,56.4607,0.2786,29.5194,0.9727,1.3944,47.2158
1,40.1530,55.7243,0.2797,30.1475,1.0239,1.3855,47.1751
1,39.9229,55.9198,0.2809,29.7587,1.0203,1.3904,44.8373
1,40.2508,56.3907,0.2795,29.8668,1.0191,1.3879,43.4485
1,41.0899,56.0154,0.2751,29.7682,1.0068,1.3819,37.8007
1,41.2147,55.8988,0.2744,29.3965,0.9817,1.3840,42.0216
1,39.7154,56.0091,0.2820,29.4193,0.9969,1.3985,44.7521
1,40.2188,56.0319,0.2795,30.1638,1.0149,1.3893,41.9888
1,39.8479,56.3866,0.2816,30.1716,1.0217,1.3903,48.0654
1,40.0302,56.3735,0.2806,30.0477,0.9897,1.3984,40.8232
1,40.4712,56.3306,0.2784,29.9234,1.0268,1.3812,48.3883
1,40.1932,56.6145,0.2800,29.4465,0.9948,1.3961,39.4120
1,41.0260,56.0892,0.2755,29.9730,0.9765,1.3881,41.5084
1,41.2928,56.0939,0.2741,30.0791,1.0230,1.3708,49.8100
1,40.4746,56.9840,0.2788,30.2717,0.9960,1.3935,38.0562
1,40.4092,56.8611,0.2790,29.5662,0.9965,1.3941,37.7914
1,40.4263,55.5189,0.2782,30.2210,0.9901,1.3931,38.4718
1,41.2487,56.5830,0.2746,29.7902,1.0234,1.3721,49.5508
1,40.1838,55.6902,0.2795,29.9000,1.0037,1.3932,38.7399
1,40.2244,56.6623,0.2798,29.3410,0.9949,1.3958,39.3962
1,40.1112,57.1299,0.2807,30.0147,1.0098,1.3931,42.8198
1,40.8081,56.5950,0.2769,29.7208,0.9743,1.3912,43.5524
1,40.5934,55.4780,0.2773,29.7757,1.0206,1.3821,43.1130
1,41.0600,56.7153,0.2757,29.5579,1.0127,1.3807,40.8443
1,39.8875,55.9587,0.2811,29.4339,0.9924,1.3977,43.8289
1,41.0230,55.6459,0.2752,30.1507,0.9696,1.3872,45.9016
1,41.0402,56.6973,0.2757,30.0505,1.0176,1.3777,45.9085
1,40.2780,55.8305,0.2791,29.9172,0.9781,1.3956,44.4682
1,40.8469,55.6987,0.2761,29.9781,0.9804,1.3893,40.7457
1,40.8457,55.7504,0.2762,29.5038,0.9893,1.3883,38.5754
1,40.6758,55.9392,0.2771,29.8833,0.9823,1.3917,39.8647
1,40.6406,56.4552,0.2776,29.8307,0.9956,1.3916,35.7405
1,40.8701,56.7588,0.2766,30.1582,1.0162,1.3807,44.9290
1,41.2218,56.8700,0.2749,30.2186,0.9784,1.3868,40.5496
1,41.0043,56.6547,0.2759,30.0089,0.9793,1.3893,39.8817
1,41.1115,56.0895,0.2750,30.0416,1.0029,1.3828,37.3899
1,41.2292,55.4445,0.2741,30.0358,0.9805,1.3836,41.7877
1,40.3122,56.0568,0.2790,29.3160,1.0191,1.3877,40.9213
1,40.4289,56.0631,0.2785,30.0851,1.0095,1.3893,38.6545
1,39.8806,57.1504,0.2819,30.1982,0.9996,1.3982,43.0781
1,40.1503,55.7091,0.2797,29.5571,0.9921,1.3952,41.2994
1,40.3750,57.0688,0.2793,29.8349,0.9714,1.3965,47.2778
1,40.6159,55.7340,0.2773,29.4756,1.0013,1.3893,36.4286
1,40.6685,55.8326,0.2771,29.8567,0.9721,1.3914,45.9836
1,39.9414,55.9929,0.2809,29.7961,1.0049,1.3956,40.5039
1,40.0746,55.5394,0.2800,29.5480,1.0205,1.3884,43.8043
1,41.1310,55.5617,0.2746,29.7807,1.0012,1.3821,37.5482
1,40.9100,55.4521,0.2757,29.7776,1.0210,1.3777,43.9994
1,40.8256,56.6309,0.2768,29.5033,0.9696,1.3904,47.5015
1,41.1564,55.9908,0.2747,29.4900,1.0243,1.3736,46.1903
1,40.3084,55.8442,0.2789,29.8923,1.0130,1.3892,39.9533
1,40.4581,56.0951,0.2783,29.5863,0.9830,1.3938,41.4128
1,41.2861,56.8292,0.2746,29.4155,1.0218,1.3731,47.7982
1,40.8564,56.0589,0.2763,30.2202,1.0049,1.3855,37.3186
1,40.3308,56.3705,0.2791,30.1876,1.0227,1.3845,46.9891
1,39.8738,55.6175,0.2810,29.9575,0.9933,1.3975,43.1394
1,40.1903,56.4817,0.2799,29.9835,0.9967,1.3960,38.2328
1,40.5315,56.6754,0.2783,29.5391,0.9937,1.3932,37.1383
1,40.8965,57.0200,0.2767,29.6830,1.0106,1.3837,40.9273
1,40.8768,56.8244,0.2767,30.0753,1.0275,1.3747,53.2165
1,40.0864,56.7841,0.2806,29.5197,0.9956,1.3971,40.4265
1,40.0428,55.5848,0.2801,30.2069,0.9959,1.3959,40.3809
1,40.7691,56.1436,0.2768,29.3550,0.9780,1.3901,43.7337
1,41.0156,56.0689,0.2755,29.4310,0.9916,1.3866,37.1849
1,41.2333,55.6779,0.2742,30.1310,0.9764,1.3846,42.4051
1,39.7658,55.9834,0.2818,30.1376,1.0266,1.3886,50.8051
1,40.2033,55.7616,0.2794,29.8873,1.0145,1.3896,41.0699
1,40.6937,56.7937,0.2776,29.7199,0.9894,1.3921,37.5039
1,41.1056,56.0009,0.2750,29.5072,0.9893,1.3856,37.9827
1,41.3623,56.6107,0.2741,30.1645,0.9812,1.3843,39.8842
1,40.2206,56.9771,0.2800,29.7486,0.9934,1.3965,39.8082
1,40.1954,56.1499,0.2797,29.5784,1.0063,1.3933,38.1934
1,39.8197,56.2332,0.2816,29.4251,1.0032,1.3972,42.0124
1,39.9474,56.4827,0.2811,29.5811,0.9875,1.3988,43.8239
1,41.3712,56.8253,0.2742,30.1048,1.0044,1.3783,42.0339
1,39.9047,56.5532,0.2814,30.2758,1.0195,1.3907,47.3286
1,41.1834,56.1048,0.2747,29.5739,0.9912,1.3845,37.3852
1,39.9071,55.8840,0.2810,29.7960,0.9861,1.3984,44.7361
1,40.8624,55.7719,0.2761,30.2185,0.9845,1.3895,37.9236
1,40.3696,56.0419,0.2787,29.7736,1.0043,1.3920,36.9648
1,40.0824,55.6940,0.2800,29.9019,1.0072,1.3932,39.9302
1,39.9123,56.0325,0.2810,30.2283,1.0226,1.3889,47.9424
1,40.1822,57.1432,0.2804,30.0223,1.0183,1.3886,46.7893
1,40.4586,56.7976,0.2787,29.5620,1.0183,1.3864,42.6514
1,41.0821,55.8508,0.2750,29.2982,1.0120,1.3803,38.5416
1,41.3131,56.5312,0.2743,30.1678,0.9832,1.3847,38.9726
1,40.1608,55.7900,0.2797,30.0581,1.0022,1.3940,38.6039
1,40.9549,56.5670,0.2761,29.7585,1.0122,1.3821,40.3378
1,40.0873,56.8292,0.2806,29.7737,1.0146,1.3918,42.8118
1,40.9270,56.5776,0.2762,29.6960,1.0249,1.3765,47.8833
1,40.2022,56.1371,0.2796,29.5853,1.0012,1.3944,38.0333
1,40.2289,55.8433,0.2793,29.7092,0.9951,1.3947,38.9109
1,39.9252,56.4455,0.2812,29.5895,1.0053,1.3963,40.6931
1,40.0140,56.4519,0.2808,29.4418,0.9941,1.3975,41.3153
1,40.7163,56.2443,0.2771,29.7814,0.9942,1.3907,35.6594
1,40.2921,56.4218,0.2793,30.0796,1.0041,1.3931,37.9340
1,39.7390,56.0607,0.2819,29.9364,1.0233,1.3908,48.3347
1,40.1335,55.7841,0.2798,29.9498,0.9911,1.3962,40.2969
1,39.7258,56.1349,0.2820,30.1200,0.9846,1.4008,46.1612
1,40.3894,56.9163,0.2792,29.3872,1.0025,1.3930,37.8698
1,41.0532,56.8950,0.2758,30.2616,0.9894,1.3878,37.4814
1,40.1069,56.5121,0.2803,30.2264,1.0121,1.3919,42.1578
1,41.1195,56.7349,0.2754,29.4056,1.0174,1.3780,43.2158
1,41.1098,56.4337,0.2752,30.1876,0.9790,1.3879,39.4980
1,40.6004,55.8303,0.2775,30.2019,1.0230,1.3806,46.4137
1,40.0340,56.1083,0.2805,29.9167,1.0261,1.3866,48.1650
1,39.9858,55.6380,0.2805,29.5350,0.9994,1.3954,41.5123
1,40.7212,56.4501,0.2772,29.9200,1.0005,1.3895,35.7715
1,41.2922,56.1852,0.2742,29.8349,0.9704,1.3844,45.7713
1,39.9262,56.6001,0.2813,29.5754,0.9902,1.3989,43.2142
1,40.2601,56.2654,0.2794,29.4074,0.9912,1.3954,39.8471
1,41.1136,55.5387,0.2747,29.7352,1.0273,1.3718,48.9790
1,40.7189,56.8436,0.2775,29.4761,0.9688,1.3918,48.5656
1,41.0672,56.8985,0.2757,29.7486,1.0132,1.3800,42.8102
1,41.3032,56.2736,0.2742,30.2460,0.9968,1.3818,37.9210
1,40.4831,56.2173,0.2783,29.8516,1.0165,1.3862,41.1774
1,40.9889,57.0530,0.2762,29.4835,0.9795,1.3891,42.1280
1,41.1723,55.5265,0.2744,29.6534,1.0137,1.3772,41.1749
1,39.8731,55.6954,0.2811,29.9595,0.9879,1.3983,44.4704
1,41.1678,55.6320,0.2745,29.5511,1.0182,1.3758,42.7878
1,41.1316,56.9790,0.2755,29.9059,0.9691,1.3879,46.0130
1,40.0614,57.0976,0.2809,29.6435,1.0213,1.3894,46.8934
1,40.6193,57.0806,0.2781,29.3073,0.9898,1.3927,39.2262
1,40.0690,57.0033,0.2808,29.8016,1.0227,1.3883,47.9827
1,39.7519,55.6308,0.2816,29.9394,0.9820,1.3992,48.6904
1,40.9284,56.3378,0.2761,29.8756,0.9769,1.3897,41.4014
1,40.9443,55.5831,0.2756,29.5982,1.0048,1.3839,37.0692
1,41.2071,56.9336,0.2751,29.7124,1.0095,1.3795,41.8698
1,40.3889,56.3178,0.2788,29.3710,0.9783,1.3945,45.1479
1,39.9654,56.0223,0.2808,29.7775,1.0087,1.3944,40.6610
1,40.9429,56.1855,0.2759,29.8936,0.9830,1.3891,38.6328
1,40.3598,56.8650,0.2793,30.1448,1.0225,1.3843,48.5079
1,41.2208,55.6598,0.2742,29.5833,0.9742,1.3836,46.0499
1,40.2172,56.6546,0.2799,29.9242,1.0114,1.3915,40.7633
1,40.5892,56.1357,0.2777,29.8541,1.0166,1.3848,41.0728
1,40.8227,56.9792,0.2770,29.3981,0.9825,1.3909,40.9882
1,40.0636,56.1257,0.2803,29.3194,0.9758,1.3967,50.1665
1,40.7252,56.9671,0.2775,29.8247,1.0168,1.3830,44.0918
1,40.3920,56.6606,0.2790,30.1728,1.0211,1.3846,46.7861
1,39.7797,56.4018,0.2819,29.3486,1.0019,1.3979,42.7437
1,39.9243,56.8135,0.2814,29.3417,1.0108,1.3951,41.8061
1,40.1651,56.2139,0.2799,29.6822,0.9887,1.3967,40.7655
1,40.1696,56.2811,0.2799,29.7668,1.0262,1.3855,47.3674
1,41.2076,56.9882,0.2751,29.6693,1.0065,1.3807,40.7272
1,40.6059,57.0486,0.2782,29.2859,0.9900,1.3928,39.1732
1,40.6427,55.7766,0.2772,30.2349,1.0050,1.3879,37.1512
1,41.1830,56.5991,0.2750,30.2335,0.9725,1.3874,42.5811
1,41.0133,55.5441,0.2752,29.5189,0.9756,1.3858,45.9835
1,41.1066,56.7906,0.2755,29.7042,0.9919,1.3865,37.2245
1,40.4616,57.0528,0.2789,30.2627,0.9950,1.3938,38.4044
1,40.2532,55.8187,0.2792,30.1354,1.0035,1.3928,38.0527
1,40.7596,56.6448,0.2771,30.0821,0.9844,1.3921,37.8416
1,40.8651,55.6908,0.2760,29.9296,1.0139,1.3816,40.3254
1,40.4614,56.6985,0.2787,29.3378,0.9928,1.3938,38.1857
1,40.5401,56.0212,0.2779,29.3445,0.9910,1.3921,38.6390
1,40.9814,56.9660,0.2762,30.1999,0.9852,1.3894,38.2252
1,39.8950,56.1823,0.2812,29.5441,0.9911,1.3984,43.4484
1,40.6667,56.0245,0.2772,29.7427,0.9836,1.3917,39.6508
1,39.8753,56.9343,0.2818,30.0478,0.9953,1.3991,42.5352
1,40.0757,56.8231,0.2807,29.3984,0.9900,1.3977,42.4228
1,40.5532,56.4492,0.2780,29.8177,0.9709,1.3939,46.1764
1,40.4078,56.8510,0.2790,29.8158,1.0227,1.3844,46.8273
1,41.1693,56.0487,0.2747,29.5181,0.9731,1.3852,45.7322
1,40.9228,55.7052,0.2758,30.0499,0.9914,1.3876,36.6109
1,40.9397,56.4672,0.2761,29.4713,1.0058,1.3852,36.5777
1,41.1504,56.1859,0.2749,29.4509,1.0195,1.3763,43.1905
1,40.8304,56.4017,0.2766,29.5473,0.9690,1.3900,47.7618
1,39.8666,57.0343,0.2819,29.8667,0.9862,1.4003,45.3739
1,41.1749,55.4748,0.2744,30.0955,0.9823,1.3845,40.5483
1,40.8504,55.8531,0.2762,30.1398,1.0276,1.3749,50.2003
1,40.4283,56.1671,0.2785,29.3667,0.9784,1.3938,45.0879
1,40.9818,56.3308,0.2758,30.0754,0.9694,1.3892,44.7618
1,41.1475,55.6539,0.2746,29.6715,0.9749,1.3848,45.1030
1,39.7049,55.5944,0.2819,29.7246,0.9741,1.3989,54.8671
1,41.1930,55.8835,0.2745,30.2439,0.9720,1.3859,43.4959
1,40.6357,55.5348,0.2771,29.8932,0.9878,1.3908,39.1217
1,41.0810,56.2610,0.2753,29.8800,1.0266,1.3728,50.0901
1,40.7167,55.6822,0.2768,29.4588,0.9926,1.3893,38.0606
1,40.4171,55.9365,0.2784,30.1247,1.0237,1.3829,46.4504
1,40.7317,57.0419,0.2775,29.3788,0.9927,1.3912,37.8658
1,40.7834,56.5894,0.2770,29.6846,1.0068,1.3868,37.2969
1,39.8442,55.6774,0.2812,29.8418,1.0015,1.3964,42.2397
1,40.9619,56.3371,0.2759,29.5195,1.0033,1.3855,35.9677
1,41.1534,56.1086,0.2748,29.8362,0.9871,1.3857,37.7939
1,39.8123,55.7309,0.2814,29.8129,1.0256,1.3888,48.6473
1,39.9394,55.8313,0.2808,29.5809,0.9730,1.3975,52.5774
1,41.0615,55.5157,0.2750,30.1827,0.9922,1.3851,37.2329
1,40.2156,55.7182,0.2793,29.8280,1.0016,1.3934,38.4162
1,40.1059,56.8657,0.2806,29.8600,0.9705,1.3987,49.7030
1,40.4177,56.4003,0.2787,29.7856,0.9983,1.3934,36.5068
1,40.6862,56.5521,0.2774,30.1028,0.9861,1.3927,37.2723
1,39.8850,56.0973,0.2812,30.0153,1.0028,1.3968,40.9527
1,40.4139,56.5759,0.2788,29.8627,0.9978,1.3937,36.8024
1,40.7440,56.1245,0.2769,29.9233,1.0123,1.3846,39.2803
1,40.6413,56.9340,0.2779,30.1664,0.9984,1.3910,37.5012
1,41.2345,56.4996,0.2746,29.9402,0.9942,1.3839,37.1101
1,40.1537,55.7603,0.2797,30.2557,1.0157,1.3891,42.9670
1,40.6915,57.0701,0.2777,29.8213,1.0195,1.3821,46.2315
1,40.5493,56.7918,0.2783,29.5608,0.9748,1.3940,45.0274
1,40.3245,56.4660,0.2792,29.4837,1.0114,1.3908,38.7084
1,40.0655,56.0434,0.2803,30.0607,1.0022,1.3953,39.1466
1,41.1395,56.6354,0.2752,30.1570,1.0222,1.3735,50.2875
1,41.1412,55.4197,0.2745,30.0620,0.9703,1.3848,46.9772
1,40.7935,56.8751,0.2771,29.6376,0.9695,1.3914,47.0265
1,40.4705,56.1503,0.2783,30.0816,1.0192,1.3847,43.6442
1,40.5034,56.6372,0.2784,29.6147,1.0254,1.3823,46.7254
1,40.9169,55.9415,0.2759,30.0825,0.9715,1.3893,44.1704
1,40.5465,57.0527,0.2785,30.0665,0.9772,1.3951,42.3335
1,40.2207,56.9575,0.2800,29.7660,1.0030,1.3945,39.2753
1,40.1636,56.7810,0.2802,29.8519,0.9837,1.3980,42.4107
1,40.9726,55.7443,0.2755,29.9427,1.0136,1.3803,40.5974
1,40.9235,56.7535,0.2764,29.2899,0.9901,1.3889,37.8824
1,40.3764,56.6274,0.2790,29.8631,0.9953,1.3946,37.3005
1,40.3012,56.0724,0.2791,30.0397,0.9745,1.3962,45.0549
1,40.2856,57.0702,0.2798,29.6433,0.9803,1.3970,44.0152
1,40.6043,56.7102,0.2780,29.6759,1.0184,1.3843,42.9334
1,41.0229,55.5275,0.2752,29.2797,0.9709,1.3847,50.4145
1,40.3659,56.7920,0.2792,29.7811,1.0205,1.3861,44.9786
1,41.2591,56.3455,0.2744,29.8397,1.0097,1.3783,40.7423
1,40.2229,56.0900,0.2795,29.9895,0.9956,1.3954,37.9503
1,40.5437,56.5236,0.2781,29.3885,1.0282,1.3809,47.1375
1,40.3398,56.1817,0.2790,29.4624,0.9817,1.3949,43.3226
1,40.1947,55.9220,0.2796,30.2277,1.0133,1.3900,41.5266
1,40.1413,56.8802,0.2804,29.3465,1.0090,1.3937,39.9592
1,40.2077,55.5352,0.2793,29.5783,1.0227,1.3861,44.2725
1,40.8549,55.6839,0.2761,30.0475,0.9980,1.3872,35.9922
1,40.8959,56.3931,0.2763,30.2645,0.9781,1.3907,39.4388
1,40.7278,55.7570,0.2768,29.6594,0.9827,1.3902,40.9965
1,40.4141,55.6820,0.2783,29.9732,1.0005,1.3917,37.0760
1,40.7090,56.2951,0.2772,29.4379,1.0072,1.3877,36.2288
1,40.8565,56.6725,0.2767,29.7800,1.0198,1.3799,44.8510
1,40.5762,55.5658,0.2774,29.7932,0.9925,1.3909,38.0448
1,40.1908,55.9272,0.2796,29.7573,0.9998,1.3945,38.3051
1,40.6489,56.5354,0.2776,29.4918,1.0282,1.3792,47.8929
1,40.4565,56.4807,0.2786,29.5730,0.9807,1.3946,42.2352
1,40.2933,56.0454,0.2791,30.0028,0.9967,1.3945,37.3099
1,40.8059,56.9923,0.2771,29.8381,1.0215,1.3795,47.6270
1,40.1273,56.2626,0.2801,29.7529,1.0003,1.3955,38.5665
1,40.5310,55.9699,0.2779,29.6262,0.9832,1.3929,41.0936
1,40.9728,55.6331,0.2755,29.5576,0.9795,1.3867,43.1588
1,40.5666,55.6504,0.2775,29.5371,1.0010,1.3898,36.8096
1,40.6322,56.1058,0.2775,29.7442,1.0057,1.3887,36.2820
1,41.2638,56.4706,0.2745,29.9871,0.9861,1.3849,38.1715
1,39.8852,56.7412,0.2816,29.9858,0.9945,1.3991,42.0570
1,40.2112,56.3427,0.2797,29.3163,0.9727,1.3958,50.3232
1,39.7736,56.3388,0.2819,30.0236,1.0070,1.3968,42.6130
1,40.6650,57.0913,0.2779,30.1356,1.0137,1.3846,44.2941
1,40.7530,55.4885,0.2765,30.1222,0.9951,1.3886,36.7159
1,40.6950,55.7266,0.2769,29.9664,1.0089,1.3860,37.9131
1,40.7870,57.0799,0.2773,30.1879,1.0127,1.3833,44.2454
1,40.5204,56.8405,0.2785,29.4659,1.0274,1.3814,48.1772
1,40.1411,56.3744,0.2801,29.8522,1.0052,1.3943,38.7630
1,40.9300,56.8931,0.2764,29.3010,1.0144,1.3823,40.7833
1,39.9940,56.3047,0.2808,29.3620,0.9895,1.3977,43.3088
1,40.1852,55.6990,0.2795,29.8722,0.9908,1.3954,40.3857
1,40.5080,56.7697,0.2785,29.4329,1.0071,1.3904,37.5025
1,40.4121,55.7896,0.2784,30.2382,1.0240,1.3824,47.1106
1,40.2519,55.6506,0.2791,29.2964,0.9962,1.3934,40.2201
1,40.8651,57.0423,0.2769,29.6585,0.9995,1.3881,37.4526
1,40.4561,55.7290,0.2781,30.1830,0.9710,1.3940,46.3684
1,40.2531,56.0873,0.2794,29.7649,1.0161,1.3891,41.1242
1,40.5007,56.4284,0.2783,29.3313,0.9849,1.3936,40.9123
1,40.0409,56.5967,0.2807,29.5382,1.0138,1.3928,41.4502
1,41.1635,55.5797,0.2745,29.5643,0.9816,1.3841,42.3723
1,39.7307,56.1427,0.2820,29.4644,1.0028,1.3978,43.1844
1,40.5849,55.5877,0.2774,30.0684,1.0126,1.3855,39.9064
1,40.7597,57.0454,0.2774,29.4071,0.9868,1.3915,39.4761
1,40.6948,56.7974,0.2775,29.9331,1.0080,1.3872,39.1193
1,41.0250,56.9482,0.2760,29.3066,0.9937,1.3872,37.4935
1,40.6251,56.3274,0.2776,29.3706,1.0283,1.3797,46.6744
1,41.1716,56.4226,0.2749,30.0884,1.0151,1.3769,44.3183
1,40.5452,56.5537,0.2782,29.8099,0.9853,1.3940,38.7785
1,40.9121,56.8669,0.2765,29.3810,1.0148,1.3822,41.1116
1,40.4994,55.7891,0.2779,29.7300,1.0063,1.3895,36.9725
1,39.8278,56.5756,0.2818,29.3976,1.0235,1.3911,46.6023
1,39.8428,56.4153,0.2816,30.1276,1.0059,1.3966,41.9014
1,41.1106,56.1660,0.2751,29.8788,1.0144,1.3785,41.8196
1,41.0069,56.3106,0.2757,29.7463,1.0128,1.3811,40.1010
1,40.9049,56.6077,0.2764,29.6660,1.0223,1.3783,45.8888
1,39.8950,56.1415,0.2812,30.2623,1.0056,1.3959,41.2727
1,39.8795,56.1261,0.2813,29.6405,0.9752,1.3989,50.8131
1,40.0364,55.5820,0.2802,29.3257,0.9732,1.3952,54.0166
1,40.2027,56.0635,0.2796,30.2456,1.0059,1.3929,38.8439
1,40.6691,55.8697,0.2771,30.2698,1.0065,1.3871,37.6928
1,41.0888,55.9230,0.2750,29.6200,0.9817,1.3862,40.8177
1,40.4706,56.6663,0.2786,29.7871,0.9963,1.3935,36.7990
1,39.8555,55.9533,0.2813,29.3885,1.0022,1.3966,42.0813
1,40.2756,56.0529,0.2792,29.4941,0.9802,1.3953,44.7813
1,41.1071,56.8164,0.2755,29.5130,0.9933,1.3862,37.2488
1,40.2909,56.6844,0.2795,29.9221,1.0212,1.3864,45.7323
1,39.9442,56.6176,0.2812,30.1031,0.9974,1.3981,40.7272
1,40.2222,56.8771,0.2800,29.6906,0.9912,1.3967,40.0411
1,40.9699,55.5779,0.2755,30.1991,1.0175,1.3779,43.8936
1,39.8304,55.5882,0.2812,29.5466,1.0195,1.3912,45.0731
1,40.1657,56.2928,0.2799,29.8827,1.0177,1.3893,42.9157
1,40.0739,56.9266,0.2808,29.7955,0.9833,1.3988,43.9120
1,39.9233,55.6661,0.2808,29.8281,1.0243,1.3882,47.3040
1,40.1721,56.8350,0.2802,30.0000,1.0007,1.3955,39.1988
1,40.2690,56.7744,0.2797,30.2197,0.9902,1.3967,38.8532
1,40.5267,57.1128,0.2786,30.1887,1.0181,1.3841,47.1980
1,41.1627,55.9798,0.2747,30.1757,0.9712,1.3864,43.9381
1,40.6877,56.8410,0.2776,30.0759,0.9739,1.3935,42.8695
1,41.2391,56.1709,0.2744,29.8719,0.9951,1.3833,36.8470
1,40.9971,55.5907,0.2753,29.3849,0.9877,1.3858,40.1564
1,40.3387,55.8778,0.2788,29.3232,0.9968,1.3932,38.5182
1,41.0602,56.6794,0.2756,30.0034,0.9972,1.3859,36.8325
1,40.8866,55.9455,0.2761,29.9501,1.0025,1.3861,36.0709
1,40.8640,55.9879,0.2762,29.3877,0.9981,1.3875,35.8538
1,40.0714,55.6736,0.2800,29.3520,0.9805,1.3957,48.5181
1,40.5154,56.3037,0.2782,29.6059,1.0223,1.3836,43.6500
1,39.6936,55.7139,0.2820,30.1134,0.9922,1.3993,45.0549
1,40.1018,55.5823,0.2798,30.1190,0.9844,1.3967,43.0335
1,40.2955,56.8474,0.2796,29.8651,0.9972,1.3951,38.2919
1,41.2365,56.4481,0.2746,30.2002,0.9931,1.3841,37.1521
1,40.8137,56.3853,0.2767,30.0831,0.9850,1.3911,37.3116
1,40.1604,55.6469,0.2796,29.4438,1.0146,1.3902,40.6609
1,40.4965,57.0737,0.2787,29.3568,1.0019,1.3920,37.9262
1,40.6805,55.4683,0.2769,29.6223,1.0113,1.3850,38.5941
1,39.8002,55.8159,0.2815,29.9231,0.9884,1.3990,45.0368
1,40.1999,56.8205,0.2801,29.7307,1.0201,1.3883,44.9131
1,40.7414,55.9575,0.2768,29.4639,1.0241,1.3798,43.8763
1,40.3305,57.0142,0.2795,30.1062,0.9751,1.3974,44.4052
1,40.4678,56.5060,0.2785,29.9300,0.9849,1.3950,38.9398
1,40.2908,56.4077,0.2793,29.7121,0.9809,1.3963,42.7340
1,41.0603,55.8256,0.2751,29.9552,1.0019,1.3835,36.7921
1,40.0569,56.0081,0.2803,30.0557,1.0113,1.3925,41.0299
1,39.8196,55.8738,0.2814,29.6701,1.0057,1.3961,42.1052
1,40.7100,56.3681,0.2772,29.5347,1.0260,1.3794,46.1708
1,40.6336,56.6199,0.2777,29.5812,0.9697,1.3927,47.7072
1,40.2639,57.0676,0.2799,30.2654,0.9984,1.3950,39.6216
1,39.9412,56.4365,0.2811,29.8011,1.0197,1.3910,45.0502
1,41.2445,56.9101,0.2749,30.0668,0.9901,1.3849,38.3671
1,40.9348,57.0317,0.2765,29.6206,0.9982,1.3875,37.3549
1,41.1891,56.0980,0.2746,29.5861,1.0108,1.3792,39.4706
1,41.2213,56.0131,0.2744,29.9626,0.9908,1.3841,37.1279
1,41.2026,55.6515,0.2743,29.6442,0.9952,1.3827,37.6583
1,39.9140,56.0546,0.2810,30.2603,1.0252,1.3876,49.7081
1,41.1643,55.5187,0.2745,30.0427,1.0026,1.3810,38.3447
1,41.3038,56.4129,0.2742,30.1691,0.9875,1.3841,37.8457
1,40.1268,56.8807,0.2805,29.9521,1.0036,1.3951,39.9335
1,40.1035,56.0306,0.2801,30.0346,0.9827,1.3978,42.7257
1,41.0218,55.6737,0.2753,30.2580,1.0189,1.3764,45.3025
1,40.5468,56.3904,0.2780,29.3458,0.9852,1.3930,40.5105
1,40.4381,56.9422,0.2789,29.6717,1.0074,1.3909,38.9194
1,40.5564,56.5228,0.2781,30.2206,0.9696,1.3948,44.9906
1,40.0913,56.6018,0.2805,29.4134,1.0135,1.3926,40.7586
1,39.8348,55.5400,0.2812,29.4453,0.9956,1.3966,44.7636
1,40.1341,55.7962,0.2798,30.0561,1.0067,1.3930,39.3854
1,40.4463,55.9238,0.2783,29.6658,0.9743,1.3936,46.4460
1,41.1747,56.2770,0.2748,29.9150,1.0278,1.3706,52.0110
1,40.5849,55.6678,0.2775,29.3768,1.0254,1.3810,44.1930
1,39.8671,57.0518,0.2819,29.7311,1.0091,1.3959,43.3126
1,40.4937,55.6926,0.2779,29.5157,1.0058,1.3895,37.0613
1,40.3857,56.1393,0.2787,30.0855,1.0202,1.3852,44.3300
1,40.0511,55.6580,0.2801,29.7256,0.9921,1.3961,41.9532
1,40.3302,55.5385,0.2787,29.5784,1.0232,1.3845,44.1475
1,39.7326,55.7623,0.2818,29.9804,0.9762,1.3999,51.2224
1,40.3360,55.6571,0.2787,30.0004,1.0059,1.3910,38.1193
1,39.8269,56.2557,0.2816,29.3577,0.9764,1.3989,52.0395
1,41.1983,55.6463,0.2743,29.3315,0.9899,1.3831,39.6169
1,40.3507,56.7217,0.2792,29.7796,0.9823,1.3963,41.4762
1,41.1376,56.6407,0.2752,29.8082,0.9690,1.3872,46.1274
1,39.8692,56.4507,0.2815,29.3475,1.0174,1.3932,43.2852
1,41.0927,56.1173,0.2751,29.9876,0.9691,1.3872,45.6327
1,40.0184,56.8264,0.2810,29.7509,0.9897,1.3986,42.2110
1,40.2264,55.7623,0.2793,29.2835,1.0157,1.3895,40.1359
1,40.7614,56.8730,0.2773,29.6628,0.9736,1.3920,44.5006
1,39.7618,55.9994,0.2818,29.6342,1.0116,1.3952,43.1409
1,41.0968,56.6672,0.2754,30.2036,1.0161,1.3772,46.0219
1,40.2579,55.6191,0.2791,29.8010,1.0060,1.3917,38.5899
1,40.6623,56.9806,0.2778,29.5154,0.9947,1.3917,37.3255
1,40.4061,57.0535,0.2792,29.4806,0.9740,1.3955,47.1274
1,40.6951,56.0626,0.2771,29.2933,0.9998,1.3894,35.8012
1,40.3319,56.9788,0.2795,29.8248,1.0055,1.3926,39.2712
1,40.7714,55.5994,0.2765,29.6412,0.9782,1.3892,43.9980
1,39.7186,55.6239,0.2818,30.0532,0.9797,1.3997,49.7923
1,41.2543,56.0606,0.2743,29.9119,0.9700,1.3848,45.8185
1,39.9295,55.9423,0.2809,30.2576,0.9863,1.3990,42.7368
1,40.6166,56.3420,0.2777,29.9606,0.9696,1.3933,46.0419
1,40.1110,55.8005,0.2799,29.7713,1.0211,1.3880,44.2259
1,40.2838,56.5988,0.2795,30.0297,0.9782,1.3973,42.8472
1,41.1388,56.3392,0.2750,30.0076,1.0176,1.3763,45.0233
1,41.2431,56.3999,0.2745,29.5192,0.9851,1.3847,39.4397
1,41.0798,55.7060,0.2750,29.3762,1.0073,1.3816,37.5951
1,40.4794,57.1032,0.2788,29.9779,0.9734,1.3958,44.9948
1,41.2409,56.2496,0.2745,30.2697,1.0191,1.3733,47.9850
1,40.5530,55.6315,0.2776,29.2816,1.0283,1.3801,45.6255
1,40.9275,56.8768,0.2764,30.1143,0.9797,1.3906,39.7686
1,39.9486,55.8158,0.2807,29.5527,1.0042,1.3953,40.8712
1,39.9874,56.0728,0.2807,29.8523,0.9793,1.3985,46.2548
1,39.9438,56.5035,0.2812,30.1209,1.0262,1.3873,50.4221
1,39.8092,55.9615,0.2815,30.1880,1.0254,1.3886,50.0569
1,39.9687,56.8454,0.2812,29.9437,0.9694,1.3999,51.3720
1,40.8539,55.7710,0.2761,29.4707,0.9952,1.3876,36.7877
1,41.0536,56.9673,0.2759,29.5696,0.9803,1.3883,41.3142
1,39.9553,56.4187,0.2810,29.5933,0.9896,1.3985,42.9264
1,41.0589,56.5152,0.2755,29.4620,0.9953,1.3863,36.3054
1,40.3813,56.8010,0.2791,29.7249,0.9690,1.3958,48.9236
1,41.1121,55.9880,0.2750,29.9066,1.0041,1.3824,37.4140
1,40.7587,55.8772,0.2767,29.8689,0.9962,1.3892,35.6785
1,40.4624,56.7254,0.2787,29.5897,1.0005,1.3927,36.8652
1,40.0151,56.6002,0.2808,29.7176,0.9998,1.3969,39.9942
1,40.7118,55.7426,0.2769,30.0647,1.0171,1.3822,42.1511
1,41.1784,56.0399,0.2747,29.5012,0.9701,1.3848,47.7462
1,40.1916,55.5239,0.2794,29.6111,0.9995,1.3934,39.7101
1,40.1534,56.2840,0.2800,29.9854,0.9797,1.3979,43.5086
1,39.9878,56.9247,0.2812,30.2020,1.0148,1.3921,45.3441
1,40.0073,57.0983,0.2812,29.6115,0.9998,1.3971,41.5119
1,40.0859,55.9751,0.2801,29.5216,1.0205,1.3891,43.2056
1,41.3020,56.5329,0.2743,30.1799,1.0179,1.3731,48.1559
1,40.9818,55.5932,0.2754,29.6667,0.9701,1.3864,48.4065
1,40.5638,55.5419,0.2775,30.2141,1.0145,1.3847,41.3288
1,41.0215,56.7329,0.2759,29.4276,0.9840,1.3882,39.7551
1,41.1516,55.5257,0.2745,30.0366,1.0243,1.3720,48.6971
1,40.6235,55.6359,0.2772,30.2598,1.0097,1.3861,39.1286
1,40.1957,56.4991,0.2799,30.1612,0.9984,1.3956,38.1337
1,41.0471,56.9816,0.2759,29.6997,0.9777,1.3887,42.1129
1,40.7504,55.9809,0.2768,30.0559,0.9989,1.3890,35.4047
1,40.4996,56.4519,0.2783,29.6036,0.9740,1.3941,45.6463
1,40.5180,56.1121,0.2780,30.1697,1.0194,1.3838,44.0922
1,40.3427,56.3866,0.2791,29.4427,0.9933,1.3947,38.3843
1,40.4030,56.8629,0.2791,29.5338,1.0108,1.3902,39.4606
1,39.8410,56.2210,0.2815,29.6824,0.9867,1.3993,45.1969
1,40.3647,56.9827,0.2793,29.8150,1.0136,1.3891,42.1581
1,41.0151,56.6049,0.2758,29.3301,1.0018,1.3855,36.2423
1,39.9505,55.9148,0.2808,29.6705,1.0098,1.3941,41.0050
1,40.0819,57.1046,0.2808,29.4370,0.9968,1.3970,41.3215
1,40.4380,56.0992,0.2784,30.2444,0.9963,1.3933,36.2285
1,41.3604,56.6735,0.2741,29.7723,1.0225,1.3707,50.2650
1,40.6757,55.8872,0.2771,29.8808,0.9887,1.3912,37.4717
1,40.8501,55.6028,0.2761,29.9640,0.9857,1.3887,38.8570
1,40.4950,56.4866,0.2784,29.8306,1.0105,1.3888,38.8157
1,39.9799,56.9652,0.2813,30.1910,1.0132,1.3929,44.7469
1,41.0266,55.8942,0.2753,30.0782,0.9817,1.3877,39.1403
1,40.5215,56.8797,0.2785,30.0379,0.9728,1.3953,44.3947
1,40.8155,56.2956,0.2766,29.4916,0.9793,1.3902,41.9967
1,40.6408,55.8494,0.2773,29.5103,1.0217,1.3821,42.4385
1,40.3086,56.5711,0.2794,29.7635,1.0176,1.3881,42.5214
1,41.1111,56.9256,0.2755,29.7008,1.0084,1.3815,40.6348
1,40.3783,55.7017,0.2785,30.1921,1.0085,1.3896,38.8708
1,39.8119,56.1840,0.2816,29.7294,0.9988,1.3982,42.1898
1,40.7719,56.0334,0.2767,29.9941,0.9880,1.3906,36.8590
1,40.2312,57.0554,0.2800,29.7291,0.9992,1.3953,39.4390
1,40.2259,56.6134,0.2798,29.5603,0.9970,1.3956,38.5053
1,40.3345,55.8178,0.2788,29.9601,1.0118,1.3893,39.5780
1,39.8769,56.6166,0.2816,29.6363,1.0156,1.3936,43.5849
1,40.2187,56.5162,0.2798,30.1422,1.0019,1.3945,38.2597
1,40.4433,56.7948,0.2788,29.6200,1.0222,1.3847,45.1893
1,40.8638,56.8565,0.2767,29.8223,0.9832,1.3908,39.1356
1,41.1406,55.8362,0.2747,29.3959,1.0261,1.3730,46.6686
1,40.8980,55.6112,0.2758,30.0411,1.0135,1.3811,40.6895
1,39.8188,56.5616,0.2818,29.7758,1.0070,1.3968,42.1819
1,40.4741,56.3199,0.2784,30.1234,1.0245,1.3819,47.7731
1,41.0171,55.9908,0.2754,29.4360,1.0099,1.3822,37.6570
1,41.3314,56.9031,0.2744,29.5735,0.9895,1.3835,39.1256
1,40.1993,56.6765,0.2800,29.4993,0.9959,1.3960,39.1131
1,39.9872,56.7044,0.2811,29.9676,1.0171,1.3915,44.7715
1,40.6315,55.7209,0.2772,30.1710,1.0150,1.3840,41.2810
1,40.1380,57.1183,0.2806,29.6640,1.0161,1.3908,44.0738
1,39.7758,55.8692,0.2816,29.7109,0.9729,1.3991,53.7660
1,40.7365,55.5352,0.2766,29.3320,0.9791,1.3887,45.5123
1,41.2658,56.6106,0.2746,29.3873,0.9843,1.3846,40.2508
1,40.7271,56.0019,0.2769,29.6154,1.0230,1.3803,43.8955
1,40.5465,56.0076,0.2778,29.4157,0.9728,1.3921,48.0255
1,40.1239,55.5940,0.2797,29.4885,0.9705,1.3948,53.8902
1,40.4439,56.1311,0.2784,29.3975,1.0176,1.3868,40.1150
1,40.2691,56.8732,0.2797,29.8373,1.0004,1.3947,38.5135
1,40.1777,55.6867,0.2795,29.3634,0.9899,1.3947,42.6830
1,40.1679,56.3762,0.2799,29.4533,1.0208,1.3887,43.0674
1,41.1379,55.7880,0.2747,29.6532,0.9694,1.3850,48.0967
1,40.8055,57.0784,0.2772,30.0329,1.0138,1.3829,44.1583
1,41.2241,56.1871,0.2745,29.6179,1.0241,1.3725,47.5899
1,40.6941,56.0831,0.2771,29.4723,1.0175,1.3836,40.1446
1,39.9920,55.5731,0.2804,30.2646,1.0050,1.3942,40.8988
1,40.1419,56.2454,0.2800,30.0809,1.0248,1.3858,47.9915
1,40.6808,56.1614,0.2772,29.6613,1.0043,1.3887,35.7941
1,40.5749,55.9437,0.2776,29.5091,0.9852,1.3921,40.4720
1,41.0583,56.8329,0.2757,29.6649,0.9984,1.3857,37.0640
1,40.2885,56.4878,0.2794,29.3622,0.9740,1.3956,48.4226
1,40.2202,55.9799,0.2795,30.0145,0.9740,1.3967,46.3626
1,41.2631,56.2623,0.2744,29.9427,0.9750,1.3852,42.6001
1,40.8850,56.1100,0.2762,29.3759,1.0013,1.3869,35.4620
1,40.8303,55.7552,0.2763,29.4187,0.9799,1.3885,43.3554
1,40.6633,57.0709,0.2779,29.7634,1.0273,1.3786,51.4197
1,41.1035,55.9206,0.2750,29.9887,0.9984,1.3841,36.4155
1,41.0773,55.6895,0.2750,29.4510,1.0203,1.3765,42.8762
1,39.8700,56.0678,0.2813,29.4193,0.9873,1.3983,45.7850
1,40.3576,56.2036,0.2789,29.2998,1.0195,1.3872,41.0105
1,41.0501,56.7713,0.2757,29.7762,1.0149,1.3794,43.1986
1,40.1918,56.1963,0.2797,30.0829,1.0020,1.3945,38.0444
1,40.1430,56.9893,0.2804,29.5975,0.9982,1.3963,40.0075
1,40.5483,56.3910,0.2780,29.9915,0.9806,1.3943,40.1227
1,40.1993,55.9508,0.2795,29.4164,1.0051,1.3932,38.3002
1,41.0654,55.5496,0.2750,30.1109,0.9904,1.3854,37.4956
1,40.0515,56.2187,0.2804,29.5642,0.9835,1.3977,44.5483
1,39.8502,56.5304,0.2816,29.7130,0.9924,1.3993,43.0949
1,40.9078,55.9837,0.2760,29.7638,1.0204,1.3787,43.4805
1,41.2060,55.9967,0.2745,29.9823,1.0138,1.3769,42.3802
1,40.1738,57.0323,0.2803,29.5250,1.0194,1.3892,44.6883
1,41.2728,56.0820,0.2742,29.5187,0.9842,1.3838,40.1780
1,40.4167,55.6265,0.2783,29.7066,1.0204,1.3848,42.7083
1,41.2285,55.6044,0.2742,30.0998,0.9804,1.3842,40.9317
1,40.7160,56.4090,0.2772,29.4822,0.9770,1.3915,43.4547
1,40.6950,55.5703,0.2768,30.0273,0.9734,1.3907,45.1830
1,40.6410,56.6524,0.2777,30.1972,1.0060,1.3883,38.6452
1,41.1748,56.1259,0.2747,29.4548,1.0069,1.3810,37.7112
1,41.3397,56.8259,0.2743,30.1139,1.0240,1.3693,54.1275
1,39.9094,55.6305,0.2808,29.8688,0.9782,1.3980,48.9921
1,40.7842,56.0274,0.2766,30.0662,1.0187,1.3807,43.4462
1,40.0576,56.9895,0.2809,29.9658,1.0112,1.3932,42.8196
1,40.6104,56.6192,0.2779,29.5717,0.9755,1.3932,44.2719
1,40.2319,56.4560,0.2797,29.9230,0.9970,1.3955,37.8876
1,40.7677,55.5872,0.2765,29.4773,1.0272,1.3774,46.0512
1,40.8626,55.5605,0.2760,30.0710,1.0226,1.3771,46.1019
1,40.3649,56.2367,0.2789,29.8919,1.0167,1.3875,41.6797
1,40.2802,57.0735,0.2798,30.2046,0.9818,1.3977,41.9373
1,41.3035,56.7480,0.2745,30.2644,0.9715,1.3859,43.4574
1,40.1001,56.7901,0.2805,29.2876,1.0202,1.3900,43.5767
1,40.9183,55.7295,0.2758,29.6262,0.9841,1.3878,40.2167
1,40.6908,56.2287,0.2772,30.2537,1.0264,1.3777,50.1385
1,39.8560,56.6407,0.2817,30.2102,1.0165,1.3926,45.9904
1,40.3796,56.7933,0.2791,29.9474,1.0127,1.3892,41.3825
1,39.9084,55.6059,0.2808,29.8899,1.0250,1.3878,48.0002
1,41.2018,56.8935,0.2751,29.5528,1.0019,1.3826,38.5136
1,40.6524,56.1029,0.2773,30.0981,1.0079,1.3873,37.8265
1,40.4202,55.7458,0.2783,29.4140,0.9909,1.3927,39.9487
1,40.2938,55.7529,0.2790,30.0083,1.0186,1.3867,43.0560
1,40.3246,55.5723,0.2787,29.3263,1.0013,1.3918,38.7822
1,40.5590,56.9838,0.2784,29.5689,1.0243,1.3821,47.3509
1,39.7914,56.3115,0.2818,29.8547,1.0165,1.3935,44.6763
1,41.0615,56.4617,0.2755,29.6981,0.9726,1.3878,44.4845
1,40.8270,56.7957,0.2769,30.0381,0.9741,1.3918,42.5299
1,40.9318,56.0649,0.2759,29.4516,0.9719,1.3880,46.8467
1,41.0310,56.0111,0.2754,30.1503,1.0279,1.3721,51.8444
1,40.6774,56.6208,0.2775,29.3180,0.9838,1.3920,40.6340
1,40.5047,56.4217,0.2783,29.7916,1.0186,1.3852,42.5223
1,40.9481,55.8837,0.2757,29.6471,0.9975,1.3864,35.8827
1,40.5221,56.9931,0.2785,29.9458,0.9754,1.3952,43.5797
1,40.0456,56.3085,0.2805,30.2677,1.0223,1.3878,47.6531
1,40.1825,56.9156,0.2802,30.1901,0.9759,1.3988,44.7730
1,40.3069,56.5136,0.2793,29.5027,0.9690,1.3955,50.7738
1,41.0041,55.5738,0.2753,29.4949,1.0270,1.3741,46.9087
1,39.9593,56.2085,0.2809,29.5547,1.0041,1.3960,40.2305
1,39.8289,56.5146,0.2817,29.7967,0.9943,1.3992,42.7198
1,40.5074,56.6219,0.2784,29.6251,0.9839,1.3943,40.2209
1,40.9391,56.9840,0.2764,29.8565,1.0235,1.3765,49.9014
1,41.1359,56.4279,0.2751,29.9211,1.0167,1.3770,44.2389
1,40.1088,55.5367,0.2798,29.5647,0.9778,1.3954,49.1428
1,39.9097,56.9149,0.2816,29.3409,0.9709,1.3991,54.4222
1,40.7584,56.5933,0.2771,29.9706,0.9990,1.3895,35.9747
1,39.8457,56.4283,0.2816,29.9071,1.0158,1.3934,44.2632
1,40.2926,56.9305,0.2797,29.5746,0.9705,1.3965,49.4916
1,40.3143,56.8209,0.2795,30.0064,1.0280,1.3824,51.5219
1,40.9327,55.7337,0.2757,29.5907,1.0244,1.3765,45.2534
1,39.8014,56.7988,0.2820,30.1952,1.0256,1.3890,52.0270
1,41.1564,56.2010,0.2749,29.4234,1.0070,1.3814,37.5897
1,40.1437,56.0066,0.2799,29.5390,1.0252,1.3865,45.4847
1,40.8743,55.4664,0.2759,29.7705,0.9824,1.3878,41.6009
1,40.1002,56.5606,0.2804,29.7723,0.9954,1.3970,39.5392
1,40.7090,56.7821,0.2775,29.3422,1.0067,1.3882,37.0364
1,41.1135,56.2522,0.2751,29.6381,0.9886,1.3861,37.5574
1,40.1880,56.8820,0.2802,29.3773,0.9985,1.3957,39.4306
1,41.0042,55.8930,0.2755,29.8918,0.9959,1.3861,35.9211
1,41.0960,56.6093,0.2754,29.7126,0.9987,1.3850,36.6387
1,39.9394,56.8604,0.2814,30.1240,1.0041,1.3966,41.6582
1,40.7489,56.7290,0.2772,29.7376,1.0195,1.3817,44.2758
1,40.1241,55.5168,0.2797,29.3640,1.0204,1.3881,43.0877
1,39.8490,56.0869,0.2814,29.7654,1.0013,1.3973,41.5184
1,40.2032,56.0541,0.2796,29.8242,1.0009,1.3944,37.9199
1,41.1307,56.2723,0.2750,29.6265,0.9908,1.3857,37.0517
1,40.8383,56.7781,0.2768,29.4031,1.0209,1.3805,44.0008
1,39.9836,57.1242,0.2813,30.1892,1.0015,1.3969,42.0762
1,39.9052,56.3622,0.2813,30.1243,0.9829,1.4000,44.2924
1,41.3386,56.8867,0.2744,29.2813,0.9956,1.3822,38.6517
1,39.8188,55.6875,0.2813,29.5935,0.9965,1.3972,43.8016
1,40.0315,55.6812,0.2802,29.5304,0.9802,1.3964,48.1069
1,39.9365,56.1314,0.2810,29.4408,0.9730,1.3979,52.5772
1,40.9827,56.9875,0.2762,30.1157,1.0128,1.3806,44.3275
1,40.7084,56.4494,0.2773,29.4747,0.9920,1.3911,36.7888
1,40.4269,56.6962,0.2788,29.7569,1.0018,1.3927,37.1096
1,40.9342,56.2472,0.2760,30.1572,1.0040,1.3850,37.2835
1,40.7105,55.6480,0.2768,30.1678,0.9874,1.3907,37.7104
1,41.1311,55.4767,0.2746,30.2029,1.0064,1.3800,39.5756
1,41.0287,57.0217,0.2760,29.9196,0.9921,1.3876,37.6651
1,40.6209,56.7205,0.2779,30.0605,1.0124,1.3861,41.3247
1,40.6403,56.8809,0.2779,30.0767,0.9895,1.3930,37.4376
1,41.0468,55.9309,0.2753,29.5421,0.9914,1.3860,37.3025
1,40.7727,56.5713,0.2770,29.5103,0.9931,1.3904,36.4139
1,41.2020,56.2557,0.2747,30.0681,1.0149,1.3765,43.8135
1,40.4727,55.5887,0.2780,29.8421,0.9688,1.3924,50.1820
1,40.4113,56.3680,0.2787,29.5875,1.0103,1.3901,38.0616
1,41.1422,56.7986,0.2753,30.1518,1.0205,1.3743,49.8180
1,41.0190,57.0521,0.2761,29.5321,0.9979,1.3865,37.6021
1,40.7027,56.6601,0.2774,29.4874,0.9746,1.3920,44.7847
1,40.2090,56.1503,0.2796,29.3448,0.9972,1.3949,38.9188
1,40.3052,55.7680,0.2789,30.2061,0.9966,1.3939,37.4923
1,40.1031,57.0278,0.2807,29.2933,1.0282,1.3863,49.0776
1,40.3879,55.8414,0.2785,30.2509,1.0228,1.3833,46.4449
1,40.6318,55.5348,0.2771,29.5991,0.9691,1.3900,50.8508
1,40.6101,56.7725,0.2780,29.8284,1.0059,1.3892,37.9166
1,41.1923,56.5878,0.2749,29.3115,1.0198,1.3759,44.1168
1,40.6444,55.7386,0.2772,30.2425,1.0032,1.3884,36.7217
1,41.2589,56.8201,0.2747,29.4599,0.9915,1.3842,38.2611
1,39.7143,55.9457,0.2820,29.5442,0.9735,1.3993,54.9034
1,40.3465,56.2105,0.2790,29.6047,0.9794,1.3952,43.7910
1,40.7923,55.8633,0.2765,29.3291,1.0204,1.3810,41.2971
1,40.9540,56.7091,0.2762,30.1655,0.9880,1.3893,36.9020
1,39.7805,56.5377,0.2820,29.3303,0.9994,1.3985,43.2157
1,40.4798,57.0144,0.2788,29.9238,0.9978,1.3931,37.9301
1,41.3551,56.8382,0.2743,29.2802,0.9735,1.3836,46.3435
1,40.7238,55.6334,0.2767,29.4041,0.9720,1.3890,49.2046
1,40.0528,56.6587,0.2807,29.4514,0.9923,1.3976,41.5360
1,40.5472,55.6196,0.2776,30.2682,0.9916,1.3920,37.0764
1,40.7034,55.8076,0.2769,30.2139,0.9771,1.3918,41.3257
1,39.8349,56.2112,0.2815,29.6015,1.0035,1.3971,41.6392
1,40.0023,56.3931,0.2808,29.6708,1.0147,1.3926,41.9931
1,40.6629,55.6934,0.2771,29.5581,1.0252,1.3798,44.8375
1,40.5411,55.8384,0.2778,29.7178,0.9896,1.3923,38.3578
1,40.6810,56.7846,0.2776,29.8488,1.0006,1.3901,36.6795
1,40.6980,56.0660,0.2771,29.9955,1.0051,1.3878,36.5543
1,41.1290,56.6935,0.2753,29.3497,1.0135,1.3797,40.7959
1,41.0757,56.8999,0.2757,30.0278,1.0162,1.3778,46.0641
1,39.9795,56.6088,0.2810,30.1866,1.0284,1.3857,52.5071
1,41.0767,55.6261,0.2749,30.1652,1.0242,1.3730,48.8778
1,39.7526,55.7645,0.2817,30.1663,0.9916,1.3992,44.1306
1,41.0127,56.4604,0.2757,29.4937,0.9928,1.3872,36.5212
1,40.2972,56.8357,0.2796,29.9687,1.0063,1.3926,39.3576
1,40.6251,56.4812,0.2777,29.7578,0.9759,1.3932,43.1302
1,40.9824,55.5642,0.2754,30.0652,1.0234,1.3750,47.1742
1,40.1460,56.7894,0.2803,29.5667,0.9728,1.3977,49.2725
1,40.2104,55.7861,0.2794,29.3141,0.9972,1.3940,39.7718
1,40.7861,56.9089,0.2772,29.4843,0.9865,1.3912,39.0048
1,39.9739,56.0426,0.2807,29.8326,0.9786,1.3985,46.9338
1,39.8404,56.1093,0.2814,29.6840,1.0241,1.3899,47.1273
1,39.7790,56.2474,0.2818,29.8662,1.0089,1.3962,42.6438
1,41.0746,56.6722,0.2756,29.9906,0.9750,1.3885,42.0085
1,41.0594,56.1164,0.2753,30.1880,1.0139,1.3788,42.5572
1,40.7365,56.1188,0.2769,29.9543,1.0125,1.3845,39.4951
1,40.2925,55.6376,0.2789,29.9671,0.9914,1.3943,39.2965
1,39.9273,55.9035,0.2809,30.1175,0.9982,1.3971,40.7086
1,40.5936,55.8314,0.2775,30.1593,0.9938,1.3916,36.1068
1,41.1343,56.3883,0.2751,29.3286,0.9850,1.3860,39.7747
1,39.8120,56.2124,0.2816,29.3073,1.0088,1.3960,42.0490
1,40.8422,57.0292,0.2770,30.0641,0.9701,1.3919,44.9910
1,41.1075,55.6931,0.2748,29.8110,1.0263,1.3724,48.6650
1,40.5295,56.1277,0.2780,30.0883,0.9995,1.3916,35.8741
1,40.2701,56.9040,0.2798,29.8564,0.9987,1.3951,38.6054
1,40.9495,56.0571,0.2758,29.4831,0.9818,1.3880,40.9599
1,40.2218,56.3956,0.2797,29.7568,1.0193,1.3883,43.2477
1,39.9381,56.4675,0.2812,29.8563,1.0128,1.3938,42.3254
1,40.9139,55.8359,0.2759,29.7614,1.0159,1.3806,40.8136
1,41.1126,55.4681,0.2747,30.0384,0.9749,1.3854,44.1314
1,41.2316,55.8064,0.2743,29.3748,0.9964,1.3823,37.5812
1,41.2595,56.3261,0.2744,29.3501,0.9874,1.3840,39.1529
1,40.3445,56.1311,0.2789,29.9970,1.0184,1.3867,42.9333
1,41.1013,55.5225,0.2748,30.0172,0.9720,1.3856,45.6145
1,41.2598,56.6491,0.2746,30.1604,1.0018,1.3811,39.5329
1,41.3507,56.7127,0.2742,30.1127,0.9889,1.3834,38.5515
1,40.6894,56.8373,0.2776,29.5774,1.0217,1.3818,45.1776
1,40.0772,55.9145,0.2801,30.2223,1.0027,1.3948,39.2595
1,40.1953,56.5593,0.2799,30.1992,1.0010,1.3950,38.4603
1,40.7566,56.4325,0.2770,29.3951,1.0194,1.3823,41.5725
1,39.8267,56.7366,0.2819,29.2940,1.0038,1.3976,42.3946
1,40.2752,56.2942,0.2794,29.9804,0.9816,1.3968,41.4966
1,39.8819,55.7205,0.2810,29.3867,1.0212,1.3906,44.7203
1,40.7884,56.6897,0.2770,29.9646,0.9965,1.3898,36.0484
1,40.1193,55.8526,0.2799,30.0809,1.0228,1.3867,46.3255
1,40.2993,55.5655,0.2788,29.5090,1.0241,1.3846,44.4517
1,40.9067,56.3281,0.2762,29.6268,0.9979,1.3877,35.4135
1,40.7563,56.2502,0.2769,29.4370,0.9941,1.3900,36.2718
1,40.4605,57.0601,0.2789,29.2886,0.9945,1.3938,38.8009
1,40.9160,56.3110,0.2761,29.2780,1.0228,1.3787,43.3452
1,39.9575,55.5316,0.2805,29.3699,0.9896,1.3961,45.6849
1,40.4202,55.7483,0.2783,30.0721,1.0100,1.3888,38.8976
1,40.1573,55.6113,0.2796,30.2639,1.0237,1.3852,47.5872
1,40.7362,55.7149,0.2767,29.4430,1.0120,1.3847,37.9361
1,41.0433,56.8523,0.2758,30.1806,0.9922,1.3873,37.1687
1,40.4366,56.7962,0.2788,29.3025,0.9898,1.3944,39.5615
1,39.7862,55.5488,0.2814,29.9940,1.0012,1.3967,43.1598
1,40.3920,56.1958,0.2787,29.6603,0.9746,1.3948,45.9757
1,40.8264,56.3068,0.2766,30.1664,0.9997,1.3881,35.8620
1,40.6501,56.5882,0.2776,30.1969,1.0226,1.3804,48.0612
1,41.0731,55.6600,0.2750,30.0052,0.9994,1.3837,36.8568
1,40.2461,56.5604,0.2797,30.0245,0.9805,1.3975,42.0806
1,40.9114,55.8853,0.2759,29.9474,0.9813,1.3889,39.7719
1,40.0714,56.8815,0.2807,29.8450,0.9724,1.3990,49.0170
1,41.2135,55.8382,0.2744,29.5358,1.0243,1.3725,46.6645
1,40.6147,56.2193,0.2776,29.6454,0.9745,1.3925,44.8116
1,40.6640,55.9869,0.2772,29.9195,1.0251,1.3794,46.6834
1,40.0845,55.9007,0.2801,29.6254,1.0257,1.3866,46.3419
1,39.9364,56.1416,0.2810,29.6204,1.0181,1.3917,43.3966
1,41.0650,55.8621,0.2751,29.9400,0.9693,1.3868,46.3885
1,40.7663,56.0628,0.2768,29.7954,1.0184,1.3817,42.0086
1,40.3657,55.9725,0.2787,29.4817,0.9794,1.3942,44.8328
1,40.0282,57.1181,0.2811,30.2127,1.0274,1.3854,54.0460
1,39.7328,55.9712,0.2819,30.0464,1.0029,1.3977,42.8212
1,41.0565,56.3090,0.2754,30.0686,0.9869,1.3876,36.9989
1,40.9199,56.7854,0.2764,29.7377,0.9965,1.3881,36.3709
1,41.0438,55.5300,0.2751,30.1899,0.9871,1.3862,38.1523
1,41.3073,56.1686,0.2741,30.2261,0.9736,1.3849,42.5408
1,40.6491,55.7401,0.2772,29.9747,0.9737,1.3917,44.7496
1,40.9401,56.2182,0.2760,30.2668,1.0255,1.3745,50.6424
1,40.0714,56.0219,0.2802,30.2296,1.0164,1.3901,43.6323
1,40.7751,55.4555,0.2764,29.4570,1.0248,1.3783,44.5943
1,40.8098,56.1045,0.2766,29.4980,0.9856,1.3898,39.1723
1,40.0740,56.3552,0.2804,29.3984,0.9763,1.3974,48.8594
1,41.1777,55.8852,0.2746,29.9142,0.9715,1.3854,45.1930
1,41.0328,56.8757,0.2759,29.3354,0.9889,1.3877,38.4507
1,40.3324,55.7235,0.2788,30.0990,0.9953,1.3937,37.6746
1,40.0374,56.4005,0.2806,30.0636,0.9688,1.3990,50.3069
1,41.2869,56.3766,0.2743,29.9126,0.9849,1.3845,38.6996
1,41.0467,56.2111,0.2754,29.6383,0.9835,1.3874,39.3306
1,41.1670,55.4476,0.2744,30.2696,1.0165,1.3750,44.9373
1,40.2138,55.6574,0.2793,30.1804,1.0157,1.3885,42.5172
1,39.7889,55.8053,0.2815,29.5752,1.0146,1.3937,43.6478
1,40.8050,56.0829,0.2766,29.7853,0.9979,1.3887,35.2716
1,39.9276,57.0056,0.2815,30.0228,1.0193,1.3910,47.6007
1,40.8336,55.6141,0.2762,29.3730,0.9995,1.3867,36.8207
1,40.4547,56.6128,0.2786,29.6616,0.9899,1.3945,38.1788
1,40.5184,55.7324,0.2778,29.9236,0.9864,1.3928,39.2497
1,40.6202,55.7782,0.2773,29.4424,1.0145,1.3854,38.7754
1,39.8537,57.1345,0.2820,30.1081,0.9762,1.4013,49.1217
1,40.3062,55.8317,0.2789,29.5874,1.0068,1.3915,37.8384
1,40.7800,56.8307,0.2771,30.1078,1.0122,1.3839,42.2308
1,40.8085,56.8164,0.2770,29.7946,1.0031,1.3877,37.3034
1,40.2879,55.8736,0.2791,29.6302,0.9749,1.3949,47.5995
1,39.8303,55.8154,0.2813,30.2230,0.9733,1.3998,50.2130
1,40.5073,56.5541,0.2783,29.8674,0.9915,1.3939,37.0022
1,39.9553,56.2177,0.2809,29.8578,1.0103,1.3943,41.1482
1,40.5882,56.1946,0.2777,29.5386,1.0282,1.3799,47.0642
1,40.1753,55.7318,0.2796,30.0623,0.9808,1.3965,43.6192
1,41.0708,56.9993,0.2758,29.9206,1.0151,1.3786,45.3356
1,39.7296,55.9542,0.2819,29.4219,1.0149,1.3945,43.9868
1,41.1335,56.8523,0.2754,29.9567,1.0263,1.3718,53.3136
1,40.5494,56.1692,0.2779,29.5609,1.0113,1.3880,37.7658
1,39.9005,56.4538,0.2813,29.9438,0.9943,1.3988,41.5209
1,40.0721,56.2756,0.2804,29.9755,0.9727,1.3985,48.1167
1,40.7600,56.3672,0.2770,29.5972,1.0071,1.3870,36.6189
1,40.1563,56.1903,0.2799,29.8894,1.0033,1.3945,38.3429
1,40.0265,57.0574,0.2811,29.4183,0.9920,1.3981,42.8381
1,40.8325,56.0538,0.2764,29.4841,1.0188,1.3811,41.1655
1,40.1645,55.7221,0.2796,29.5362,0.9793,1.3955,47.0789
1,40.7481,57.0652,0.2775,30.2701,0.9712,1.3933,43.9157
1,41.1709,55.8902,0.2746,29.3673,1.0260,1.3727,46.7489
1,39.9990,56.6156,0.2809,29.5369,0.9844,1.3987,44.7121
1,40.6479,55.9071,0.2773,29.3053,1.0225,1.3820,42.1413
1,39.9937,55.6904,0.2804,29.9012,0.9780,1.3976,47.8059
1,39.9454,56.9268,0.2814,30.1618,1.0227,1.3890,49.8368
1,40.4302,55.7455,0.2783,29.9736,0.9739,1.3939,45.8174
1,41.0342,55.6775,0.2752,29.4139,1.0060,1.3826,37.2234
1,40.9175,56.1529,0.2760,29.4788,1.0173,1.3807,40.7046
1,39.7513,56.3505,0.2820,29.7759,1.0138,1.3950,43.9672
1,40.0991,55.9745,0.2801,30.1465,0.9999,1.3955,38.8218
1,41.0853,56.4045,0.2753,30.1191,1.0143,1.3785,43.2972
1,39.9365,56.0255,0.2809,29.9825,0.9938,1.3980,41.2401
1,40.6020,55.8578,0.2775,29.6551,0.9734,1.3917,46.4300
1,40.6481,55.8610,0.2772,29.7824,0.9910,1.3911,37.1717
1,39.8203,55.9714,0.2815,30.1576,1.0226,1.3899,48.1731
1,40.0037,56.4049,0.2808,29.4746,0.9753,1.3981,49.8190
1,40.5992,56.1867,0.2777,29.3666,1.0277,1.3803,45.8653
1,41.1150,55.9679,0.2749,29.4435,0.9771,1.3856,43.9064
1,40.4539,55.9113,0.2782,29.4017,0.9808,1.3930,43.9956
1,41.1013,56.9077,0.2756,29.7427,1.0174,1.3775,45.5464
1,40.8166,56.9717,0.2770,30.2114,0.9959,1.3894,37.4055
1,40.9672,57.0292,0.2763,30.0087,1.0087,1.3829,41.7177
1,40.6553,56.0067,0.2773,29.7581,0.9878,1.3916,37.9500
1,40.9799,56.2000,0.2758,30.1873,1.0126,1.3807,41.5271
1,41.2152,56.4857,0.2747,29.3443,1.0043,1.3817,37.5465
1,41.1129,56.8993,0.2755,30.0303,1.0105,1.3799,42.9366
1,40.2196,56.3704,0.2797,29.8466,0.9938,1.3961,38.4169
1,40.7009,56.6936,0.2775,29.7036,0.9772,1.3926,42.3229
1,40.9029,56.9553,0.2766,29.8927,0.9809,1.3906,40.0549
1,40.9492,55.8097,0.2757,29.5094,0.9963,1.3864,36.4125
1,40.6215,56.5718,0.2778,29.3393,1.0067,1.3892,36.4938
1,41.1459,56.3451,0.2750,29.2967,0.9916,1.3852,37.5723
1,39.9317,56.4676,0.2812,29.5631,1.0021,1.3970,40.6562
1,40.5862,56.2111,0.2777,29.5358,1.0218,1.3831,42.8573
1,39.8792,55.7536,0.2811,30.1109,1.0280,1.3865,50.8901
1,41.1832,55.6182,0.2744,29.7645,0.9963,1.3827,37.4737
1,40.3292,55.8728,0.2788,30.0480,0.9942,1.3943,37.5633
1,40.2145,56.1844,0.2796,29.8599,1.0005,1.3946,37.7465
1,40.0120,55.8535,0.2804,29.6191,1.0013,1.3955,40.2110
1,40.5057,55.7546,0.2779,29.3346,0.9933,1.3916,38.8268
1,40.5488,56.9152,0.2784,30.1858,1.0019,1.3910,38.3177
1,40.7884,56.1339,0.2767,29.5811,0.9843,1.3903,39.4152
1,39.8880,56.0354,0.2812,29.2814,1.0017,1.3965,41.8254
1,39.9850,55.8365,0.2806,29.4883,0.9905,1.3969,43.4129
1,41.1403,55.8634,0.2748,30.2015,0.9952,1.3842,36.5713
1,40.2480,56.6542,0.2797,29.9159,1.0123,1.3908,40.9790
1,40.4216,55.4729,0.2782,30.0207,0.9992,1.3914,37.6929
1,40.9693,56.7324,0.2761,30.2603,0.9879,1.3892,36.9426
1,39.9986,56.1867,0.2807,30.2760,0.9941,1.3979,39.9433
1,40.1321,56.7033,0.2803,29.6507,0.9885,1.3976,41.4328
1,40.7993,56.8604,0.2771,30.1115,1.0160,1.3818,44.7861
1,41.0671,56.2330,0.2753,30.0385,1.0042,1.3832,37.6239
1,40.9108,55.7641,0.2759,29.9975,0.9884,1.3882,37.2688
1,39.9271,55.8492,0.2809,30.2631,0.9739,1.3993,48.4196
1,40.9786,56.8596,0.2762,29.8772,0.9905,1.3886,37.1568
1,41.0805,55.4122,0.2748,29.4279,0.9961,1.3834,38.3812
1,41.2506,56.9409,0.2748,29.7239,1.0118,1.3778,43.4822
1,40.0176,55.7435,0.2804,29.3418,1.0063,1.3940,40.5239
1,40.8635,55.8092,0.2761,29.6813,0.9729,1.3887,45.8890
1,40.2500,56.8577,0.2798,29.3067,1.0148,1.3907,40.8230
1,40.4501,55.9627,0.2783,29.3579,0.9770,1.3930,46.3671
1,40.0678,56.1744,0.2803,29.9834,1.0012,1.3957,39.0402
1,39.8937,56.1536,0.2812,29.6860,0.9778,1.3991,48.8009
1,40.7194,57.0748,0.2776,29.5046,1.0204,1.3820,45.2429
1,41.2940,56.2270,0.2742,29.9275,0.9920,1.3832,37.3245
1,40.6482,55.8605,0.2772,29.8082,1.0180,1.3832,41.5356
1,40.8153,55.5923,0.2762,29.6876,0.9775,1.3888,44.0506
1,40.0374,56.5367,0.2807,29.7415,1.0052,1.3954,39.7414
1,40.4086,55.7543,0.2784,29.9393,0.9826,1.3941,41.3842
1,40.9223,55.5706,0.2757,29.6195,1.0005,1.3853,36.6959
1,41.0930,55.7969,0.2750,30.1969,1.0197,1.3752,46.0543
1,40.4521,56.1376,0.2784,29.8801,0.9883,1.3942,38.1240
1,40.4913,56.0340,0.2781,30.1028,0.9923,1.3933,36.4852
1,40.4207,56.1550,0.2785,29.5750,0.9730,1.3941,47.3770
1,40.6157,56.7886,0.2779,30.2432,0.9910,1.3930,36.9248
1,40.5211,55.8431,0.2779,29.8471,1.0142,1.3864,39.7506
1,40.0320,56.4512,0.2807,30.2282,0.9842,1.3992,42.0779
1,40.9831,56.4763,0.2759,29.3933,1.0033,1.3854,36.1007
1,41.0437,56.9343,0.2759,29.6180,1.0192,1.3778,45.8040
1,40.4137,56.8389,0.2790,30.0971,1.0226,1.3837,48.2240
1,40.6842,57.0622,0.2778,30.1967,1.0019,1.3892,39.0166
1,40.5008,56.5177,0.2784,29.9783,0.9964,1.3931,36.2832
1,40.2950,56.0268,0.2791,29.5888,1.0032,1.3930,37.3685
1,39.9591,56.4978,0.2811,30.0017,1.0100,1.3945,41.6618
1,40.7678,56.6296,0.2771,29.4056,1.0284,1.3777,48.2934
1,40.6480,56.3537,0.2775,29.8956,1.0211,1.3819,44.5382
1,40.6521,56.3230,0.2775,29.3561,0.9931,1.3913,36.9846
1,41.0641,56.6120,0.2756,29.8763,0.9746,1.3884,42.5795
1,41.0413,55.7130,0.2752,29.4145,1.0186,1.3779,41.6175
1,40.2455,56.1512,0.2794,29.8286,1.0215,1.3867,44.2660
1,41.0713,55.6248,0.2750,29.8147,1.0089,1.3807,38.8604
1,39.9174,56.7238,0.2814,29.4455,1.0034,1.3970,41.2507
1,41.1809,56.2487,0.2748,29.5091,0.9730,1.3854,45.4141
1,40.6982,56.4082,0.2773,29.4144,0.9875,1.3915,38.5955
1,41.1394,55.8421,0.2747,29.9204,1.0191,1.3754,44.6492
1,40.6633,56.4677,0.2775,29.6234,1.0279,1.3789,48.2002
1,41.3528,56.6818,0.2742,30.0043,0.9902,1.3831,38.4140
1,39.7863,56.6824,0.2821,30.2757,0.9776,1.4017,47.7692
1,41.1462,55.9509,0.2748,30.0468,1.0057,1.3810,38.5122
1,40.6993,56.0533,0.2771,30.1164,0.9806,1.3922,39.4208
1,40.7532,56.4483,0.2770,30.1630,0.9747,1.3925,41.6278
1,40.8030,55.5609,0.2763,29.4785,0.9947,1.3877,37.7101
1,41.0600,56.5625,0.2756,29.3744,0.9810,1.3874,41.2212
1,41.3178,56.9038,0.2745,29.4881,0.9851,1.3842,40.3012
1,41.2513,56.9888,0.2749,30.0259,0.9854,1.3856,39.2935
1,40.7154,55.4619,0.2767,29.4634,1.0041,1.3868,37.1847
1,40.2578,56.6239,0.2796,30.2289,1.0097,1.3913,40.8152
1,39.8307,56.8899,0.2820,29.9990,0.9932,1.3998,43.2948
1,40.8475,55.9273,0.2763,29.3930,0.9814,1.3888,42.0621
1,40.7413,56.6586,0.2772,30.1144,1.0008,1.3891,36.7695
1,40.2574,55.9903,0.2793,29.6558,0.9810,1.3956,43.8963
1,40.6930,55.7888,0.2770,29.9989,0.9741,1.3914,44.0920
1,40.0530,56.3100,0.2805,29.6829,0.9712,1.3979,50.8287
1,40.2270,55.5086,0.2792,29.4126,1.0047,1.3919,39.3362
1,41.1182,55.5157,0.2747,29.9378,0.9839,1.3851,40.1448
1,40.3976,56.4467,0.2788,29.9633,1.0045,1.3920,37.3545
1,40.0736,55.8519,0.2801,30.0504,1.0077,1.3933,39.9844
1,40.0453,57.0959,0.2810,29.8969,1.0122,1.3930,43.5041
1,40.6963,55.5290,0.2768,30.2618,0.9842,1.3909,39.0334
1,40.8835,56.8623,0.2766,29.7974,0.9732,1.3908,43.9376
1,39.7956,56.2867,0.2818,29.4271,1.0054,1.3970,42.1592
1,39.8483,55.6983,0.2812,30.0744,0.9725,1.3990,51.6170
1,41.2147,56.0400,0.2745,29.9737,0.9965,1.3831,36.8146
1,40.9478,56.0256,0.2758,29.4040,1.0245,1.3769,44.6904
1,40.2207,57.0010,0.2801,29.3321,0.9725,1.3968,50.1951
1,40.5541,56.6998,0.2782,29.7102,0.9944,1.3929,36.7623
1,40.7922,56.6401,0.2770,30.2551,0.9833,1.3920,37.7966
1,40.6608,56.2433,0.2774,29.3565,1.0003,1.3901,35.5751
1,40.7172,56.9890,0.2776,29.4887,1.0286,1.3779,50.4541
1,40.7563,56.0987,0.2768,29.3168,1.0268,1.3787,45.1508
1,40.6153,56.7930,0.2779,29.2988,0.9803,1.3929,42.7979
1,40.0086,56.6167,0.2809,29.6706,0.9954,1.3978,40.7147
1,40.8105,56.2050,0.2766,29.7532,0.9687,1.3903,47.2342
1,40.5457,55.9187,0.2778,29.5591,1.0126,1.3872,38.2452
1,41.0920,55.5911,0.2749,29.8885,1.0156,1.3775,42.1791
1,41.2909,56.4188,0.2743,29.7795,0.9884,1.3840,38.0677
1,39.8664,55.7475,0.2811,30.2258,1.0150,1.3923,44.3798
1,41.2386,55.6728,0.2742,29.4641,1.0040,1.3800,38.1364
1,41.2856,56.1219,0.2742,29.5194,1.0237,1.3719,47.1780
1,40.0369,55.9323,0.2804,29.3278,1.0077,1.3940,39.9156
1,40.6110,55.8478,0.2774,30.0742,1.0177,1.3833,42.4273
1,41.1800,56.0665,0.2747,29.5183,0.9941,1.3841,36.9301
1,39.9961,55.7541,0.2805,30.1030,0.9854,1.3979,43.2287
1,40.5452,56.4748,0.2781,29.3260,0.9798,1.3932,43.3313
1,39.8792,56.3617,0.2814,29.8703,1.0156,1.3931,43.7092
1,40.9639,55.7439,0.2756,29.3692,1.0008,1.3851,36.3931
1,40.8165,56.6951,0.2769,30.2478,1.0002,1.3881,37.1749
1,40.8180,56.5711,0.2768,29.4406,0.9699,1.3902,47.6279
1,41.0761,55.7513,0.2750,30.0242,0.9767,1.3867,42.1128
1,41.1147,55.9542,0.2749,29.4693,0.9861,1.3855,39.3952
1,40.4620,55.7511,0.2781,29.3839,0.9846,1.3925,42.6005
1,39.8650,56.1938,0.2814,29.8007,0.9946,1.3985,42.1752
1,39.8361,55.7059,0.2812,29.9615,0.9880,1.3986,44.8866
1,40.2265,56.2005,0.2795,29.7692,1.0011,1.3944,37.6786
1,40.9676,56.2621,0.2759,29.3423,1.0233,1.3775,44.1257
1,40.8122,56.9553,0.2771,29.3534,0.9978,1.3893,36.7843
1,39.8175,55.7694,0.2814,29.9303,0.9919,1.3984,43.7897
1,41.1467,56.6268,0.2752,29.6591,0.9695,1.3868,46.5503
1,40.3724,57.0142,0.2793,30.1060,0.9953,1.3948,38.5675
1,41.3455,56.5725,0.2741,29.4559,1.0050,1.3793,39.1916
1,40.7071,56.0499,0.2770,30.0840,0.9930,1.3908,35.6092
1,39.8386,55.8552,0.2813,30.2144,0.9698,1.3998,52.1258
1,40.0686,56.8235,0.2807,29.7174,1.0234,1.3882,47.2697
1,41.1290,56.8504,0.2754,29.9999,0.9851,1.3873,38.5078
1,41.1443,55.5765,0.2746,30.0242,1.0028,1.3814,38.0744
1,40.2647,56.4122,0.2795,29.4425,1.0263,1.3851,45.9368
1,40.6392,56.9744,0.2779,29.9010,1.0014,1.3903,37.7458
1,40.3986,56.1006,0.2786,30.0429,1.0267,1.3819,48.3691
1,40.2852,57.0293,0.2798,29.6358,0.9875,1.3966,41.1226
1,40.1236,55.5904,0.2797,30.2513,1.0042,1.3933,39.6122
1,40.3262,55.5723,0.2787,29.7628,1.0263,1.3829,46.6067
1,39.6934,55.7199,0.2820,29.6618,0.9801,1.3993,51.4358
1,40.9633,56.2060,0.2758,29.4516,1.0105,1.3830,37.7336
1,40.0896,56.9827,0.2807,29.9546,1.0251,1.3866,50.1511
1,39.7765,55.8500,0.2816,29.8427,0.9855,1.3993,46.5864
1,41.2391,55.9814,0.2743,29.6428,0.9874,1.3840,38.7108
1,40.7076,56.8472,0.2775,29.8096,0.9793,1.3928,41.0923
1,40.5616,56.7304,0.2782,29.3836,1.0255,1.3820,46.0259
1,40.7997,55.5728,0.2763,29.5042,0.9979,1.3873,36.9624
1,40.0555,56.7350,0.2807,29.6518,1.0017,1.3963,39.8344
1,40.6711,56.9157,0.2777,29.9265,0.9699,1.3935,45.8766
1,40.5455,56.1950,0.2779,29.5724,0.9919,1.3926,37.2759
1,40.9497,56.6070,0.2761,29.6930,1.0163,1.3805,42.3774
1,40.0028,56.5158,0.2809,30.1614,1.0157,1.3916,44.1558
1,40.9805,56.3405,0.2758,29.7841,1.0204,1.3778,44.7119
1,40.3223,56.0407,0.2790,29.8712,1.0027,1.3928,37.1412
1,39.9478,56.4294,0.2811,29.9203,1.0221,1.3897,46.6902
1,40.4251,56.1648,0.2785,29.7810,0.9785,1.3947,42.9505
1,40.0536,56.4635,0.2806,30.0278,1.0144,1.3918,42.6907
1,40.8608,55.7634,0.2761,29.7112,1.0125,1.3827,38.8859
1,40.0391,56.2064,0.2805,29.5777,1.0074,1.3945,39.6006
1,40.9593,55.5225,0.2755,29.8558,1.0092,1.3820,38.6948
1,39.8910,56.0274,0.2811,29.8965,1.0279,1.3872,49.8997
1,39.8775,57.1855,0.2819,30.1251,0.9697,1.4012,52.2233
1,40.0748,56.3117,0.2804,29.7204,0.9956,1.3969,39.6924
1,41.0252,56.1663,0.2755,30.1435,0.9916,1.3872,35.8971
1,40.3906,56.0272,0.2786,29.3378,0.9718,1.3934,50.1278
1,39.9136,56.9966,0.2816,29.4818,0.9776,1.3997,49.8091
1,40.5265,56.8183,0.2784,29.4949,0.9719,1.3940,47.3307
1,40.8950,57.0107,0.2767,30.0021,1.0094,1.3837,41.6209
1,40.6217,55.6426,0.2773,30.2470,0.9903,1.3914,37.0062
1,39.7801,55.7030,0.2815,30.2325,1.0054,1.3961,42.8299
1,40.5930,57.0404,0.2782,29.5648,0.9990,1.3916,37.4898
1,41.0230,56.5110,0.2757,29.6311,1.0176,1.3789,42.9262
1,41.1432,56.3851,0.2750,30.2099,1.0110,1.3790,42.1615
1,40.4394,56.9025,0.2789,29.3422,0.9766,1.3948,45.8331
1,40.9081,55.8246,0.2759,29.8042,0.9807,1.3886,40.7966
1,40.4510,56.7869,0.2788,30.0123,1.0254,1.3820,49.4957
1,40.1178,55.8641,0.2799,29.6105,0.9769,1.3964,48.0633
1,41.0919,55.9806,0.2751,29.6916,1.0278,1.3724,49.2925
1,40.0920,56.6309,0.2805,29.4123,0.9771,1.3977,47.9761
1,40.6618,57.0769,0.2779,30.0687,1.0051,1.3885,39.7442
1,39.9991,56.2630,0.2807,30.0575,0.9862,1.3988,42.2053
1,41.1805,56.6216,0.2750,30.0585,1.0146,1.3770,44.6795
1,41.0323,56.4040,0.2756,29.8898,1.0066,1.3831,38.1974
1,39.7537,56.3334,0.2820,30.0756,0.9805,1.4011,47.4247
1,40.1579,56.3969,0.2800,29.8669,1.0100,1.3926,39.8327
1,40.3814,56.2712,0.2788,29.8368,0.9792,1.3955,42.5035
1,40.4452,55.9194,0.2783,29.2870,0.9786,1.3928,45.9808
1,40.2635,55.7551,0.2791,30.1776,1.0260,1.3832,48.3586
1,40.8512,56.8680,0.2768,29.9045,1.0112,1.3837,41.2404
1,40.4303,55.9884,0.2784,29.3184,1.0146,1.3880,38.7126
1,40.0355,56.5650,0.2807,29.8175,0.9870,1.3986,42.2746
1,40.3067,55.6931,0.2789,29.3670,0.9788,1.3937,47.2506
1,39.8543,55.5403,0.2811,30.1806,1.0228,1.3888,48.2838
1,41.1612,55.4475,0.2744,29.4062,1.0139,1.3774,40.7582
1,40.8962,55.5610,0.2758,29.7940,1.0032,1.3849,36.8458
1,40.3664,55.5021,0.2785,29.4914,1.0176,1.3865,41.1165
1,40.4211,56.3911,0.2787,29.9495,0.9775,1.3956,42.4917
1,40.8826,56.3420,0.2763,29.5022,1.0182,1.3809,41.5468
1,40.7456,56.6795,0.2772,30.2564,1.0202,1.3802,47.3480
1,40.7497,56.9173,0.2773,29.8002,0.9738,1.3924,43.9610
1,40.9662,55.7353,0.2756,29.6651,0.9751,1.3873,44.7442
1,41.0447,56.3934,0.2755,29.4201,1.0156,1.3798,40.6838
1,40.4809,56.5289,0.2785,29.5676,0.9895,1.3941,38.2921
1,40.1377,56.8207,0.2804,30.0633,0.9750,1.3989,45.8879
1,40.3059,56.9028,0.2796,29.7603,1.0060,1.3928,39.0577
1,40.0964,55.8552,0.2800,29.9403,0.9768,1.3973,46.6184
1,40.8183,55.8610,0.2764,29.9014,1.0284,1.3755,49.2919
1,39.6884,55.7903,0.2820,29.9881,1.0265,1.3894,50.6374
1,40.6594,56.1937,0.2774,29.6862,0.9714,1.3919,46.3759
1,40.6191,56.3507,0.2777,30.1072,0.9747,1.3937,42.2986
1,41.2467,55.7988,0.2742,30.2419,0.9761,1.3849,41.8055
1,41.2928,56.4314,0.2743,29.3669,0.9840,1.3839,40.4675
1,40.7592,55.7342,0.2766,29.3896,1.0022,1.3874,36.1997
1,40.9752,56.5160,0.2760,29.8718,1.0142,1.3807,41.8148
1,40.4173,56.6839,0.2789,30.0478,1.0047,1.3917,38.1402
1,39.9080,56.1048,0.2811,29.5994,0.9791,1.3987,48.4335
1,39.8411,56.4385,0.2816,29.4311,0.9786,1.3994,50.0312
1,41.0952,55.9884,0.2751,29.5262,1.0093,1.3811,38.0973
1,40.0486,56.8839,0.2809,29.8342,0.9860,1.3988,42.9528
1,39.7097,55.5815,0.2818,30.2771,0.9913,1.3991,45.0578
1,41.0862,56.9742,0.2757,30.0970,1.0043,1.3829,40.4369
1,40.3511,56.9947,0.2794,29.3296,1.0283,1.3833,48.7625
1,40.7879,55.7837,0.2765,30.1723,1.0082,1.3849,38.2867
1,40.8331,56.1102,0.2764,30.0712,1.0133,1.3826,40.5796
1,40.0180,56.2164,0.2806,29.6786,1.0220,1.3892,44.9724
1,40.1280,55.5530,0.2797,29.6625,1.0259,1.3854,46.6312
1,41.2263,56.4284,0.2746,29.9871,1.0094,1.3788,41.1142
1,39.8444,55.6888,0.2812,30.0435,1.0100,1.3943,42.7560
1,40.4267,55.6925,0.2783,29.5829,0.9808,1.3931,44.0700
1,40.1546,56.7408,0.2802,30.1622,1.0252,1.3854,50.1129
1,40.5689,55.8932,0.2777,30.1568,1.0041,1.3894,36.7559
1,41.3966,56.8952,0.2741,30.0184,0.9939,1.3815,39.5541
1,40.0870,56.6333,0.2805,29.4026,1.0051,1.3951,39.3863
1,40.9213,56.9383,0.2765,30.0373,1.0035,1.3857,38.9614
1,41.0023,56.7277,0.2760,29.2797,0.9867,1.3881,39.0907
1,40.5686,56.9052,0.2783,30.0819,0.9756,1.3949,42.5519
1,39.8931,55.9649,0.2811,29.8147,0.9740,1.3988,50.7540
1,40.4309,57.1018,0.2791,29.5399,0.9746,1.3955,46.4597
1,41.1019,56.0280,0.2750,29.9215,0.9824,1.3867,39.2230
1,40.0893,56.3735,0.2803,30.1019,0.9771,1.3988,44.8512
1,40.3826,55.9059,0.2786,29.6053,1.0106,1.3897,38.1550
1,41.0132,55.7516,0.2753,30.1123,0.9774,1.3877,41.3644
1,41.3135,57.0148,0.2746,29.4435,0.9932,1.3832,38.9875
1,40.4535,55.7530,0.2782,30.1046,0.9951,1.3927,36.8177
1,40.4442,56.2029,0.2785,29.7585,0.9841,1.3945,40.0934
1,40.4921,55.5491,0.2779,29.8703,1.0278,1.3799,47.9759
1,40.7449,55.8119,0.2767,29.4682,1.0091,1.3858,36.9277
1,40.9695,55.4981,0.2754,30.0127,1.0106,1.3811,39.6994
1,41.1795,56.0565,0.2747,30.1661,0.9723,1.3863,43.2426
1,40.4344,56.7561,0.2788,29.8802,0.9958,1.3940,37.2342
1,39.7755,56.5727,0.2820,29.6225,1.0203,1.3926,46.1726
1,40.8670,56.1188,0.2763,29.7501,1.0092,1.3844,37.6632
1,40.2672,55.8584,0.2792,29.9445,1.0122,1.3899,39.9430
1,41.2164,55.6383,0.2742,29.4147,0.9842,1.3832,41.6495
1,39.8836,56.0585,0.2812,29.7394,1.0027,1.3967,41.0649
1,40.3952,55.6241,0.2784,29.8005,0.9720,1.3934,48.6421
1,40.1413,57.1414,0.2806,30.0436,0.9950,1.3970,40.7421
1,40.9231,56.0138,0.2759,29.3041,0.9871,1.3878,39.3002
1,39.9079,56.8557,0.2815,29.4709,0.9765,1.3995,50.2760
1,41.2657,55.8485,0.2741,29.5933,0.9703,1.3834,47.7473
1,41.1011,56.5114,0.2753,30.0132,0.9956,1.3856,36.4543
1,40.1434,56.8858,0.2804,29.3962,1.0241,1.3877,46.2610
1,40.3517,55.7080,0.2786,29.9309,1.0018,1.3921,37.4281
1,40.2235,56.1889,0.2796,29.6727,0.9740,1.3963,47.6298
1,40.0102,56.4340,0.2808,30.0943,1.0124,1.3929,42.2582
1,40.0273,55.8614,0.2804,29.9936,0.9924,1.3971,40.7799
1,40.2306,55.9132,0.2794,29.5110,1.0100,1.3915,38.6695
1,40.8856,55.9955,0.2761,29.5417,1.0034,1.3861,35.7586
1,40.5721,56.7342,0.2781,29.4569,0.9793,1.3936,42.8281
1,39.9415,56.1855,0.2810,30.0262,1.0048,1.3959,40.4948
1,40.7395,56.1721,0.2769,29.9995,0.9909,1.3909,35.9671
1,40.9357,56.7503,0.2763,29.3187,0.9897,1.3888,37.9276
1,41.2063,56.9920,0.2751,30.2707,0.9890,1.3857,38.5695
1,41.1328,55.6495,0.2747,30.0957,1.0135,1.3776,42.0898
1,40.6469,55.5132,0.2771,29.9691,0.9853,1.3909,39.8416
1,39.9527,56.3228,0.2810,29.2944,1.0170,1.3925,42.2196
1,41.0974,56.6812,0.2755,29.5613,0.9842,1.3873,39.3266
1,40.0417,56.0837,0.2804,29.6650,0.9721,1.3975,50.8684
1,40.3712,55.9596,0.2787,29.3932,0.9704,1.3934,51.1093
1,41.2494,55.9636,0.2743,30.1139,1.0234,1.3711,49.6636
1,39.9772,56.3008,0.2809,30.0048,1.0111,1.3937,41.5935
1,40.2246,55.6060,0.2792,29.7239,1.0237,1.3854,45.1199
1,40.7413,57.0741,0.2775,30.0094,0.9747,1.3930,43.0786
1,40.0296,55.8676,0.2804,29.7706,1.0276,1.3859,48.3981
1,40.1182,56.0146,0.2800,29.5783,0.9904,1.3964,41.2794
1,40.4653,55.8892,0.2782,29.6929,1.0217,1.3840,43.2136
1,40.8839,55.4330,0.2758,30.1037,1.0078,1.3831,38.7081
1,40.5026,56.4447,0.2783,29.7536,0.9796,1.3944,41.7427
1,40.8749,57.0422,0.2768,30.0892,0.9746,1.3915,42.5044
1,40.2879,56.2038,0.2792,29.5326,1.0190,1.3879,41.7541
1,39.7182,55.5905,0.2818,29.4137,1.0080,1.3956,44.2849
1,41.1318,56.8576,0.2754,29.8245,1.0046,1.3825,39.3493
1,39.9863,56.5523,0.2810,29.8205,0.9903,1.3986,41.7822
1,41.1213,56.0394,0.2749,30.0128,0.9749,1.3868,42.4131
1,40.0221,55.9029,0.2804,30.1615,1.0034,1.3951,39.7904
1,40.6398,55.9159,0.2773,30.2587,0.9840,1.3925,38.0462
1,40.0259,57.0784,0.2811,29.3197,1.0180,1.3917,44.1351
1,39.8646,56.5108,0.2816,30.1814,0.9747,1.4009,48.2949
1,40.4164,55.7273,0.2783,29.6972,1.0182,1.3859,41.4461
1,40.2066,55.7045,0.2794,30.1341,0.9921,1.3954,39.1742
1,40.5514,56.9704,0.2784,29.9502,0.9767,1.3949,42.7004
1,41.2411,55.9604,0.2743,30.2715,1.0178,1.3738,46.4960
1,40.2686,56.1634,0.2793,29.7064,0.9999,1.3942,37.4359
1,41.2045,56.9221,0.2751,30.0061,1.0134,1.3772,45.2508
1,40.6863,55.8825,0.2771,30.1937,0.9744,1.3921,42.6520
1,41.2939,56.8309,0.2746,30.0427,1.0077,1.3783,42.5706
1,40.8278,55.6639,0.2762,30.0888,0.9762,1.3897,42.5649
1,39.7990,55.7871,0.2815,29.6158,1.0260,1.3891,48.2315
1,41.0295,56.0883,0.2754,29.6412,1.0116,1.3812,38.9304
1,40.6795,56.9424,0.2777,30.1081,0.9984,1.3905,37.4122
1,40.2059,56.6551,0.2799,29.6234,1.0214,1.3878,44.6129
1,40.0337,56.1358,0.2805,29.5423,1.0025,1.3956,39.5649
1,40.6535,56.4744,0.2776,30.1313,1.0283,1.3775,51.5804
1,41.2848,56.5923,0.2745,29.9507,1.0078,1.3786,41.1933
1,41.1661,56.3133,0.2749,29.4471,0.9737,1.3857,45.1784
1,40.2278,56.7709,0.2799,29.7086,0.9726,1.3973,47.9481
1,40.0655,56.1447,0.2803,29.4981,0.9789,1.3973,47.2482
1,41.0710,57.0269,0.2758,29.4285,1.0188,1.3779,45.2549
1,39.8135,55.6705,0.2813,29.9387,0.9894,1.3985,44.8853
1,40.3512,56.8437,0.2793,29.4465,1.0164,1.3887,41.5718
1,41.1404,56.3003,0.2750,29.9116,1.0262,1.3720,50.5646
1,40.8682,56.3240,0.2764,29.3196,1.0200,1.3806,41.6905
1,39.7090,55.5907,0.2818,29.8751,0.9768,1.3993,52.3873
1,40.0811,55.7717,0.2800,30.2389,0.9993,1.3954,39.2537
1,40.8283,55.5837,0.2762,29.6195,0.9770,1.3884,44.6946
1,39.9763,56.2422,0.2808,29.4188,0.9735,1.3978,51.7655
1,40.9835,56.3069,0.2758,29.6768,1.0251,1.3756,47.2859
1,40.4894,56.1534,0.2782,29.9346,1.0184,1.3851,42.4594
1,40.4963,56.6318,0.2784,29.6700,0.9738,1.3945,45.3885
1,39.8094,55.6092,0.2813,29.7939,1.0118,1.3939,43.4151
1,41.2463,56.7425,0.2747,29.8162,1.0196,1.3740,47.7557
1,40.6347,56.5619,0.2777,29.5990,1.0016,1.3904,35.9337
1,40.0555,56.8037,0.2808,29.9980,1.0043,1.3956,40.3593
1,40.3771,56.9114,0.2792,30.0906,1.0009,1.3933,38.3743
1,40.9231,56.6511,0.2763,29.6622,1.0053,1.3855,37.3170
1,40.6940,56.5631,0.2774,29.8548,1.0243,1.3798,47.3056
1,40.1218,55.5337,0.2797,29.9297,0.9788,1.3961,46.5342
1,41.2633,56.4433,0.2745,29.8841,1.0012,1.3815,38.0989
1,41.0826,56.4763,0.2754,29.7917,1.0280,1.3723,51.3778
1,40.4839,56.5553,0.2785,29.8052,0.9910,1.3941,37.3537
1,40.3760,56.1459,0.2788,29.8062,1.0050,1.3918,37.0342
1,41.2733,56.2880,0.2743,29.7567,1.0049,1.3800,38.6825
1,41.2876,56.2214,0.2742,29.3511,1.0068,1.3795,38.3976
1,40.9770,56.4102,0.2759,29.7519,0.9754,1.3889,42.6694
1,40.4741,55.7373,0.2780,29.6789,0.9827,1.3929,42.1524
1,40.7778,56.6662,0.2771,29.4424,1.0084,1.3866,37.4277
1,40.7417,56.0808,0.2769,30.2270,0.9976,1.3895,35.3760
1,40.8066,56.4762,0.2768,29.9570,0.9871,1.3910,36.9996
1,40.5173,56.6978,0.2784,30.0699,1.0195,1.3841,45.4084
1,39.9179,57.0089,0.2816,29.8897,1.0211,1.3905,48.0829
1,40.3785,56.6939,0.2791,29.3092,0.9732,1.3949,48.4296
1,40.2902,56.2293,0.2792,29.5009,0.9811,1.3956,43.7857
1,40.6253,56.8441,0.2779,30.1885,1.0251,1.3794,51.0174
1,40.9526,55.9769,0.2758,30.2251,1.0077,1.3830,38.7548
1,40.8100,56.0307,0.2765,30.1771,1.0084,1.3848,38.4301
1,40.7914,56.8420,0.2771,29.7482,0.9833,1.3916,39.3577
1,40.3277,56.4921,0.2792,29.7331,0.9703,1.3959,48.4448
1,40.7484,56.2583,0.2770,29.9991,1.0211,1.3803,45.0510
1,40.0614,57.0578,0.2809,30.2379,0.9840,1.3994,43.1186
1,39.8638,56.4444,0.2815,29.5494,0.9878,1.3992,44.8751
1,41.0666,55.4976,0.2749,29.9629,0.9723,1.3859,45.8282
1,40.0547,56.9143,0.2808,29.7208,0.9726,1.3990,49.6976
1,39.9554,56.4547,0.2811,29.3201,0.9787,1.3984,49.0936
1,41.1607,56.8960,0.2753,29.4161,0.9857,1.3863,39.6437
1,40.0500,56.7495,0.2808,29.3223,1.0080,1.3948,40.1205
1,40.5886,55.8675,0.2775,29.7541,0.9883,1.3920,38.3872
1,40.6669,56.8927,0.2778,29.3336,0.9701,1.3922,48.6959
1,40.7182,56.0009,0.2770,29.3107,1.0279,1.3786,45.6753
1,41.0045,56.1395,0.2756,29.4008,1.0003,1.3855,35.7417
1,40.2256,56.0730,0.2795,29.3321,1.0276,1.3848,45.8908
1,39.9202,55.5364,0.2807,29.7483,1.0199,1.3900,45.0754
1,40.5997,56.3730,0.2778,29.6540,0.9848,1.3930,39.2316
1,40.5542,55.7450,0.2776,29.8745,0.9823,1.3925,41.0365
1,40.4061,55.9171,0.2785,30.0618,1.0050,1.3910,37.3040
1,41.2111,55.7613,0.2743,29.8432,1.0088,1.3788,39.6507
1,39.9503,56.8053,0.2813,29.7603,1.0181,1.3918,45.0075
1,40.2211,56.0523,0.2795,29.6927,1.0083,1.3923,38.4523
1,39.9541,55.6889,0.2806,29.7493,1.0174,1.3909,43.5487
1,39.8760,56.3677,0.2814,29.9853,0.9835,1.4000,44.8729
1,41.0480,55.8207,0.2752,29.4855,1.0223,1.3761,44.0262
1,40.3610,56.7735,0.2792,30.1988,0.9847,1.3965,39.5245
1,40.2504,56.3754,0.2795,29.7507,1.0053,1.3933,37.8944
1,40.1649,55.6413,0.2796,29.5132,1.0124,1.3908,40.1289
1,41.1507,56.1159,0.2748,29.9354,1.0086,1.3802,39.3966
1,39.8962,56.9951,0.2817,29.7582,1.0231,1.3901,48.7398
1,40.3456,56.8647,0.2793,29.8844,1.0060,1.3922,39.0229
1,40.1921,56.3576,0.2798,30.0630,0.9947,1.3963,38.2383
1,40.5304,57.0000,0.2785,29.5616,1.0113,1.3885,40.0957
1,41.2172,56.2189,0.2746,29.3530,1.0244,1.3731,46.4275
1,40.5301,56.9745,0.2785,29.9292,0.9896,1.3941,38.3055
1,39.9498,56.6961,0.2812,29.4410,0.9970,1.3979,41.5898
1,40.9380,56.6534,0.2762,29.8171,1.0113,1.3827,40.3275
1,41.1297,56.9878,0.2755,30.2329,0.9743,1.3884,42.1981
1,40.6954,56.0523,0.2771,29.8582,1.0045,1.3882,36.1223
1,40.1123,55.6619,0.2798,30.1764,1.0015,1.3943,39.2515
1,40.8867,55.6528,0.2759,29.3151,0.9991,1.3861,36.8302
1,40.6406,56.0301,0.2774,29.7424,1.0013,1.3898,35.5727
1,41.0717,56.9818,0.2758,29.7997,1.0277,1.3723,53.6677
1,41.0027,56.1225,0.2756,30.0002,0.9922,1.3873,35.9022
1,39.7987,55.6855,0.2814,30.1220,0.9780,1.3995,49.0077
1,40.1342,56.8685,0.2804,30.0402,1.0178,1.3895,45.3660
1,41.0549,56.4259,0.2755,30.0291,0.9828,1.3882,38.3728
1,41.0919,56.4912,0.2754,29.8056,0.9945,1.3860,36.2811
1,40.5872,55.7577,0.2775,30.2221,1.0110,1.3862,39.4706
1,40.6187,56.3263,0.2776,29.7586,0.9972,1.3914,35.5946
1,40.0872,56.5577,0.2805,29.9846,0.9769,1.3989,45.4630
1,41.0578,56.8077,0.2757,29.4935,0.9926,1.3870,37.1840
1,40.0276,56.1432,0.2805,29.4191,1.0245,1.3883,45.2930
1,40.3703,56.2783,0.2789,30.1873,0.9923,1.3950,37.0255
1,40.9530,56.2645,0.2759,29.7005,1.0264,1.3754,48.0502
1,40.1087,55.8918,0.2800,29.4793,0.9710,1.3959,52.5907
1,39.9263,56.1422,0.2810,30.0143,1.0136,1.3931,42.7242
1,40.5171,56.8473,0.2785,30.0741,0.9871,1.3946,38.3401
1,40.4820,56.2895,0.2783,30.1069,1.0177,1.3853,43.1196
1,40.2709,55.6361,0.2790,29.7368,0.9896,1.3944,40.7355
1,40.3504,55.9314,0.2788,29.2908,1.0228,1.3856,42.5373
1,40.4240,56.4419,0.2787,29.5056,0.9721,1.3945,47.8151
1,39.8175,56.7191,0.2819,30.0136,1.0145,1.3941,44.9326
1,39.7274,56.0154,0.2820,30.0971,0.9697,1.4007,53.8116
1,40.3464,56.3210,0.2790,29.6713,0.9698,1.3952,49.1236
1,40.4222,56.2467,0.2786,30.1132,0.9925,1.3944,36.7186
1,40.9334,56.9380,0.2764,29.8079,0.9816,1.3901,39.9317
1,39.7433,56.2327,0.2820,29.7382,0.9963,1.3991,43.4697
1,40.7434,55.8899,0.2768,29.7740,0.9801,1.3907,41.3459
1,40.1081,57.0393,0.2807,29.5653,0.9848,1.3982,43.9544
1,40.7357,56.7158,0.2773,29.7856,1.0168,1.3831,42.7759
1,40.8044,56.1788,0.2766,29.7650,0.9969,1.3890,35.2755
1,40.2946,56.4220,0.2793,29.9106,0.9712,1.3966,47.2075
1,39.8871,56.5169,0.2814,30.2074,0.9941,1.3991,41.4610
1,40.5862,56.7771,0.2781,29.8674,1.0113,1.3873,40.2186
1,40.7936,56.7902,0.2770,29.5733,1.0253,1.3785,47.7755
1,41.3635,56.6444,0.2741,29.8690,1.0208,1.3713,49.5225
1,39.6784,55.6556,0.2820,29.6007,0.9698,1.3987,58.5197
1,40.3760,56.7966,0.2792,29.3436,1.0089,1.3914,38.3225
1,40.2480,56.1635,0.2794,29.4497,0.9700,1.3952,51.3894
1,41.2473,56.8242,0.2748,29.9141,0.9926,1.3843,37.9870
1,40.3826,57.1004,0.2793,29.2887,1.0153,1.3889,41.6093
1,39.7094,55.7501,0.2819,29.5282,0.9854,1.3989,49.1370
1,40.0326,57.0126,0.2810,29.9112,0.9710,1.3996,50.1746
1,41.0090,55.7846,0.2754,29.6729,0.9912,1.3863,37.3316
1,41.0294,56.7641,0.2758,29.5705,0.9770,1.3885,42.5790
1,40.1121,56.1292,0.2801,30.0568,0.9897,1.3974,39.9804
1,40.1828,56.3862,0.2799,30.2436,0.9747,1.3983,44.5710
1,40.7978,56.4686,0.2768,29.7067,1.0063,1.3867,36.8991
1,41.3419,56.9079,0.2744,29.9346,1.0124,1.3756,45.4323
1,40.6104,56.2212,0.2776,29.4879,0.9942,1.3916,36.5569
1,41.3276,56.3341,0.2741,29.6850,0.9884,1.3832,38.4043
1,41.1975,56.2783,0.2747,30.0756,1.0172,1.3754,45.4042
1,40.1217,56.8476,0.2805,29.8175,0.9802,1.3985,44.5130
1,39.8804,56.3824,0.2814,29.8706,1.0223,1.3903,46.9475
1,40.0603,56.7274,0.2807,29.6811,0.9695,1.3984,51.6511
1,39.8773,56.1718,0.2813,29.4740,0.9700,1.3983,55.0194
1,41.2260,56.5850,0.2747,29.5002,1.0210,1.3744,46.0981
1,39.9510,56.1595,0.2809,29.6828,1.0156,1.3925,42.4827
1,40.8456,56.0736,0.2764,29.4275,0.9790,1.3892,42.7805
1,41.1404,56.7359,0.2753,29.6171,1.0014,1.3837,37.5486
1,40.3540,56.0124,0.2788,29.8445,0.9920,1.3945,37.9666
1,41.0370,56.7563,0.2758,29.3422,0.9806,1.3880,41.6585
1,40.1380,55.7455,0.2797,29.7946,1.0134,1.3908,40.8427
1,40.1023,55.8680,0.2800,30.0160,0.9884,1.3970,41.0508
1,41.2015,56.7425,0.2750,30.0455,1.0266,1.3704,54.0668
1,41.0441,55.8070,0.2752,29.8710,0.9804,1.3869,40.6830
1,40.2360,55.7335,0.2792,29.4095,1.0097,1.3912,38.8345
1,40.0302,56.9734,0.2810,30.1991,0.9965,1.3977,40.9147
1,40.1332,56.8432,0.2804,29.3617,0.9759,1.3975,48.6736
1,40.5606,56.6914,0.2782,29.6033,0.9946,1.3928,36.7810
1,41.2510,55.7704,0.2741,29.5927,0.9988,1.3814,37.5200
1,40.7485,56.2293,0.2769,29.4517,1.0092,1.3864,36.7869
1,40.7738,55.8705,0.2766,29.5552,1.0163,1.3827,39.8992
1,40.1202,55.9019,0.2799,30.0259,0.9912,1.3966,39.9631
1,40.1367,55.7893,0.2798,29.7219,0.9858,1.3962,42.9354
1,41.2065,55.6759,0.2743,29.7097,1.0186,1.3748,43.8741
1,40.1906,56.0782,0.2797,30.1179,0.9871,1.3970,39.9059
1,40.6830,56.7535,0.2776,29.3414,0.9820,1.3922,41.4781
1,40.5822,55.9488,0.2776,29.3721,0.9979,1.3908,36.5612
1,41.1434,55.7835,0.2747,29.7984,1.0235,1.3734,46.8802
1,41.3837,56.8000,0.2741,29.9353,1.0281,1.3668,56.6197
1,40.5060,56.6609,0.2784,29.7835,0.9935,1.3936,36.9301
1,39.7710,56.3927,0.2820,29.4514,0.9738,1.3997,53.6769
1,39.9716,56.9073,0.2813,29.9980,0.9979,1.3979,41.1864
1,39.7044,55.6908,0.2819,29.3693,1.0176,1.3933,45.2447
1,39.9794,55.7238,0.2805,29.9957,1.0160,1.3910,43.3729
1,40.0491,56.5341,0.2806,29.7646,0.9969,1.3972,39.8122
1,40.5295,57.0257,0.2785,29.3680,1.0236,1.3833,45.9915
1,41.2695,55.9524,0.2742,30.0147,1.0190,1.3733,46.1715
1,39.8009,56.8071,0.2821,29.7103,0.9960,1.3994,43.3450
1,40.3009,56.0556,0.2791,29.3110,0.9762,1.3945,47.9797
1,40.9071,55.9846,0.2760,30.1250,1.0153,1.3804,42.0903
1,40.0911,55.5511,0.2799,29.4929,0.9708,1.3950,54.1696
1,40.5941,56.7496,0.2780,29.9546,0.9947,1.3925,36.5905
1,39.7894,56.7100,0.2821,29.8791,0.9791,1.4010,48.5076
1,40.1850,55.7214,0.2795,29.5674,0.9948,1.3947,40.1032
1,40.5116,56.1496,0.2781,30.0202,0.9960,1.3927,35.9172
1,40.4345,56.9779,0.2790,30.1690,1.0200,1.3845,47.5212
1,40.7443,55.4712,0.2765,30.1845,0.9987,1.3879,36.6249
1,40.3145,56.4825,0.2793,29.7318,0.9779,1.3963,43.9944
1,40.3736,56.7915,0.2792,30.1425,0.9791,1.3968,41.6433
1,39.8610,57.1721,0.2820,30.0243,1.0068,1.3965,43.8973
1,40.1263,56.0959,0.2800,29.9310,0.9821,1.3976,43.0421
1,39.8969,55.7213,0.2809,29.6802,1.0094,1.3942,41.8155
1,40.8705,56.6873,0.2766,30.1585,1.0110,1.3832,41.5092
1,39.9019,56.8411,0.2816,30.1883,0.9846,1.4004,44.1609
1,39.9739,56.9309,0.2813,30.1163,0.9916,1.3990,41.9266
1,40.1463,55.5975,0.2796,30.1459,0.9892,1.3960,40.7938
1,40.6707,55.6203,0.2770,29.3162,1.0109,1.3858,37.6568
1,40.2359,55.9746,0.2794,29.9292,1.0166,1.3886,41.9413
1,40.7101,56.2708,0.2772,29.4953,0.9730,1.3912,46.0288
1,41.0180,57.0319,0.2761,29.4943,1.0177,1.3791,44.6140
1,41.3652,56.7001,0.2741,29.8318,1.0160,1.3738,46.3041
1,40.4603,56.0295,0.2783,29.8855,1.0192,1.3851,42.5770
1,40.2526,56.4549,0.2796,30.0218,1.0268,1.3838,49.2953
1,40.5865,56.9302,0.2782,29.8209,0.9705,1.3942,46.4129
1,40.2258,56.1193,0.2795,29.8045,0.9855,1.3964,41.1403
1,41.1251,55.9657,0.2749,30.1789,1.0034,1.3821,37.9225
1,39.9617,56.6868,0.2812,30.0146,0.9911,1.3990,41.6706
1,41.2367,55.5278,0.2741,29.5963,0.9797,1.3830,43.5506
1,40.1389,57.0755,0.2805,29.3625,1.0211,1.3891,45.2631
1,41.3381,56.4161,0.2741,29.5776,0.9774,1.3838,42.9449
1,40.1315,56.1387,0.2800,30.1334,0.9865,1.3976,40.5525
1,40.5495,56.5343,0.2781,29.2905,0.9886,1.3930,39.1453
1,41.0832,55.4535,0.2748,29.4224,1.0248,1.3739,45.7211
1,40.2804,56.2760,0.2793,30.2642,1.0042,1.3929,38.1440
1,40.1928,56.5614,0.2799,29.8167,0.9889,1.3971,40.0686
1,40.1117,57.0118,0.2806,29.6201,1.0061,1.3947,40.4963
1,40.4170,56.3664,0.2787,29.6692,0.9902,1.3945,38.1507
1,40.1548,55.8921,0.2797,29.7402,1.0150,1.3903,41.0606
1,41.2092,55.8239,0.2744,29.2956,1.0050,1.3806,37.6390
1,39.8912,56.5868,0.2815,29.3800,1.0223,1.3911,45.5156
1,40.8084,56.8953,0.2770,30.2454,1.0285,1.3746,55.2175
1,41.1419,56.5583,0.2752,29.6580,0.9920,1.3858,36.9410
1,39.7585,55.8631,0.2817,30.1012,0.9766,1.4002,49.8124
1,40.6359,56.7589,0.2778,30.0776,1.0039,1.3893,37.9019
1,40.5563,56.4355,0.2780,29.2914,0.9935,1.3924,37.4030
1,40.8756,56.6703,0.2766,29.5589,1.0014,1.3875,36.1519
1,40.8817,55.9135,0.2761,30.0889,1.0239,1.3766,47.3348
1,40.3664,55.9717,0.2787,29.4318,1.0140,1.3889,38.9591
1,41.1357,56.6232,0.2752,29.9175,1.0262,1.3721,51.7741
1,41.2532,56.2639,0.2744,30.1538,0.9889,1.3845,37.2694
1,40.2431,56.6224,0.2797,29.7430,0.9758,1.3971,45.6766
1,40.7555,55.8845,0.2767,29.3181,1.0098,1.3857,36.8052
1,39.9543,55.8873,0.2807,29.8811,0.9998,1.3964,40.5695
1,40.1825,57.1081,0.2803,29.9992,1.0106,1.3920,42.6649
1,39.9246,55.6666,0.2808,29.6728,0.9900,1.3972,44.1772
1,40.7804,56.1948,0.2768,29.3685,1.0116,1.3851,37.4330
1,40.5852,56.3249,0.2778,29.2873,1.0040,1.3902,35.8132
1,39.8700,56.7541,0.2817,29.2862,0.9926,1.3988,44.1443
1,40.8471,55.7818,0.2762,29.8181,0.9700,1.3890,47.1094
1,40.1036,56.9917,0.2806,29.2984,0.9878,1.3976,43.5631
1,39.8314,56.1639,0.2815,29.8416,1.0154,1.3935,43.7696
1,39.7077,55.7910,0.2819,29.4204,1.0094,1.3958,43.8531
1,41.0563,55.5132,0.2750,30.1644,0.9827,1.3863,39.7549
1,40.2372,55.6168,0.2792,29.6269,0.9855,1.3947,43.2131
1,40.6527,55.7548,0.2772,30.0120,1.0236,1.3799,45.8475
1,40.1751,57.0258,0.2803,29.6589,0.9795,1.3980,45.2712
1,40.1320,56.3688,0.2801,29.8568,0.9691,1.3977,50.3325
1,40.8383,55.8328,0.2763,30.0918,0.9726,1.3900,43.9155
1,40.1226,56.8868,0.2805,29.9689,0.9974,1.3967,39.7592
1,40.4340,56.9108,0.2789,29.8405,0.9996,1.3932,37.7218
1,40.6758,56.0926,0.2772,29.3620,1.0279,1.3792,45.9133
1,40.1382,56.9668,0.2805,30.0609,1.0237,1.3865,49.5373
1,40.2094,56.2872,0.2797,30.1258,1.0232,1.3858,47.0221
1,40.3456,56.3549,0.2790,30.0798,1.0081,1.3911,38.7498
1,41.1735,55.7990,0.2746,30.2622,1.0282,1.3693,53.4418
1,40.1927,56.4843,0.2799,29.8840,1.0247,1.3858,47.3470
1,40.4363,56.4557,0.2786,29.7772,0.9860,1.3949,39.1627
1,40.9927,56.1618,0.2757,29.7935,1.0262,1.3746,48.3935
1,41.3293,56.6912,0.2743,29.7643,1.0000,1.3810,38.8002
1,40.6676,56.0867,0.2773,30.1563,0.9717,1.3927,43.9666
1,40.5822,56.8986,0.2782,29.8808,0.9769,1.3944,42.5634
1,41.1367,55.8779,0.2748,29.9540,1.0140,1.3778,41.8156
1,39.8137,56.4391,0.2818,30.2747,0.9845,1.4008,44.4678
1,41.1389,55.7452,0.2747,29.7852,0.9787,1.3854,42.2204
1,40.4879,56.8919,0.2787,30.2723,1.0161,1.3856,45.1249
1,40.2455,55.5609,0.2791,29.6096,0.9820,1.3944,45.2069
1,40.1814,55.8109,0.2796,29.5316,0.9948,1.3949,39.9700
1,40.3188,56.1391,0.2790,30.1357,1.0091,1.3907,39.0863
1,40.7205,56.4064,0.2772,30.2685,0.9712,1.3929,43.2204
1,40.3487,55.9582,0.2788,29.8300,0.9820,1.3950,41.9430
1,39.9157,56.8752,0.2815,29.6354,0.9846,1.3997,45.6572
1,40.5671,55.6706,0.2775,30.0400,0.9946,1.3913,36.6952
1,40.2369,56.3790,0.2796,30.2638,0.9917,1.3965,38.0629
1,40.8856,56.7522,0.2766,30.1142,1.0170,1.3802,45.2366
1,40.4235,56.2929,0.2786,30.2694,0.9813,1.3958,39.5819
1,40.8699,56.9589,0.2768,30.1473,0.9892,1.3903,37.4136
1,41.0148,55.8173,0.2754,30.1103,1.0211,1.3759,46.0812
1,40.2801,57.0438,0.2798,29.9739,0.9846,1.3972,41.3832
1,40.4726,56.1984,0.2783,29.8226,0.9731,1.3943,45.5097
1,40.8502,56.2221,0.2764,29.9492,0.9848,1.3902,37.7441
1,40.0094,57.1038,0.2812,30.2153,0.9914,1.3988,42.1496
1,40.3586,55.5411,0.2785,29.8469,0.9802,1.3938,44.2049
1,40.6890,56.2249,0.2772,29.8295,1.0111,1.3860,38.5020
1,40.2825,55.7844,0.2790,29.8134,0.9928,1.3945,38.9081
1,40.0776,56.9095,0.2807,30.0012,1.0167,1.3907,45.0048
1,40.6318,56.7601,0.2778,29.5117,0.9937,1.3921,36.9347
1,40.5648,55.8263,0.2776,29.4188,1.0206,1.3836,41.5354
1,40.1673,56.9051,0.2803,29.7126,0.9886,1.3975,41.2863
1,40.3782,56.1794,0.2788,29.8129,1.0187,1.3866,42.3018
1,40.8372,56.6602,0.2767,29.2820,0.9965,1.3891,36.1807
1,40.6712,56.3044,0.2774,30.0011,0.9892,1.3922,36.4957
1,39.8403,55.7950,0.2813,30.0669,1.0164,1.3922,44.6934
1,40.5897,55.7178,0.2775,29.4039,1.0114,1.3868,37.7527
1,40.1656,57.0200,0.2804,29.6485,1.0230,1.3874,47.2400
1,40.0183,56.6187,0.2808,29.8681,1.0120,1.3934,41.8318
1,40.3994,55.7058,0.2784,30.1910,1.0274,1.3808,49.2801
1,40.4527,56.9695,0.2789,29.5997,1.0053,1.3915,38.3101
1,41.1261,57.0321,0.2755,29.6095,0.9980,1.3849,38.0865
1,40.8294,56.1894,0.2765,29.8561,1.0276,1.3761,49.0885
1,40.8700,55.9530,0.2762,30.0472,0.9775,1.3899,41.0882
1,41.1422,55.6932,0.2747,29.7206,0.9706,1.3849,47.3328
1,40.6789,55.8818,0.2771,29.3648,0.9872,1.3905,39.8963
1,40.3749,56.1242,0.2788,30.0642,0.9918,1.3947,37.2678
1,40.5452,56.4910,0.2781,29.6738,1.0213,1.3837,43.8373
1,39.8690,55.6223,0.2810,29.6427,1.0038,1.3956,42.2155
1,40.1714,56.0967,0.2798,29.3882,0.9776,1.3960,47.6770
1,41.1276,55.4130,0.2746,29.9458,1.0116,1.3782,41.0144
1,39.9403,55.9533,0.2809,29.9988,0.9804,1.3989,45.8577
1,41.1695,56.6385,0.2751,30.0022,0.9784,1.3871,40.5697
1,40.7932,56.9440,0.2771,29.8531,0.9740,1.3920,43.5292
1,41.1684,56.0350,0.2747,29.9872,1.0164,1.3763,43.6821
1,41.1310,55.6215,0.2747,29.7865,1.0266,1.3718,48.9002
1,40.0775,56.8876,0.2807,29.3784,1.0225,1.3892,45.5061
1,40.1817,56.7394,0.2801,29.4880,1.0059,1.3941,38.9244
1,40.3103,55.9976,0.2790,29.5960,0.9694,1.3946,50.8588
1,40.5334,57.0580,0.2785,29.7918,1.0209,1.3836,46.6084
1,40.5828,56.1038,0.2777,30.0611,0.9834,1.3934,38.7691
1,41.2478,56.2321,0.2744,29.9415,1.0166,1.3751,44.6120
1,40.3392,56.7419,0.2793,29.4706,1.0268,1.3839,47.3575
1,40.9379,56.1275,0.2759,29.4351,0.9702,1.3879,47.8548
1,41.0297,56.2381,0.2755,30.1426,1.0036,1.3838,37.5329
1,40.0837,55.5235,0.2799,30.0900,0.9739,1.3967,48.8909
1,40.5661,55.7045,0.2776,29.9281,1.0175,1.3840,41.7378
1,40.5115,56.9710,0.2786,29.4185,0.9756,1.3943,45.6556
1,41.0278,55.5859,0.2752,29.4543,1.0071,1.3821,37.7007
1,40.1697,57.0345,0.2803,29.6746,1.0237,1.3870,47.8352
1,41.1330,55.6924,0.2747,30.1281,0.9702,1.3859,45.5294
1,40.6011,55.9914,0.2775,29.3725,0.9707,1.3912,49.4434
1,40.9235,56.2729,0.2761,30.0907,0.9865,1.3894,36.8243
1,41.0842,56.2064,0.2752,30.1478,0.9747,1.3879,41.6701
1,40.0403,55.9626,0.2804,29.8572,0.9872,1.3976,42.3912
1,41.0961,56.2772,0.2752,29.5543,0.9710,1.3866,46.3212
1,40.5737,56.9736,0.2783,30.1312,1.0230,1.3812,49.6193
1,39.9245,56.5719,0.2813,29.6750,0.9864,1.3993,44.2288
1,40.9084,56.2738,0.2762,30.1733,0.9820,1.3901,38.1248
1,39.9767,55.9362,0.2807,30.0671,0.9949,1.3974,40.5466
1,40.5880,55.9883,0.2776,30.0865,0.9728,1.3932,44.2038
1,40.5066,56.4762,0.2783,29.3898,0.9935,1.3931,37.4151
1,40.7210,55.5485,0.2767,29.4892,1.0202,1.3812,41.9060
1,40.2336,57.1317,0.2801,29.8400,1.0079,1.3927,41.0976
1,40.2373,55.6065,0.2792,30.0673,0.9844,1.3955,41.9049
1,40.3900,56.7304,0.2790,29.7910,1.0055,1.3920,38.0256
1,41.0716,56.1204,0.2752,29.9800,1.0037,1.3832,37.2438
1,41.1771,55.5844,0.2744,29.4714,1.0255,1.3723,46.8880
1,41.2891,56.8041,0.2746,30.2221,0.9845,1.3852,38.9606
1,41.1636,56.8568,0.2752,29.3143,0.9725,1.3863,46.4172
1,40.1653,55.7484,0.2796,29.6058,0.9780,1.3956,47.4136
1,40.0798,56.1991,0.2803,30.0278,1.0050,1.3947,39.2614
1,41.1729,56.6631,0.2751,30.0403,0.9845,1.3866,38.3525
1,39.8988,55.8008,0.2810,29.7323,0.9912,1.3977,43.4804
1,41.1666,55.8073,0.2746,30.0710,1.0141,1.3770,42.5407
1,41.0768,56.4362,0.2754,29.8763,1.0091,1.3814,39.5078
1,40.7698,56.9466,0.2773,29.6676,1.0275,1.3773,50.6661
1,41.0043,56.2960,0.2757,29.5095,1.0149,1.3806,40.1932
1,40.0880,55.9238,0.2801,29.5053,1.0143,1.3915,40.7373
1,40.6142,57.0098,0.2781,30.1448,1.0268,1.3786,52.9294
1,41.0167,56.0371,0.2755,29.3965,0.9881,1.3868,38.5256
1,40.8166,56.1283,0.2765,30.2332,0.9903,1.3902,35.7185
1,40.2306,55.5866,0.2792,30.1216,1.0125,1.3895,40.9523
1,40.8420,56.0793,0.2764,29.5211,1.0044,1.3865,35.7336
1,40.2067,56.2700,0.2797,29.6064,0.9868,1.3965,41.2933
1,40.4668,55.8803,0.2782,29.8813,0.9966,1.3924,36.5619
1,39.9324,56.7593,0.2814,29.7700,0.9732,1.3998,50.3570
1,40.6730,55.5956,0.2770,29.8344,0.9725,1.3906,46.7198
1,40.3987,55.9406,0.2785,29.2970,0.9887,1.3933,40.8124
1,39.8332,57.0020,0.2820,29.8089,0.9687,1.4007,54.3613
1,40.4769,55.9048,0.2781,29.8046,1.0230,1.3831,44.4553
1,40.5206,56.9303,0.2785,29.5711,0.9888,1.3941,38.9709
1,41.2951,56.3886,0.2743,29.8185,0.9939,1.3830,37.3503
1,41.1630,55.7776,0.2746,29.6927,0.9998,1.3826,36.9921
1,41.0111,56.0996,0.2755,29.3977,1.0193,1.3786,41.8387
1,40.0179,56.0049,0.2805,29.8704,0.9826,1.3981,44.4004
1,40.5105,56.6215,0.2784,30.1444,1.0002,1.3920,36.8431
1,40.4307,56.9119,0.2790,30.2283,0.9983,1.3934,38.0395
1,40.4113,55.9245,0.2785,29.4009,0.9859,1.3935,41.5835
1,40.5409,56.8917,0.2784,29.9356,1.0007,1.3917,37.4696
1,40.4080,56.8839,0.2790,29.7801,1.0235,1.3840,47.3414
1,40.5470,56.4728,0.2781,29.8593,0.9736,1.3942,44.2836
1,39.8499,55.8143,0.2812,29.4468,0.9759,1.3979,52.6765
1,40.8512,56.1379,0.2764,29.3584,0.9723,1.3889,47.0764
1,39.9547,57.0719,0.2814,29.3603,0.9949,1.3982,43.0525
1,41.0193,55.5531,0.2752,30.2379,1.0065,1.3818,38.8886
1,39.8443,56.1422,0.2814,29.4239,0.9824,1.3988,48.2905
1,40.9183,55.7236,0.2758,29.7476,0.9699,1.3878,47.6131
1,39.8423,56.8891,0.2819,29.4177,1.0103,1.3960,42.8113
1,40.3618,56.1359,0.2788,29.5984,0.9879,1.3947,39.8144
1,39.8351,55.9031,0.2814,29.6125,0.9932,1.3981,43.7867
1,40.1566,56.3859,0.2800,29.7289,1.0246,1.3866,46.3716
1,40.3994,56.8430,0.2791,30.1155,0.9874,1.3958,38.8612
1,41.1341,56.0582,0.2749,29.3358,0.9722,1.3852,47.1961
1,40.6351,57.0277,0.2780,29.3471,1.0095,1.3881,38.9054
1,40.8144,56.9432,0.2770,29.4193,0.9924,1.3902,37.4442
1,41.2402,56.4135,0.2746,29.9451,1.0160,1.3757,44.6337
1,40.1572,56.4767,0.2801,29.2914,0.9712,1.3963,51.8578
1,39.8102,56.6217,0.2819,30.1533,0.9698,1.4013,51.8786
1,40.8239,56.7001,0.2768,30.1789,0.9900,1.3907,36.4360
1,40.5000,56.1903,0.2782,29.6793,1.0015,1.3916,35.9779
1,39.9570,56.9267,0.2813,29.6007,1.0276,1.3876,50.2055
1,40.1794,56.1874,0.2798,29.3523,1.0181,1.3896,41.2158
1,40.2527,57.1095,0.2800,29.5732,1.0091,1.3924,40.6147
1,40.2836,56.1410,0.2792,30.0414,0.9847,1.3963,40.0731
1,41.1215,56.7922,0.2754,29.8289,0.9990,1.3845,37.5570
1,40.0485,55.8815,0.2803,30.0207,0.9781,1.3979,45.9345
1,41.1039,56.7408,0.2755,29.6021,1.0206,1.3762,46.1271
1,41.2678,56.7371,0.2746,29.6930,0.9867,1.3848,38.8616
1,41.0116,56.4712,0.2758,30.1687,0.9918,1.3877,36.0521
1,39.8571,56.9180,0.2818,30.1395,0.9834,1.4009,45.4248
2,40.6612,56.0951,0.2773,29.7785,1.0015,1.3896,35.5037
2,40.8664,56.1355,0.2763,29.7982,1.0045,1.3861,36.2193
2,40.7241,56.0144,0.2769,29.6669,0.9960,1.3898,35.7475
2,40.6814,56.1269,0.2772,29.7006,0.9959,1.3906,35.6481
2,40.7460,55.9582,0.2768,29.6690,0.9965,1.3894,35.7489
2,40.8102,55.9109,0.2764,29.8016,0.9973,1.3884,35.5541
2,40.9381,56.1990,0.2760,29.8535,1.0003,1.3864,35.6744
2,40.7239,56.2480,0.2771,29.8023,0.9999,1.3895,35.3084
2,40.8353,56.0126,0.2764,29.8544,0.9957,1.3886,35.4663
2,40.9218,56.1051,0.2760,29.7839,1.0056,1.3849,36.6519
2,40.8510,56.0116,0.2763,29.7898,0.9908,1.3891,36.5107
2,40.9219,56.2484,0.2761,29.7214,0.9923,1.3884,36.0608
2,40.9914,56.2586,0.2757,29.7817,1.0056,1.3841,37.0696
2,40.7895,55.9888,0.2766,29.7444,1.0026,1.3875,35.6410
2,40.8320,56.1688,0.2765,29.8094,0.9940,1.3892,35.5826
2,40.6275,56.1730,0.2775,29.7559,0.9983,1.3909,35.4871
2,40.7262,56.1732,0.2770,29.7570,1.0043,1.3881,35.9231
2,40.7853,56.0871,0.2767,29.7639,0.9908,1.3900,36.5097
2,40.6847,56.3121,0.2773,29.7013,0.9906,1.3916,36.7165
2,40.6884,56.0265,0.2771,29.7637,1.0028,1.3888,35.6619
2,41.0082,56.2355,0.2756,29.6733,1.0027,1.3849,36.1481
2,40.7258,56.1596,0.2770,29.8801,0.9972,1.3900,35.2502
2,40.8641,55.8574,0.2761,29.7304,0.9953,1.3879,36.0003
2,40.9844,56.0577,0.2756,29.8297,0.9951,1.3868,35.7156
2,40.6776,55.9628,0.2771,29.8024,1.0023,1.3889,35.6884
2,40.6880,56.2604,0.2773,29.7780,0.9923,1.3913,36.0967
2,40.6297,56.2432,0.2775,29.7382,1.0044,1.3893,36.0296
2,40.6818,56.2204,0.2773,29.8640,1.0020,1.3893,35.6593
2,40.8366,55.8720,0.2763,29.7143,0.9921,1.3887,36.6565
2,40.8427,56.0449,0.2764,29.7267,0.9941,1.3888,35.8347
2,40.6398,56.1181,0.2774,29.8861,1.0030,1.3894,35.8850
2,41.0078,56.1886,0.2756,29.7340,1.0047,1.3841,36.6864
2,40.6851,56.2100,0.2772,29.7331,0.9943,1.3910,35.8006
2,40.9370,56.0352,0.2759,29.6873,1.0019,1.3858,35.7553
2,40.7017,55.9006,0.2770,29.7019,1.0040,1.3881,35.9375
2,40.8526,56.1740,0.2764,29.8044,1.0025,1.3870,35.7480
2,40.7903,55.8767,0.2765,29.8656,0.9985,1.3883,35.5337
2,40.8171,55.9335,0.2764,29.7874,0.9990,1.3880,35.4610
2,40.8934,55.9109,0.2760,29.9028,0.9915,1.3883,36.3117
2,40.7122,56.2196,0.2771,29.7282,0.9983,1.3900,35.2824
2,40.6537,56.0890,0.2773,29.6723,0.9943,1.3911,36.1290
2,40.8857,55.8628,0.2760,29.6863,0.9923,1.3880,36.6860
2,40.7393,55.9969,0.2769,29.7103,0.9932,1.3901,36.2392
2,40.6330,56.2369,0.2775,29.8254,0.9943,1.3917,35.8064
2,40.7721,56.2775,0.2768,29.8868,0.9919,1.3905,35.8537
2,40.8133,56.2126,0.2766,29.7631,1.0015,1.3879,35.4664
2,40.6231,55.9376,0.2774,29.7154,0.9972,1.3907,35.9082
2,40.5992,56.0104,0.2776,29.8557,0.9929,1.3919,36.3799
2,40.8361,56.2241,0.2765,29.6742,1.0026,1.3873,35.5864
2,40.8803,56.1656,0.2762,29.8664,0.9945,1.3885,35.4826
2,40.8318,55.9578,0.2764,29.8390,0.9999,1.3876,35.4685
2,40.7035,55.9561,0.2770,29.8135,0.9959,1.3901,35.6884
2,40.8907,56.1969,0.2762,29.7472,0.9935,1.3886,35.7720
2,40.7394,55.9951,0.2768,29.8523,0.9908,1.3905,36.5321
2,40.9873,55.9957,0.2756,29.8583,0.9937,1.3869,35.9481
2,40.9794,56.1338,0.2757,29.7649,0.9916,1.3876,36.2943
2,40.9590,56.2650,0.2759,29.6869,0.9932,1.3878,35.9903
2,40.8569,56.1426,0.2763,29.7524,1.0038,1.3865,35.9338
2,40.7985,55.9125,0.2765,29.8325,0.9973,1.3886,35.5256
2,40.8507,56.1059,0.2764,29.8996,0.9946,1.3888,35.4563
2,40.6394,56.1551,0.2774,29.8573,0.9932,1.3917,35.9690
2,40.6284,55.9958,0.2774,29.6910,0.9985,1.3905,35.6954
2,40.6194,56.0613,0.2775,29.8219,0.9951,1.3914,35.8760
2,40.8603,56.1138,0.2763,29.8121,1.0042,1.3862,36.1390
2,40.8228,56.1810,0.2765,29.7161,0.9906,1.3897,36.5315
2,40.8270,56.1231,0.2765,29.9047,1.0025,1.3872,35.8463
2,40.6770,56.1622,0.2773,29.7677,0.9924,1.3913,36.1957
2,40.7390,56.1666,0.2769,29.7538,1.0057,1.3875,36.2668
2,40.6796,56.2077,0.2773,29.7237,0.9963,1.3907,35.5094
2,40.7136,56.0095,0.2770,29.7534,1.0015,1.3888,35.4867
2,40.9423,56.0299,0.2758,29.7804,1.0026,1.3855,35.9978
2,40.9100,56.2436,0.2761,29.7667,1.0053,1.3854,36.5807
2,40.6599,55.8909,0.2772,29.6945,0.9965,1.3902,36.0330
2,40.6318,55.9902,0.2774,29.8923,0.9988,1.3904,35.5487
2,40.9951,56.0271,0.2756,29.7404,0.9950,1.3866,35.8875
2,40.7985,56.2834,0.2767,29.7004,0.9912,1.3901,36.3364
2,40.7538,56.1887,0.2769,29.8464,0.9980,1.3895,35.2135
2,40.9937,56.2182,0.2757,29.7876,0.9952,1.3869,35.6806
2,40.7845,55.8801,0.2766,29.8709,1.0014,1.3877,35.6981
2,40.9581,55.8780,0.2757,29.7335,0.9967,1.3865,35.8880
2,40.8299,55.9010,0.2763,29.8990,0.9987,1.3878,35.5006
2,40.8512,56.2689,0.2764,29.7777,1.0020,1.3873,35.6655
2,40.9671,56.0240,0.2757,29.8143,0.9981,1.3864,35.6002
2,40.7166,55.8924,0.2769,29.8177,0.9949,1.3899,35.9515
2,40.7470,55.8782,0.2767,29.8873,0.9976,1.3891,35.5622
2,40.9813,55.8874,0.2756,29.8915,0.9965,1.3863,35.8362
2,40.7570,55.9224,0.2767,29.8028,1.0056,1.3869,36.3706
2,40.8374,56.1453,0.2764,29.8202,1.0054,1.3862,36.4380
2,40.6410,56.1157,0.2774,29.7992,0.9927,1.3916,36.2245
2,40.9670,55.9587,0.2757,29.7254,1.0021,1.3852,36.0009
2,40.9253,56.2038,0.2760,29.9021,1.0020,1.3861,36.0016
2,40.8933,55.9231,0.2760,29.8052,0.9955,1.3877,35.7347
2,40.7498,55.9431,0.2768,29.6786,0.9935,1.3897,36.3317
2,40.6972,56.2997,0.2772,29.8535,1.0036,1.3887,36.0663
2,40.9052,56.0291,0.2760,29.7731,0.9992,1.3870,35.4584
2,40.8937,56.0157,0.2761,29.8563,0.9989,1.3872,35.4452
2,40.6542,56.2650,0.2774,29.7785,0.9941,1.3915,35.8343
2,40.6573,56.0242,0.2773,29.8712,0.9938,1.3911,35.9391
2,40.7488,55.9057,0.2768,29.8849,0.9962,1.3894,35.6072
2,40.9696,56.1708,0.2758,29.7689,0.9982,1.3866,35.5232
2,40.9500,56.0098,0.2758,29.7578,0.9999,1.3861,35.6459
2,40.9067,56.0308,0.2760,29.6677,0.9949,1.3878,35.8496
2,40.9973,56.2112,0.2757,29.7751,0.9938,1.3871,35.8667
2,40.7976,55.9816,0.2765,29.7012,0.9975,1.3886,35.5006
2,40.7449,56.1801,0.2769,29.6986,1.0035,1.3881,35.6799
2,40.6165,55.9742,0.2775,29.8355,1.0010,1.3900,35.6971
2,40.7934,56.2371,0.2767,29.8959,0.9930,1.3900,35.6123
2,40.7987,56.1929,0.2767,29.7520,0.9978,1.3890,35.2313
2,40.9166,56.0371,0.2760,29.7392,0.9975,1.3872,35.4800
2,40.5897,55.8884,0.2775,29.8107,0.9902,1.3919,37.5100
2,40.9355,56.2155,0.2760,29.8360,0.9900,1.3885,36.4297
2,40.7553,56.2776,0.2769,29.8932,1.0049,1.3875,36.4810
2,40.8882,56.0436,0.2761,29.8903,0.9958,1.3880,35.4319
2,40.9615,56.1157,0.2758,29.7206,0.9998,1.3862,35.5855
2,40.8396,56.2822,0.2765,29.7491,0.9912,1.3897,36.2067
2,40.8207,55.9453,0.2764,29.6665,0.9951,1.3887,35.9345
2,40.9660,55.9848,0.2757,29.6708,0.9919,1.3873,36.6062
2,40.9442,55.8851,0.2758,29.7094,0.9931,1.3872,36.4322
2,40.9148,56.2457,0.2761,29.7909,1.0006,1.3868,35.5976
2,40.9095,55.9564,0.2760,29.7545,0.9987,1.3869,35.5515
2,40.5976,55.9393,0.2775,29.7234,0.9985,1.3907,35.8612
2,40.6983,56.2308,0.2772,29.9033,1.0033,1.3887,35.9908
2,40.6934,55.9438,0.2771,29.7999,1.0023,1.3887,35.6978
2,40.8644,56.1464,0.2763,29.8636,0.9945,1.3887,35.4850
2,40.9563,55.9370,0.2757,29.8272,0.9966,1.3867,35.7078
2,40.8566,56.1210,0.2763,29.6729,0.9912,1.3891,36.4943
2,40.6467,55.8975,0.2773,29.8517,0.9904,1.3914,37.0857
2,40.7990,55.8756,0.2765,29.8360,0.9912,1.3894,36.6557
2,40.6396,56.0073,0.2774,29.7734,0.9982,1.3905,35.5942
2,40.8171,56.2858,0.2766,29.7173,0.9924,1.3898,35.9952
2,40.8891,56.0753,0.2761,29.7598,0.9985,1.3874,35.3623
2,40.6751,56.0366,0.2772,29.7572,0.9917,1.3911,36.5917
2,40.6544,55.8851,0.2772,29.7115,1.0039,1.3886,35.9890
2,40.7070,55.9195,0.2770,29.7098,0.9907,1.3905,37.1555
2,40.7366,56.1194,0.2769,29.7747,0.9941,1.3903,35.7402
2,40.8974,55.8846,0.2760,29.7404,0.9995,1.3867,35.6710
2,40.8966,56.2621,0.2762,29.9008,0.9986,1.3876,35.4213
2,40.9647,56.1901,0.2758,29.7172,0.9942,1.3874,35.8068
2,40.9240,56.0003,0.2759,29.8479,0.9995,1.3866,35.5816
2,40.6264,55.9607,0.2774,29.8658,1.0021,1.3896,35.7943
2,40.8372,55.9989,0.2764,29.8806,0.9926,1.3891,35.9428
2,40.9262,55.9115,0.2759,29.9042,1.0027,1.3854,36.2099
2,40.8840,56.0002,0.2761,29.7672,0.9902,1.3887,36.7337
2,40.8382,56.0389,0.2764,29.6820,0.9984,1.3880,35.3737
2,40.9661,56.0574,0.2757,29.8693,0.9972,1.3867,35.5511
2,40.9509,56.0904,0.2758,29.6998,0.9999,1.3863,35.5575
2,40.6806,55.9405,0.2771,29.7292,0.9973,1.3900,35.7165
2,40.6650,56.0302,0.2772,29.8873,0.9932,1.3911,35.9892
2,40.7841,56.0619,0.2767,29.8603,0.9905,1.3901,36.4045
2,40.6712,56.1946,0.2773,29.7710,1.0014,1.3897,35.4658
2,40.9166,56.2809,0.2761,29.7635,1.0001,1.3870,35.5238
2,40.6490,56.2090,0.2774,29.6929,1.0053,1.3888,36.1172
2,40.6639,55.9022,0.2772,29.8311,0.9992,1.3898,35.6342
2,40.6590,56.1797,0.2774,29.7227,0.9911,1.3916,36.6801
2,40.9356,55.9288,0.2758,29.7957,0.9947,1.3873,35.9026
2,40.6929,56.2305,0.2772,29.8447,0.9917,1.3914,36.1110
2,40.7574,56.1571,0.2768,29.9021,0.9943,1.3901,35.4608
2,40.9361,56.0146,0.2759,29.8120,0.9973,1.3870,35.5241
2,40.9607,55.9102,0.2757,29.8872,1.0039,1.3846,36.5776
2,40.9180,55.8583,0.2759,29.7812,0.9990,1.3865,35.7473
2,40.6846,56.3047,0.2773,29.8453,0.9981,1.3904,35.3477
2,40.9822,56.1689,0.2757,29.8098,0.9999,1.3859,35.7224
2,40.8837,56.1010,0.2762,29.7306,1.0017,1.3867,35.5779
2,40.9763,55.9010,0.2756,29.8427,1.0039,1.3843,36.5821
2,40.8812,56.1720,0.2762,29.8979,0.9957,1.3883,35.3405
2,40.6148,56.0509,0.2775,29.7420,1.0011,1.3902,35.6124
2,40.7745,55.8789,0.2766,29.8955,1.0009,1.3879,35.6429
2,40.7505,56.2956,0.2770,29.8398,1.0049,1.3876,36.3755
2,40.7447,56.2991,0.2770,29.7847,1.0026,1.3885,35.7149
2,41.0024,56.1600,0.2756,29.8657,0.9999,1.3856,35.8612
2,40.9529,56.0196,0.2758,29.7773,1.0048,1.3846,36.5310
2,40.7043,56.1087,0.2771,29.7456,1.0047,1.3881,35.9879
2,40.9263,56.0607,0.2759,29.7539,0.9967,1.3873,35.5079
2,40.8591,56.0545,0.2763,29.7034,0.9938,1.3886,35.9121
2,40.7014,56.2937,0.2772,29.8033,1.0054,1.3881,36.4284
2,40.6592,56.0559,0.2773,29.8750,0.9910,1.3915,36.5108
2,40.8121,56.0731,0.2765,29.7507,0.9929,1.3894,36.0085
2,40.9590,56.1951,0.2759,29.7085,0.9983,1.3867,35.4845
2,40.8512,56.1296,0.2764,29.7710,0.9901,1.3894,36.5845
2,40.6639,56.0529,0.2773,29.8220,1.0004,1.3898,35.4571
2,40.6696,56.3013,0.2774,29.7036,0.9905,1.3918,36.7806
2,40.9344,55.8613,0.2758,29.8444,0.9918,1.3876,36.5006
2,40.7155,55.8885,0.2769,29.8417,0.9965,1.3897,35.7100
2,40.9291,56.2674,0.2760,29.8146,0.9977,1.3874,35.4153
2,40.7732,56.1400,0.2768,29.7555,1.0005,1.3886,35.2904
2,40.8282,56.1692,0.2765,29.6715,0.9998,1.3881,35.2546
2,40.6919,56.0190,0.2771,29.9025,0.9990,1.3897,35.3879
2,40.7904,55.9309,0.2766,29.8664,0.9904,1.3898,36.6759
2,40.7444,56.1633,0.2769,29.8207,1.0038,1.3880,35.9158
2,40.9261,55.9829,0.2759,29.6893,0.9921,1.3878,36.4765
2,40.7237,56.0843,0.2770,29.7282,1.0010,1.3890,35.3601
2,40.7017,56.2450,0.2772,29.8258,1.0042,1.3884,36.0919
2,40.9772,56.2239,0.2758,29.8571,1.0023,1.3853,36.2246
2,40.6928,55.9467,0.2771,29.7697,1.0018,1.3889,35.6219
2,40.5957,55.9274,0.2775,29.7256,0.9929,1.3916,36.8471
2,40.8543,56.1069,0.2763,29.8081,0.9903,1.3893,36.4575
2,40.8255,55.9489,0.2764,29.6721,0.9930,1.3889,36.3645
2,40.6639,56.2408,0.2774,29.8558,1.0053,1.3885,36.4392
2,40.6607,56.1821,0.2774,29.7070,0.9919,1.3915,36.4881
2,40.7928,56.2779,0.2767,29.8981,1.0058,1.3867,36.8211
2,40.7346,56.0078,0.2769,29.7128,0.9904,1.3905,36.9835
2,40.9418,55.8813,0.2758,29.7793,1.0031,1.3851,36.2194
2,40.9860,55.9454,0.2756,29.8647,1.0021,1.3848,36.2286
2,40.7228,55.9356,0.2769,29.7608,1.0005,1.3888,35.5147
2,40.7113,56.0482,0.2770,29.8293,0.9918,1.3908,36.2869
2,40.8311,55.9671,0.2764,29.8477,0.9975,1.3882,35.4103
2,40.8790,56.1831,0.2763,29.6842,1.0036,1.3864,35.8510
2,40.7802,56.2347,0.2768,29.6941,1.0045,1.3874,35.9537
2,40.8422,55.8867,0.2763,29.7172,0.9967,1.3880,35.7530
2,40.9601,56.2261,0.2759,29.8799,0.9966,1.3871,35.4847
2,40.6149,56.0644,0.2775,29.8504,1.0026,1.3897,35.8272
2,40.6492,56.0833,0.2774,29.7004,1.0015,1.3897,35.5145
2,40.6283,55.9402,0.2774,29.8557,0.9940,1.3912,36.1790
2,40.6543,55.9654,0.2773,29.7031,0.9980,1.3902,35.6999
2,40.8623,56.2688,0.2764,29.7495,1.0039,1.3865,36.0723
2,40.9473,56.0491,0.2758,29.7729,0.9913,1.3879,36.3932
2,40.9993,56.2730,0.2757,29.7119,1.0053,1.3841,36.8628
2,40.9445,56.1048,0.2759,29.7767,1.0009,1.3861,35.6863
2,40.6343,56.0923,0.2774,29.8702,0.9932,1.3916,36.0304
2,40.7921,56.2151,0.2767,29.6965,0.9921,1.3900,36.1706
2,40.9231,56.1832,0.2760,29.8059,1.0007,1.3866,35.6188
2,40.8261,56.2622,0.2766,29.7999,0.9980,1.3887,35.2366
2,40.7384,55.9062,0.2768,29.7251,1.0031,1.3879,35.7807
2,40.8802,55.9398,0.2761,29.8966,0.9952,1.3880,35.6228
2,41.0068,56.1507,0.2756,29.7338,0.9988,1.3858,35.6840
2,40.7868,56.2342,0.2767,29.6996,0.9972,1.3893,35.2962
2,40.9616,56.1494,0.2758,29.8715,1.0057,1.3843,37.0525
2,40.8584,55.9292,0.2762,29.8671,1.0029,1.3864,35.9850
2,40.7657,56.1041,0.2768,29.7391,0.9942,1.3899,35.7687
2,40.7992,56.2832,0.2767,29.8427,0.9949,1.3897,35.4164
2,41.0127,56.2272,0.2756,29.7785,0.9968,1.3864,35.6654
2,40.8085,56.2879,0.2767,29.8953,0.9989,1.3887,35.3220
2,40.7426,55.9273,0.2768,29.7716,1.0005,1.3886,35.5112
2,40.9726,56.1911,0.2758,29.8714,1.0030,1.3851,36.3534
2,40.6323,56.2855,0.2776,29.6816,0.9938,1.3917,36.1105
2,41.0082,56.2428,0.2756,29.8273,0.9975,1.3863,35.6679
2,40.6997,55.9749,0.2770,29.8204,1.0022,1.3887,35.6538
2,40.8355,55.9112,0.2763,29.8056,0.9907,1.3891,36.7455
2,40.8660,55.9797,0.2762,29.7727,0.9922,1.3886,36.2596
2,40.7399,56.2854,0.2770,29.9022,0.9935,1.3907,35.5851
2,40.7670,55.9796,0.2767,29.8712,1.0033,1.3875,35.8981
2,40.8091,56.2295,0.2766,29.8211,1.0017,1.3879,35.5732
2,41.0112,56.2716,0.2756,29.7734,0.9958,1.3866,35.7062
2,40.6502,56.2381,0.2774,29.8162,0.9915,1.3919,36.3394
2,40.8325,56.2723,0.2765,29.7099,0.9997,1.3882,35.2834
2,40.6836,56.0908,0.2772,29.8058,1.0052,1.3882,36.2226
2,40.9711,56.2658,0.2758,29.7524,0.9970,1.3869,35.5350
2,40.7768,56.1315,0.2767,29.6867,1.0017,1.3882,35.3822
2,40.8886,55.8941,0.2760,29.6857,1.0058,1.3851,36.4807
2,40.6193,56.0156,0.2775,29.7559,0.9943,1.3914,36.1800
2,40.6391,56.2797,0.2775,29.7454,0.9902,1.3921,36.8695
2,40.7115,56.0447,0.2770,29.8573,0.9915,1.3908,36.3095
2,40.9629,56.1041,0.2758,29.8560,0.9994,1.3862,35.6368
2,40.6177,56.1768,0.2776,29.8037,0.9956,1.3915,35.7096
2,40.8442,56.2067,0.2764,29.8978,0.9979,1.3884,35.2480
2,40.8513,55.8995,0.2762,29.8212,0.9951,1.3883,35.7851
2,40.6202,55.9727,0.2774,29.8485,0.9919,1.3917,36.6085
2,40.6582,56.3169,0.2774,29.8581,1.0006,1.3901,35.5646
2,40.9306,56.1692,0.2760,29.7248,0.9947,1.3878,35.6688
2,40.7055,56.2469,0.2772,29.7807,1.0026,1.3889,35.6604
2,40.7206,56.1947,0.2771,29.8977,0.9939,1.3907,35.5624
2,40.8211,56.0228,0.2765,29.8269,1.0023,1.3872,35.6811
2,40.9908,56.1502,0.2757,29.7093,0.9957,1.3867,35.7088
2,40.9344,56.2469,0.2760,29.6993,0.9909,1.3884,36.4537
2,40.9515,55.8584,0.2757,29.9030,0.9906,1.3876,36.6902
2,40.6657,55.9392,0.2772,29.7004,1.0051,1.3883,36.1134
2,40.7130,56.0745,0.2770,29.6716,0.9919,1.3906,36.5807
2,40.9114,56.2150,0.2761,29.6690,0.9904,1.3887,36.6531
2,40.8986,56.1290,0.2761,29.7526,1.0014,1.3866,35.5918
2,40.6675,56.1936,0.2773,29.8267,0.9919,1.3916,36.1844
2,40.8812,55.9303,0.2761,29.7129,1.0059,1.3852,36.5009
2,40.7089,56.1321,0.2771,29.8823,1.0020,1.3889,35.6112
2,40.7249,56.2650,0.2771,29.6915,0.9903,1.3911,36.7490
2,40.6388,56.0996,0.2774,29.8636,0.9919,1.3917,36.3220
2,40.8010,56.0091,0.2765,29.7599,0.9985,1.3885,35.3527
2,40.9457,56.0021,0.2758,29.8714,1.0027,1.3853,36.1703
2,40.8819,55.8593,0.2761,29.7726,0.9919,1.3882,36.5991
2,40.7932,56.0439,0.2766,29.8506,0.9902,1.3900,36.5404
2,40.7782,56.0336,0.2767,29.6844,0.9997,1.3885,35.3384
2,40.7666,55.9260,0.2767,29.6886,0.9929,1.3896,36.4626
2,40.8324,56.2572,0.2765,29.6911,0.9907,1.3897,36.4811
2,40.8051,56.2265,0.2766,29.6714,0.9910,1.3899,36.4887
2,40.8444,55.8633,0.2762,29.8511,0.9947,1.3884,35.8825
2,40.8603,56.1645,0.2763,29.6854,0.9944,1.3887,35.7082
2,40.9918,55.9930,0.2756,29.7579,1.0047,1.3841,36.6482
2,40.7947,56.1641,0.2767,29.8975,0.9987,1.3888,35.2349
2,40.9138,56.0098,0.2760,29.7746,0.9921,1.3881,36.2507
2,40.8314,55.8710,0.2763,29.7578,1.0018,1.3870,35.7496
2,40.7672,55.8980,0.2767,29.7963,0.9918,1.3897,36.5662
2,40.7812,56.0931,0.2767,29.7084,0.9922,1.3899,36.2548
2,40.6850,56.1755,0.2772,29.8699,0.9964,1.3906,35.3727
2,40.8732,56.0253,0.2762,29.6954,0.9929,1.3885,36.1683
2,40.6880,56.0410,0.2771,29.7789,1.0058,1.3879,36.3140
2,40.7498,56.2102,0.2769,29.7948,0.9976,1.3896,35.2337
2,40.6841,55.9068,0.2771,29.7013,1.0001,1.3893,35.6421
2,40.8548,56.1078,0.2763,29.8540,1.0008,1.3873,35.4991
2,40.6427,56.1186,0.2774,29.8417,1.0038,1.3892,35.9740
2,40.7153,56.0106,0.2770,29.8970,0.9947,1.3903,35.6184
2,40.6447,56.1594,0.2774,29.9036,0.9951,1.3913,35.5707
2,40.8108,56.1723,0.2766,29.8196,0.9930,1.3897,35.7529
2,40.7621,56.2256,0.2769,29.6764,1.0037,1.3879,35.7069
2,40.6887,56.1755,0.2772,29.8851,0.9904,1.3915,36.4050
2,40.8154,56.0461,0.2765,29.8780,0.9934,1.3893,35.7099
2,40.7089,55.9826,0.2770,29.7081,1.0011,1.3889,35.4895
2,40.6896,56.2061,0.2772,29.7395,0.9915,1.3913,36.4245
2,40.9700,56.0134,0.2757,29.7138,0.9940,1.3871,36.0311
2,40.8384,56.1756,0.2765,29.8622,0.9958,1.3889,35.3097
2,40.8694,55.8657,0.2761,29.7343,0.9944,1.3880,36.1152
2,40.6968,55.9424,0.2770,29.7585,0.9917,1.3907,36.7121
2,40.9340,56.1367,0.2759,29.6910,0.9915,1.3881,36.3940
2,40.6105,56.0037,0.2775,29.7646,1.0001,1.3904,35.6379
2,40.8312,55.9201,0.2763,29.8089,1.0031,1.3867,35.9142
2,40.8093,55.9629,0.2765,29.7053,1.0054,1.3864,36.1836
2,40.9790,56.0832,0.2757,29.7620,0.9934,1.3872,35.9938
2,40.6066,56.0807,0.2776,29.8958,0.9979,1.3911,35.5471
2,40.7190,55.8865,0.2769,29.8530,1.0007,1.3887,35.6154
2,40.6906,56.1867,0.2772,29.7043,0.9942,1.3909,35.8732
2,40.8726,56.1789,0.2763,29.8956,1.0030,1.3865,36.0696
2,40.9292,55.9205,0.2759,29.8456,1.0021,1.3856,36.0189
2,40.7404,56.3010,0.2770,29.8037,0.9977,1.3899,35.2709
2,40.6446,56.2813,0.2775,29.7767,0.9940,1.3916,35.8953
2,40.6701,56.1082,0.2773,29.7606,1.0003,1.3898,35.3961
2,40.8961,56.1402,0.2761,29.7048,0.9960,1.3880,35.4967
2,40.8075,56.0032,0.2765,29.8943,0.9964,1.3888,35.3806
2,40.9281,55.8912,0.2758,29.8656,1.0041,1.3849,36.4817
2,40.8861,56.0826,0.2762,29.7282,0.9951,1.3881,35.6352
2,40.6143,55.9691,0.2775,29.7631,0.9923,1.3916,36.7504
2,40.9852,56.2357,0.2757,29.7773,1.0053,1.3843,36.8940
2,40.9094,56.1745,0.2761,29.6673,0.9975,1.3875,35.3963
2,40.7992,56.2229,0.2767,29.7480,1.0028,1.3877,35.6739
2,40.6878,56.2622,0.2773,29.6866,0.9953,1.3909,35.6719
2,40.6809,56.1260,0.2772,29.6672,0.9917,1.3911,36.6573
2,40.8357,56.2298,0.2765,29.7732,1.0021,1.3874,35.6269
2,40.6017,56.0045,0.2775,29.7023,1.0026,1.3898,35.7984
2,40.9190,56.2855,0.2761,29.8767,0.9946,1.3882,35.4993
2,40.9806,56.2164,0.2758,29.8780,0.9989,1.3862,35.6792
2,40.7738,56.1786,0.2768,29.7143,0.9973,1.3893,35.2925
2,40.9634,56.1804,0.2758,29.7473,0.9955,1.3872,35.6048
2,40.7895,56.1118,0.2767,29.8159,1.0015,1.3880,35.4723
2,40.9352,55.9316,0.2758,29.7413,1.0024,1.3855,35.9780
2,40.7533,55.8846,0.2767,29.7742,1.0037,1.3875,35.9492
2,40.9995,56.2371,0.2757,29.7502,0.9978,1.3863,35.6250
2,40.7443,55.9442,0.2768,29.6669,0.9904,1.3901,37.2208
2,40.9981,56.2277,0.2757,29.8545,1.0028,1.3848,36.4278
2,40.7769,55.8717,0.2766,29.8654,1.0021,1.3876,35.7931
2,40.6371,55.9450,0.2773,29.8049,0.9914,1.3914,36.8458
2,40.9502,56.1811,0.2759,29.7047,0.9947,1.3875,35.7243
2,40.5944,55.9057,0.2775,29.8255,0.9923,1.3917,36.7987
2,40.7195,56.0384,0.2770,29.6689,0.9939,1.3902,36.1436
2,40.8446,56.2692,0.2765,29.8462,1.0034,1.3868,36.0969
2,40.7226,56.2176,0.2771,29.7812,1.0021,1.3889,35.5411
2,40.8606,56.1559,0.2763,29.8307,1.0031,1.3866,35.9198
2,40.8763,56.2153,0.2763,29.8478,0.9961,1.3884,35.3222
2,40.9743,55.8600,0.2756,29.6943,0.9910,1.3870,37.0632
2,40.8735,56.0045,0.2762,29.8660,0.9976,1.3877,35.3943
2,40.8135,55.8969,0.2764,29.8843,0.9920,1.3892,36.2545
2,40.6103,56.0363,0.2775,29.7877,0.9949,1.3914,36.0197
2,40.6562,56.2932,0.2774,29.7815,1.0010,1.3901,35.5186
2,40.6904,56.0916,0.2771,29.7073,1.0023,1.3890,35.5106
2,40.6497,56.3004,0.2775,29.7138,1.0016,1.3900,35.5548
2,40.9665,55.9227,0.2757,29.6680,0.9988,1.3860,35.7803
2,40.8489,56.1976,0.2764,29.8051,0.9947,1.3889,35.4908
2,40.9423,56.2782,0.2760,29.8756,0.9981,1.3871,35.5032
2,40.8798,56.2140,0.2763,29.7652,0.9992,1.3876,35.3272
2,40.9628,56.1835,0.2758,29.8727,0.9907,1.3881,36.2371
2,40.6786,55.9892,0.2772,29.7433,1.0023,1.3890,35.6254
2,40.7198,55.9677,0.2769,29.8989,0.9985,1.3894,35.4040
2,40.6863,55.9117,0.2771,29.7063,0.9910,1.3907,37.1342
2,40.9264,55.9005,0.2759,29.7031,0.9980,1.3867,35.7271
2,40.7612,56.2144,0.2769,29.8627,1.0048,1.3874,36.3110
2,40.9552,56.0049,0.2758,29.8589,1.0010,1.3857,35.8756
2,40.8851,55.9979,0.2761,29.7807,1.0051,1.3854,36.3982
2,40.7284,55.9035,0.2769,29.6949,1.0015,1.3884,35.6203
2,40.9507,56.2218,0.2759,29.8315,0.9904,1.3883,36.3550
2,40.9551,56.1392,0.2758,29.7010,1.0011,1.3860,35.6786
2,40.6293,56.0814,0.2775,29.7879,1.0053,1.3888,36.2750
2,40.9088,56.2698,0.2762,29.6759,0.9973,1.3877,35.3956
2,40.8956,56.1813,0.2762,29.7227,0.9951,1.3882,35.5716
2,40.6978,56.2964,0.2772,29.8938,0.9941,1.3911,35.5691
2,40.6243,55.9883,0.2774,29.7655,0.9921,1.3915,36.7074
2,40.6971,55.9126,0.2770,29.8749,0.9988,1.3895,35.5323
2,40.6813,56.1311,0.2772,29.6791,1.0014,1.3895,35.4151
2,40.8577,56.2407,0.2764,29.7071,0.9951,1.3888,35.5349
2,40.9518,55.9114,0.2757,29.8360,0.9953,1.3869,35.8375
2,40.8887,56.0258,0.2761,29.6948,0.9963,1.3878,35.5938
2,40.9794,55.9465,0.2756,29.7703,0.9975,1.3862,35.7506
2,40.8583,55.9841,0.2762,29.8034,0.9986,1.3877,35.4126
2,40.6770,56.2299,0.2773,29.6877,0.9989,1.3903,35.3484
2,40.6756,56.3148,0.2774,29.7390,1.0059,1.3883,36.4456
2,40.9253,56.1006,0.2760,29.7494,0.9912,1.3882,36.3866
2,40.8857,56.1186,0.2762,29.7556,0.9990,1.3874,35.3374
2,41.0070,56.2210,0.2756,29.6922,0.9902,1.3874,36.7621
2,40.8321,56.1997,0.2765,29.7865,0.9915,1.3896,36.1091
2,40.7073,56.2657,0.2772,29.8124,1.0046,1.3883,36.1901
2,40.6951,56.3050,0.2772,29.7563,0.9988,1.3902,35.3311
2,40.9696,56.2145,0.2758,29.6663,0.9977,1.3867,35.5311
2,40.6791,55.9187,0.2771,29.8930,1.0013,1.3891,35.6744
2,40.9690,56.1207,0.2758,29.7523,0.9925,1.3875,36.1184
2,40.6479,55.9757,0.2773,29.8145,1.0010,1.3897,35.6078
2,40.8471,56.0398,0.2763,29.7657,0.9929,1.3889,36.0099
2,40.6936,55.9653,0.2771,29.8633,1.0050,1.3879,36.2681
2,40.7481,56.1966,0.2769,29.7134,1.0026,1.3884,35.5333
2,40.9374,56.2529,0.2760,29.7080,0.9912,1.3883,36.3591
2,40.7459,56.2805,0.2770,29.7780,1.0009,1.3890,35.4036
2,40.6758,56.2937,0.2773,29.8271,0.9964,1.3909,35.4321
2,40.8345,56.1326,0.2764,29.8119,0.9928,1.3893,35.8371
2,40.7827,56.2441,0.2768,29.7881,0.9945,1.3899,35.5168
2,40.7573,55.9948,0.2768,29.8763,0.9911,1.3903,36.3664
2,40.8596,55.9013,0.2762,29.8620,0.9963,1.3880,35.6105
2,40.9808,56.2501,0.2758,29.8322,0.9975,1.3867,35.5699
2,40.7454,56.1768,0.2769,29.6865,0.9945,1.3901,35.7516
2,40.7943,56.0703,0.2766,29.9021,0.9955,1.3893,35.3771
2,40.7068,56.2440,0.2772,29.6746,0.9950,1.3906,35.7053
2,40.7113,55.9233,0.2770,29.7206,0.9928,1.3903,36.5349
2,40.8458,55.9230,0.2763,29.7542,0.9991,1.3876,35.5139
2,40.7910,56.2372,0.2767,29.6976,1.0008,1.3884,35.3061
2,40.7090,56.0785,0.2770,29.7748,1.0029,1.3886,35.6583
2,40.9651,55.9990,0.2757,29.6778,1.0008,1.3857,35.7541
2,40.8403,56.0761,0.2764,29.7993,0.9990,1.3880,35.2966
2,40.6857,56.2437,0.2773,29.8687,0.9992,1.3901,35.3404
2,40.7249,56.2484,0.2771,29.7917,0.9970,1.3901,35.3044
2,40.7512,56.1195,0.2769,29.8570,0.9949,1.3900,35.4708
2,40.8730,55.8827,0.2761,29.8150,1.0026,1.3862,35.9598
2,40.8628,55.9638,0.2762,29.8807,0.9905,1.3890,36.4683
2,40.8955,55.9166,0.2760,29.8110,0.9902,1.3884,36.8086
2,40.5933,55.9366,0.2776,29.8910,1.0033,1.3896,36.1113
2,40.7721,56.2962,0.2769,29.6864,1.0008,1.3887,35.3421
2,40.7189,56.1871,0.2771,29.7726,0.9965,1.3902,35.3744
2,40.8062,56.2981,0.2767,29.6862,1.0026,1.3878,35.6203
2,41.0180,56.2595,0.2756,29.8004,1.0020,1.3849,36.2675
2,40.9901,56.1115,0.2757,29.6769,0.9912,1.3873,36.6200
2,40.8173,56.1268,0.2765,29.7314,0.9911,1.3897,36.4211
2,40.8821,56.0172,0.2761,29.8766,0.9986,1.3874,35.4082
2,40.6783,55.9450,0.2771,29.7741,0.9952,1.3904,35.9397
2,40.8995,56.0990,0.2761,29.8210,0.9949,1.3881,35.5426
2,40.7213,56.0311,0.2770,29.8602,0.9903,1.3908,36.6137
2,40.8360,55.9076,0.2763,29.7579,1.0057,1.3858,36.4448
2,40.7789,56.0416,0.2767,29.7602,1.0023,1.3878,35.5544
2,40.8738,55.9397,0.2761,29.8819,0.9951,1.3881,35.6496
2,40.9544,55.9044,0.2757,29.8862,0.9967,1.3866,35.7266
2,40.8981,55.8587,0.2760,29.8342,0.9987,1.3868,35.6889
2,40.9022,55.9164,0.2760,29.8055,0.9938,1.3878,36.0065
2,40.8651,56.1210,0.2763,29.8809,0.9956,1.3885,35.3570
2,40.7290,56.0638,0.2769,29.7125,0.9910,1.3906,36.7083
2,40.7738,55.9618,0.2767,29.8224,1.0008,1.3882,35.4797
2,40.7281,55.9953,0.2769,29.8335,0.9911,1.3906,36.5160
2,40.9386,56.0914,0.2759,29.7033,0.9947,1.3875,35.7858
2,40.7010,56.0406,0.2771,29.8186,1.0014,1.3891,35.4927
2,40.8603,55.8984,0.2762,29.8672,0.9999,1.3871,35.6094
2,40.7577,55.9353,0.2767,29.8720,1.0047,1.3871,36.2504
2,40.7206,55.9543,0.2769,29.6939,1.0016,1.3886,35.5472
2,40.7005,55.9945,0.2770,29.8731,1.0047,1.3879,36.2078
2,40.6846,55.9247,0.2771,29.8625,1.0038,1.3883,36.0443
2,40.8281,56.1140,0.2765,29.8291,1.0031,1.3870,35.8397
2,40.7103,56.2099,0.2771,29.7449,1.0005,1.3895,35.3238
2,40.7862,56.2935,0.2768,29.8878,0.9940,1.3900,35.4854
2,40.7468,55.9594,0.2768,29.8868,0.9995,1.3888,35.4129
2,40.7285,55.9482,0.2769,29.7462,0.9955,1.3898,35.8297
2,40.7177,56.2613,0.2771,29.8760,1.0040,1.3883,36.1539
2,40.9427,56.0363,0.2758,29.7431,0.9905,1.3880,36.6806
2,40.7626,56.0759,0.2768,29.7051,0.9913,1.3902,36.5801
2,40.9091,56.1462,0.2761,29.8937,0.9967,1.3877,35.3534
2,40.9166,55.9755,0.2759,29.8064,0.9965,1.3873,35.5769
2,40.7456,56.1668,0.2769,29.6896,0.9956,1.3900,35.5512
2,40.7808,55.9160,0.2766,29.7774,0.9925,1.3895,36.3661
2,40.8010,56.1463,0.2766,29.7385,1.0029,1.3875,35.6325
2,40.6962,56.1686,0.2772,29.7335,0.9991,1.3899,35.2990
2,40.9962,56.1259,0.2756,29.7152,0.9986,1.3860,35.6387
2,40.7840,56.1333,0.2767,29.8519,1.0001,1.3885,35.3147
2,40.9366,56.2264,0.2760,29.7433,1.0014,1.3862,35.7244
2,40.9920,56.0765,0.2756,29.6970,0.9915,1.3872,36.5479
2,40.7850,55.9681,0.2766,29.8157,0.9913,1.3898,36.4657
2,40.8774,56.1912,0.2763,29.8463,0.9932,1.3888,35.6737
2,40.8863,55.9600,0.2761,29.8814,1.0000,1.3869,35.5905
2,40.8202,56.2114,0.2766,29.7300,0.9973,1.3888,35.2695
2,40.6604,56.0199,0.2773,29.8156,1.0053,1.3883,36.2748
2,40.8373,56.1292,0.2764,29.8777,0.9955,1.3888,35.3446
2,40.6551,56.3081,0.2775,29.8144,0.9958,1.3913,35.5529
2,40.8554,56.1843,0.2764,29.7160,1.0005,1.3876,35.3462
2,40.7705,56.0747,0.2767,29.7840,0.9918,1.3901,36.2334
2,40.6988,56.1522,0.2771,29.7339,1.0059,1.3879,36.2940
2,40.7010,56.1269,0.2771,29.8986,0.9983,1.3900,35.2848
2,40.9339,55.8956,0.2758,29.6806,0.9963,1.3869,35.8984
2,40.6482,56.1974,0.2774,29.7819,0.9979,1.3908,35.4194
2,40.6670,56.0486,0.2772,29.7852,0.9943,1.3909,35.9315
2,40.8917,56.0251,0.2761,29.7232,0.9993,1.3871,35.4341
2,40.6254,55.8915,0.2774,29.8224,0.9990,1.3902,35.7667
2,40.6811,56.1024,0.2772,29.8850,0.9989,1.3900,35.3404
2,40.6636,56.1287,0.2773,29.7828,0.9914,1.3915,36.5087
2,40.8582,55.9472,0.2762,29.8594,1.0049,1.3857,36.4328
2,40.7397,55.8927,0.2768,29.6742,0.9969,1.3892,35.8329
2,40.9386,55.8772,0.2758,29.7227,1.0009,1.3858,35.8778
2,40.6072,55.8870,0.2775,29.7520,0.9955,1.3910,36.2853
2,40.8085,56.0479,0.2765,29.7078,1.0047,1.3867,35.9970
2,40.6389,55.8926,0.2773,29.8988,1.0001,1.3898,35.7069
2,40.9688,55.9578,0.2757,29.7716,1.0033,1.3848,36.2561
2,40.8213,56.1851,0.2765,29.7741,1.0049,1.3866,36.2191
2,40.9852,56.0507,0.2756,29.7602,0.9914,1.3873,36.4613
2,40.9803,55.9325,0.2756,29.7167,0.9928,1.3869,36.4131
2,40.7407,56.2571,0.2770,29.8062,1.0033,1.3883,35.8373
2,40.8044,55.9634,0.2765,29.8825,1.0033,1.3870,35.9778
2,40.6798,56.3153,0.2773,29.8374,0.9971,1.3907,35.3879
2,40.9151,55.9555,0.2759,29.7184,0.9998,1.3865,35.5989
2,40.7209,56.1880,0.2771,29.8912,0.9985,1.3898,35.2526
2,40.9393,56.0246,0.2759,29.8282,0.9969,1.3870,35.5242
2,40.7375,55.9371,0.2768,29.8426,1.0001,1.3887,35.4776
2,40.8550,55.8604,0.2762,29.8868,0.9984,1.3875,35.6031
2,40.7589,56.0925,0.2768,29.7742,0.9900,1.3905,36.7538
2,40.6972,56.1037,0.2771,29.8869,1.0052,1.3880,36.3677
2,40.7705,56.0986,0.2768,29.8803,1.0030,1.3878,35.8206
2,40.7939,55.9985,0.2766,29.7322,1.0000,1.3882,35.3773
2,40.6824,55.9792,0.2771,29.7297,1.0026,1.3888,35.6641
2,40.6383,56.2740,0.2775,29.7668,0.9950,1.3915,35.7659
2,40.8822,55.8831,0.2761,29.6804,1.0026,1.3861,35.8772
2,40.8074,56.2879,0.2767,29.8304,0.9916,1.3901,35.9953
2,40.7967,55.8709,0.2765,29.7944,0.9963,1.3887,35.7477
2,40.8796,56.1158,0.2762,29.7090,0.9985,1.3876,35.3261
2,40.7383,55.8770,0.2768,29.6762,1.0052,1.3872,36.1614
2,40.8541,56.1561,0.2764,29.7911,0.9961,1.3886,35.3551
2,40.9383,56.0265,0.2759,29.8739,0.9955,1.3873,35.5723
2,40.8725,56.1215,0.2762,29.7127,1.0059,1.3856,36.4361
2,40.8722,56.0104,0.2762,29.7226,0.9984,1.3876,35.4244
2,40.7960,55.9018,0.2765,29.8097,0.9927,1.3893,36.2576
2,40.9590,56.0654,0.2758,29.6846,0.9937,1.3873,36.0469
2,40.8067,55.9710,0.2765,29.8915,0.9956,1.3889,35.5013
2,40.8607,56.2124,0.2764,29.7841,0.9977,1.3882,35.2628
2,40.7700,55.8945,0.2766,29.7762,1.0043,1.3871,36.0615
2,40.8437,55.9249,0.2763,29.7137,1.0030,1.3866,35.8139
2,40.6839,55.8871,0.2771,29.8678,1.0051,1.3879,36.3617
2,40.6486,56.3029,0.2775,29.8277,0.9904,1.3921,36.5826
2,40.7857,55.9582,0.2766,29.8526,1.0000,1.3882,35.4375
2,40.6765,56.0755,0.2772,29.6663,0.9912,1.3911,36.8843
2,40.7512,55.9663,0.2768,29.8412,0.9919,1.3901,36.3006
2,40.6141,55.9659,0.2775,29.7311,0.9928,1.3915,36.7054
2,40.7803,56.3026,0.2768,29.8179,0.9913,1.3905,36.1169
2,40.7608,56.0241,0.2768,29.7848,1.0038,1.3876,35.8611
2,40.9000,55.8546,0.2760,29.8955,1.0033,1.3855,36.2914
2,40.6965,55.9975,0.2771,29.7270,1.0007,1.3892,35.4675
2,40.7998,55.9019,0.2765,29.8888,0.9944,1.3891,35.7902
2,40.9563,56.2295,0.2759,29.7388,0.9981,1.3868,35.4785
2,40.8411,55.8834,0.2763,29.6975,0.9998,1.3874,35.6108
2,40.7654,56.2763,0.2769,29.8099,0.9948,1.3901,35.4621
2,40.8294,56.1732,0.2765,29.8811,0.9962,1.3889,35.2659
2,40.9283,55.8993,0.2758,29.8724,1.0042,1.3849,36.5132
2,40.8116,56.1546,0.2766,29.7498,0.9982,1.3887,35.2312
2,40.7821,56.0939,0.2767,29.8616,1.0007,1.3883,35.4043
2,40.7403,56.0538,0.2769,29.8906,0.9962,1.3898,35.3740
2,40.9995,56.2348,0.2757,29.7469,0.9909,1.3875,36.4547
2,40.7272,56.1317,0.2770,29.9014,0.9973,1.3899,35.2515
2,40.7918,56.2879,0.2768,29.8218,1.0041,1.3874,36.1658
2,40.7474,56.2522,0.2770,29.6917,0.9967,1.3899,35.3852
2,40.7614,56.1627,0.2768,29.8322,0.9936,1.3902,35.6673
2,40.7043,56.1030,0.2771,29.8427,0.9901,1.3912,36.6319
2,40.7805,56.2143,0.2768,29.6843,0.9946,1.3898,35.6555
2,40.7926,55.9126,0.2765,29.7653,1.0037,1.3870,35.9327
2,40.8178,56.2567,0.2766,29.8742,1.0000,1.3882,35.3984
2,41.0053,56.1507,0.2756,29.7550,1.0038,1.3844,36.4702
2,40.8485,56.2139,0.2764,29.7685,1.0040,1.3866,36.0518
2,40.7836,55.9360,0.2766,29.7980,0.9901,1.3898,36.9081
2,40.8282,55.8628,0.2763,29.7308,0.9956,1.3883,35.9271
2,40.6743,55.9423,0.2771,29.7819,0.9990,1.3898,35.5648
2,40.6520,56.0200,0.2773,29.7297,1.0016,1.3896,35.5706
2,40.8221,56.0722,0.2765,29.8389,1.0008,1.3877,35.4323
2,40.8848,55.9701,0.2761,29.6930,0.9981,1.3874,35.5289
2,40.8291,55.9051,0.2763,29.7762,0.9985,1.3879,35.5308
2,40.7635,56.0831,0.2768,29.6708,0.9909,1.3902,36.7488
2,40.8148,56.2853,0.2766,29.8815,1.0000,1.3883,35.4313
2,40.6562,56.0011,0.2773,29.7232,1.0042,1.3887,35.9217
2,40.6828,55.9895,0.2771,29.8070,0.9959,1.3904,35.6881
2,40.7454,56.2758,0.2770,29.7025,0.9914,1.3907,36.3798
2,40.8573,56.0356,0.2763,29.8355,0.9967,1.3882,35.3804
2,40.9438,56.0124,0.2758,29.8689,1.0025,1.3854,36.1029
2,40.8470,56.1457,0.2764,29.8006,1.0009,1.3875,35.4359
2,40.8242,56.0762,0.2765,29.7692,0.9948,1.3890,35.6026
2,40.6949,56.2414,0.2772,29.8944,0.9980,1.3903,35.2938
2,40.8019,55.9776,0.2765,29.7363,0.9971,1.3887,35.5046
2,40.6439,56.2206,0.2775,29.7954,0.9996,1.3905,35.4159
2,40.7246,56.1346,0.2770,29.7893,0.9924,1.3907,36.0814
2,40.7902,55.8709,0.2765,29.6823,1.0058,1.3863,36.3221
2,40.7727,56.2990,0.2769,29.8037,1.0044,1.3875,36.1975
2,40.7433,56.0389,0.2769,29.8108,0.9941,1.3900,35.7729
2,40.6849,56.2512,0.2773,29.7673,0.9936,1.3912,35.8585
2,40.9817,56.1423,0.2757,29.6736,1.0022,1.3853,35.9107
2,40.7315,55.9489,0.2769,29.8503,0.9913,1.3904,36.5222
2,40.9070,56.1512,0.2761,29.7613,0.9966,1.3877,35.3983
2,40.6936,55.9708,0.2771,29.8368,0.9937,1.3906,36.0140
2,40.8762,56.1936,0.2763,29.8581,0.9900,1.3893,36.3318
2,40.9819,55.8968,0.2756,29.8720,1.0056,1.3836,37.1277
2,40.9815,56.1301,0.2757,29.8029,0.9938,1.3872,35.8320
2,40.7811,55.9038,0.2766,29.8884,0.9961,1.3890,35.5969
2,40.7325,55.9932,0.2769,29.8276,1.0005,1.3888,35.4245
2,40.5950,55.9445,0.2775,29.6924,0.9995,1.3905,35.8350
2,40.7247,56.0679,0.2770,29.7719,1.0033,1.3882,35.7298
2,40.6180,56.1279,0.2775,29.7300,0.9999,1.3906,35.5068
2,40.7310,56.2358,0.2770,29.8630,1.0007,1.3891,35.4360
2,40.9313,56.2644,0.2760,29.8389,0.9971,1.3875,35.4147
2,40.8776,56.1631,0.2762,29.7019,0.9966,1.3881,35.4011
2,40.8524,56.2909,0.2764,29.8318,1.0055,1.3860,36.7167
2,40.6542,55.9680,0.2773,29.6796,1.0036,1.3889,35.8187
2,40.6704,55.9841,0.2772,29.6930,1.0021,1.3892,35.6114
2,40.7762,55.9779,0.2767,29.7838,1.0031,1.3875,35.7568
2,40.6313,56.2199,0.2775,29.8137,0.9929,1.3919,36.1003
2,40.8370,55.8915,0.2763,29.6806,1.0053,1.3859,36.2517
2,40.9044,56.0738,0.2761,29.7669,0.9935,1.3882,35.8556
2,40.7359,55.9628,0.2768,29.8410,1.0040,1.3877,36.0029
2,40.7590,56.1641,0.2768,29.7107,1.0000,1.3889,35.2482
2,40.7069,56.0437,0.2770,29.8765,0.9926,1.3908,36.0166
2,40.8590,55.9122,0.2762,29.8832,0.9961,1.3880,35.5794
2,40.8130,56.1293,0.2766,29.7580,0.9930,1.3895,35.8954
2,40.8103,56.1140,0.2766,29.8968,0.9943,1.3894,35.4755
2,40.9501,55.9529,0.2758,29.8226,1.0035,1.3850,36.3020
2,40.9802,56.0170,0.2756,29.6944,0.9904,1.3874,36.8896
2,40.7237,55.9756,0.2769,29.7818,1.0036,1.3880,35.8360
2,40.9257,55.9129,0.2759,29.8387,1.0058,1.3845,36.8520
2,40.7741,56.1990,0.2768,29.8172,0.9959,1.3897,35.3310
2,40.8949,55.9375,0.2760,29.6831,1.0003,1.3866,35.6084
2,40.6977,55.9638,0.2770,29.7139,0.9957,1.3901,35.8798
2,40.8790,56.2427,0.2763,29.8187,0.9997,1.3875,35.4079
2,40.7259,56.1477,0.2770,29.8725,1.0052,1.3877,36.3699
2,40.8517,56.1308,0.2764,29.6810,0.9910,1.3892,36.5377
2,40.8930,55.9335,0.2760,29.7178,1.0045,1.3855,36.2090
2,40.8730,56.0956,0.2762,29.6922,0.9908,1.3889,36.5890
2,40.7979,56.1216,0.2766,29.7658,1.0025,1.3876,35.5977
2,40.7499,56.2338,0.2769,29.6966,1.0036,1.3881,35.7220
2,40.7497,55.9845,0.2768,29.7173,0.9948,1.3897,35.8877
2,40.8487,55.9764,0.2763,29.7438,0.9951,1.3884,35.7462
2,40.7409,56.0691,0.2769,29.8601,1.0059,1.3871,36.5270
2,40.9894,56.2129,0.2757,29.8395,0.9955,1.3869,35.6175
2,40.6157,56.1302,0.2775,29.8410,1.0007,1.3904,35.5694
2,40.9679,56.1168,0.2758,29.7275,1.0049,1.3846,36.5085
2,40.8501,56.1092,0.2764,29.8622,1.0010,1.3873,35.5313
2,40.8400,56.0364,0.2764,29.7101,1.0036,1.3866,35.8234
2,40.9117,55.9785,0.2760,29.7537,1.0023,1.3859,35.8453
2,40.8980,56.0561,0.2761,29.7648,1.0053,1.3853,36.4331
2,41.0191,56.2312,0.2756,29.7982,1.0018,1.3849,36.2008
2,40.6578,56.1968,0.2774,29.7691,0.9937,1.3914,35.9561
2,40.8834,56.2727,0.2763,29.8251,0.9998,1.3875,35.4487
2,40.8189,56.0354,0.2765,29.8313,0.9995,1.3880,35.3371
2,40.8214,56.2679,0.2766,29.7807,1.0039,1.3871,36.0312
2,40.6818,56.0739,0.2772,29.7736,0.9934,1.3909,36.0536
2,40.7945,56.2564,0.2767,29.7607,1.0045,1.3872,36.0977
2,40.9592,56.2634,0.2759,29.7957,0.9994,1.3865,35.6017
2,40.7284,56.2951,0.2771,29.6851,1.0000,1.3895,35.3007
2,40.7170,56.1145,0.2770,29.7658,0.9913,1.3909,36.4503
2,40.9300,56.2065,0.2760,29.8227,1.0050,1.3851,36.6448
2,40.7591,55.9398,0.2767,29.8315,0.9967,1.3892,35.5429
2,40.6254,56.1572,0.2775,29.8429,1.0049,1.3890,36.2895
2,40.7042,56.0707,0.2771,29.8350,0.9940,1.3906,35.7726
2,40.9551,56.2449,0.2759,29.8140,1.0036,1.3852,36.3845
2,40.7485,55.9313,0.2768,29.7220,1.0007,1.3884,35.5127
2,40.7218,56.2392,0.2771,29.8021,0.9981,1.3899,35.2552
2,40.8265,56.1481,0.2765,29.7262,1.0008,1.3878,35.3433
2,40.8675,56.2811,0.2764,29.7604,0.9948,1.3888,35.5211
2,40.9112,56.0697,0.2760,29.8459,0.9972,1.3874,35.4026
2,40.9975,56.0613,0.2756,29.8367,0.9930,1.3870,36.0181
2,40.8941,56.2218,0.2762,29.7452,1.0013,1.3868,35.5786
2,40.8809,56.0492,0.2762,29.7656,0.9996,1.3872,35.4009
2,40.9079,55.9279,0.2760,29.8100,0.9995,1.3867,35.6174
2,40.6324,56.1868,0.2775,29.7011,0.9967,1.3911,35.6328
2,40.8061,55.9107,0.2765,29.8689,0.9963,1.3887,35.5681
2,40.8908,55.9821,0.2761,29.8690,0.9952,1.3879,35.5882
2,40.7985,56.2567,0.2767,29.7010,0.9921,1.3900,36.1288
2,40.8580,56.2579,0.2764,29.6738,1.0037,1.3867,35.8720
2,40.7524,56.3082,0.2770,29.6677,0.9956,1.3901,35.5299
2,40.9898,56.1521,0.2757,29.8174,1.0012,1.3854,35.9484
2,40.9448,55.9276,0.2758,29.8494,1.0008,1.3858,35.8635
2,40.7723,56.2830,0.2768,29.6921,1.0048,1.3875,36.0416
2,40.8788,56.2466,0.2763,29.8111,0.9908,1.3892,36.2044
2,40.8483,55.9308,0.2763,29.7869,1.0046,1.3860,36.2234
2,40.8697,56.1864,0.2763,29.7540,0.9941,1.3887,35.6513
2,40.8942,55.8661,0.2760,29.7455,0.9931,1.3879,36.3677
2,40.7990,56.2755,0.2767,29.7911,0.9994,1.3887,35.2697
2,40.7113,56.1534,0.2771,29.7259,0.9964,1.3902,35.4666
2,40.9785,55.9477,0.2756,29.8887,1.0016,1.3851,36.1415
2,40.9419,56.1633,0.2759,29.7702,0.9981,1.3870,35.4350
2,40.6673,56.0454,0.2772,29.8003,1.0054,1.3883,36.2600
2,40.7348,55.9050,0.2768,29.6862,1.0045,1.3875,35.9888
2,40.9326,56.2329,0.2760,29.7947,1.0014,1.3863,35.7807
2,40.7307,56.0172,0.2769,29.8691,0.9952,1.3900,35.5542
2,40.7509,55.9804,0.2768,29.8332,0.9984,1.3891,35.3800
2,40.8735,55.9883,0.2762,29.8552,1.0028,1.3863,35.9349
2,40.6709,56.0401,0.2772,29.7705,1.0021,1.3892,35.5785
2,40.7979,55.9528,0.2765,29.7986,0.9945,1.3891,35.8006
2,40.7122,56.2671,0.2771,29.8339,0.9978,1.3901,35.2786
2,40.6423,56.2316,0.2775,29.8424,0.9952,1.3914,35.6082
2,40.6526,56.0451,0.2773,29.7611,0.9992,1.3902,35.4694
2,40.6616,55.9413,0.2772,29.8484,0.9939,1.3908,36.0982
2,40.7078,56.0869,0.2771,29.6858,0.9935,1.3906,36.1376
2,40.8521,56.0521,0.2763,29.8899,1.0048,1.3860,36.4315
2,40.7700,56.0067,0.2767,29.8607,0.9980,1.3890,35.3301
2,40.8904,55.9955,0.2761,29.8970,1.0021,1.3863,35.8957
2,40.7472,55.9753,0.2768,29.8534,0.9992,1.3889,35.3831
2,40.9125,55.9280,0.2759,29.6911,1.0030,1.3856,35.9698
2,40.7961,55.9720,0.2766,29.7073,1.0046,1.3868,35.9886
2,40.7721,56.0168,0.2767,29.6946,0.9983,1.3889,35.3976
2,40.7361,55.9892,0.2769,29.8900,0.9902,1.3906,36.6202
2,40.6488,56.3148,0.2775,29.8438,0.9977,1.3910,35.4413
2,40.7912,56.0001,0.2766,29.7200,0.9985,1.3885,35.3894
2,40.9333,56.0919,0.2759,29.7681,0.9954,1.3875,35.5991
2,40.8368,56.2947,0.2765,29.7414,1.0051,1.3865,36.3564
2,40.6562,56.1806,0.2774,29.8527,0.9991,1.3904,35.3760
2,40.6356,56.1090,0.2774,29.7192,0.9966,1.3910,35.6717
2,40.7156,55.9819,0.2770,29.7584,1.0020,1.3886,35.5655
2,40.6478,56.0393,0.2773,29.8781,0.9937,1.3913,35.9636
2,40.8820,56.0537,0.2762,29.8211,0.9909,1.3888,36.3479
2,40.7053,56.1367,0.2771,29.8104,1.0041,1.3883,35.9435
2,40.8397,55.9810,0.2763,29.8965,0.9968,1.3883,35.3979
2,40.9726,56.2481,0.2758,29.7204,0.9942,1.3874,35.8078
2,40.7549,56.1057,0.2768,29.9053,0.9923,1.3904,35.8520
2,40.6487,55.9748,0.2773,29.8888,0.9909,1.3915,36.6822
2,40.7658,55.9924,0.2767,29.7887,1.0017,1.3881,35.5295
2,40.7190,55.9988,0.2770,29.7678,1.0052,1.3876,36.1503
2,40.5919,55.9199,0.2776,29.7283,0.9975,1.3909,36.0091
2,40.9285,56.2285,0.2760,29.8746,0.9922,1.3884,35.8558
2,40.6495,56.1961,0.2774,29.8686,0.9917,1.3918,36.2173
2,40.9566,56.1941,0.2759,29.8575,1.0048,1.3847,36.7706
2,40.7809,56.2317,0.2768,29.8455,1.0017,1.3882,35.5697
2,40.7311,56.1655,0.2770,29.6928,0.9922,1.3906,36.2807
2,40.9857,56.2740,0.2758,29.7676,0.9967,1.3868,35.5870
2,40.7876,56.1420,0.2767,29.8789,1.0001,1.3884,35.3451
2,40.7309,56.3019,0.2771,29.7411,0.9999,1.3895,35.3134
2,40.8965,56.1021,0.2761,29.7281,0.9932,1.3883,35.9394
2,40.7085,55.9745,0.2770,29.7583,0.9956,1.3901,35.7759
2,40.9063,56.0212,0.2760,29.6694,0.9977,1.3873,35.5190
2,40.9743,56.0256,0.2757,29.8005,1.0020,1.3852,36.0216
2,40.6004,55.9296,0.2775,29.6675,0.9927,1.3915,37.0133
2,40.8201,55.9032,0.2764,29.8313,0.9956,1.3886,35.7038
2,40.9334,56.0134,0.2759,29.8006,0.9927,1.3878,36.0650
2,40.6555,56.0267,0.2773,29.7229,1.0038,1.3889,35.8330
2,40.7176,56.1312,0.2770,29.7383,1.0032,1.3885,35.6455
2,40.8338,55.8866,0.2763,29.7563,1.0000,1.3874,35.5838
2,40.8089,56.2132,0.2766,29.7259,0.9912,1.3899,36.3100
2,40.8975,56.1620,0.2761,29.7061,0.9983,1.3875,35.3359
2,40.7149,55.9209,0.2769,29.7761,0.9958,1.3899,35.8169
2,40.7291,56.0322,0.2769,29.8026,1.0019,1.3885,35.5345
2,40.8476,56.1545,0.2764,29.8164,0.9935,1.3891,35.6649
2,40.6551,55.9443,0.2772,29.7568,0.9908,1.3912,37.0690
2,40.7118,55.8812,0.2769,29.7501,1.0025,1.3883,35.7700
2,40.8946,56.2064,0.2762,29.7202,1.0021,1.3866,35.6765
2,40.6508,56.1720,0.2774,29.8727,0.9940,1.3914,35.7589
2,40.9446,55.8801,0.2758,29.7862,1.0042,1.3847,36.4657
2,40.6207,55.9381,0.2774,29.8287,1.0014,1.3898,35.7611
2,40.9694,55.9416,0.2757,29.8022,1.0059,1.3839,36.9558
2,40.8587,55.9782,0.2762,29.8348,0.9946,1.3884,35.6916
2,40.7537,56.2250,0.2769,29.8170,0.9995,1.3892,35.2627
2,40.9361,55.9176,0.2758,29.8363,0.9931,1.3875,36.1185
2,40.7543,56.2260,0.2769,29.7090,1.0015,1.3887,35.3891
2,40.8649,56.2905,0.2764,29.8839,0.9989,1.3880,35.3872
2,40.8122,56.1301,0.2766,29.7168,0.9912,1.3897,36.4276
2,40.7309,56.1187,0.2770,29.7459,0.9959,1.3900,35.4906
2,40.8211,55.9277,0.2764,29.6678,0.9909,1.3891,37.0196
2,40.9529,56.1182,0.2758,29.8836,0.9989,1.3865,35.5613
2,40.9476,56.2684,0.2760,29.8246,0.9994,1.3867,35.5905
2,40.7508,56.0605,0.2768,29.8471,0.9925,1.3903,35.9861
2,40.9392,56.2059,0.2760,29.7652,0.9973,1.3872,35.4260
2,40.7799,55.9526,0.2766,29.7778,1.0059,1.3865,36.3992
2,40.9099,56.1875,0.2761,29.8677,0.9901,1.3888,36.3179
2,40.6949,56.2861,0.2772,29.9017,1.0052,1.3882,36.5571
2,40.7711,56.2675,0.2768,29.7303,1.0035,1.3879,35.8065
2,40.8467,56.1268,0.2764,29.7382,0.9919,1.3892,36.1648
2,40.6573,56.2134,0.2774,29.7836,0.9935,1.3915,35.9478
2,40.8228,56.1963,0.2765,29.7247,1.0044,1.3868,35.9909
2,40.6571,55.9617,0.2772,29.8915,1.0002,1.3897,35.5679
2,40.8982,55.9346,0.2760,29.7900,1.0017,1.3862,35.7880
2,40.9800,56.1366,0.2757,29.7178,0.9959,1.3868,35.6613
2,40.7760,55.9542,0.2766,29.8727,1.0053,1.3867,36.4247
2,40.7019,55.9230,0.2770,29.7284,1.0048,1.3879,36.0693
2,40.7486,56.2293,0.2769,29.7744,0.9954,1.3901,35.4510
2,40.9815,55.9342,0.2756,29.7282,1.0024,1.3849,36.1293
2,40.6315,55.9271,0.2774,29.7673,0.9972,1.3906,35.8397
2,40.8567,55.9016,0.2762,29.8586,0.9922,1.3887,36.2577
2,40.9450,56.2413,0.2760,29.6711,1.0051,1.3850,36.4293
2,40.8586,55.8970,0.2762,29.8381,1.0014,1.3868,35.7432
2,40.8818,56.0933,0.2762,29.7542,0.9942,1.3884,35.7176
2,40.7971,55.9265,0.2765,29.7507,1.0014,1.3877,35.5713
2,40.7136,56.0257,0.2770,29.8636,0.9972,1.3899,35.3887
2,40.8287,56.0822,0.2764,29.6944,0.9948,1.3889,35.7058
2,40.8494,55.9694,0.2763,29.7914,1.0050,1.3859,36.2994
2,40.6341,56.0965,0.2774,29.7136,0.9929,1.3915,36.4090
2,40.7719,55.9153,0.2766,29.8102,1.0054,1.3867,36.3407
2,40.6244,55.9515,0.2774,29.9007,1.0056,1.3885,36.5566
2,40.9364,56.1617,0.2760,29.7856,1.0057,1.3847,36.7662
2,41.0058,56.2443,0.2756,29.8804,1.0051,1.3839,37.1872
2,40.6980,55.9723,0.2770,29.8695,1.0011,1.3890,35.5582
2,40.9966,56.0385,0.2756,29.8077,1.0037,1.3844,36.4892
2,40.8051,56.2728,0.2767,29.7880,1.0050,1.3869,36.3249
2,40.6382,55.9377,0.2773,29.8773,1.0028,1.3892,35.9030
2,40.9692,55.9453,0.2757,29.7153,0.9926,1.3871,36.4186
2,40.7910,55.9813,0.2766,29.7283,0.9962,1.3890,35.6144
2,40.8790,56.0010,0.2761,29.6866,1.0054,1.3855,36.2759
2,40.8719,56.1312,0.2763,29.7260,0.9993,1.3876,35.3139
2,40.9946,56.2423,0.2757,29.6943,0.9930,1.3873,36.0853
2,40.8051,56.0676,0.2766,29.8369,1.0046,1.3867,36.1870
2,40.9112,55.8947,0.2759,29.7728,1.0030,1.3856,36.0786
2,40.9628,56.1441,0.2758,29.7275,0.9922,1.3877,36.1819
2,41.0187,56.2617,0.2756,29.7508,0.9959,1.3865,35.7337
2,40.8752,55.9051,0.2761,29.7212,1.0031,1.3861,35.9366
2,40.9513,55.9543,0.2758,29.7826,1.0030,1.3851,36.1523
2,40.8800,55.9446,0.2761,29.8554,1.0003,1.3868,35.6128
2,40.8916,55.8573,0.2760,29.8821,0.9943,1.3878,35.9431
2,40.8995,55.9786,0.2760,29.6705,1.0055,1.3852,36.3435
2,40.7889,56.1533,0.2767,29.6701,0.9956,1.3894,35.5530
2,40.6400,56.1885,0.2775,29.7620,0.9925,1.3917,36.2960
2,40.8960,56.0831,0.2761,29.8286,1.0045,1.3856,36.3393
2,40.9799,56.2304,0.2758,29.8758,0.9992,1.3862,35.7124
2,40.6375,56.2316,0.2775,29.6782,0.9955,1.3913,35.8228
2,40.6734,56.0232,0.2772,29.7170,0.9999,1.3897,35.4618
2,40.8032,56.2920,0.2767,29.7748,0.9955,1.3895,35.4088
2,40.8251,56.2577,0.2766,29.8823,1.0014,1.3877,35.6615
2,40.7173,56.2562,0.2771,29.8346,0.9942,1.3908,35.5878
2,40.9048,55.9177,0.2760,29.8954,0.9900,1.3884,36.6758
2,40.6728,55.9094,0.2771,29.7866,1.0012,1.3892,35.6685
2,40.9088,55.8820,0.2759,29.8201,1.0023,1.3858,36.0093
2,40.7471,56.1846,0.2769,29.7362,1.0014,1.3887,35.3833
2,40.6516,56.0037,0.2773,29.8146,1.0026,1.3892,35.7415
2,40.8984,56.0898,0.2761,29.8028,0.9929,1.3884,35.8982
2,40.8824,55.9880,0.2761,29.7071,0.9928,1.3883,36.2459
2,40.6708,55.9600,0.2772,29.8211,1.0019,1.3891,35.6602
2,40.7766,56.1547,0.2768,29.7038,0.9988,1.3890,35.2342
2,40.9049,56.1901,0.2761,29.6818,0.9904,1.3887,36.6239
2,40.9773,56.0413,0.2757,29.6655,0.9976,1.3863,35.6628
2,40.8886,56.0249,0.2761,29.8048,0.9974,1.3876,35.4152
2,40.9713,55.9635,0.2757,29.6727,1.0033,1.3848,36.1596
2,40.8987,55.9907,0.2760,29.8265,1.0009,1.3865,35.6504
2,40.8357,56.1867,0.2765,29.8972,0.9955,1.3890,35.3119
2,40.7314,55.8977,0.2768,29.8122,0.9900,1.3904,37.0707
2,40.7337,56.1419,0.2770,29.7265,0.9931,1.3904,36.0287
2,40.7239,55.9902,0.2769,29.8143,0.9900,1.3907,36.8817
2,40.7020,56.0757,0.2771,29.6900,0.9959,1.3903,35.6838
2,40.6543,55.8985,0.2772,29.8480,0.9980,1.3901,35.6964
2,40.8871,56.2514,0.2763,29.8689,1.0006,1.3871,35.6167
2,40.9440,56.2821,0.2760,29.7406,0.9985,1.3870,35.4772
2,40.7324,56.1329,0.2770,29.7256,0.9920,1.3906,36.2985
2,40.6976,56.0163,0.2771,29.6850,1.0050,1.3880,35.9958
2,40.9907,56.0705,0.2756,29.7671,0.9970,1.3864,35.6457
2,40.6557,56.0522,0.2773,29.7822,0.9972,1.3906,35.5443
2,40.8903,56.2674,0.2762,29.8245,0.9986,1.3877,35.3607
2,40.6459,55.8807,0.2773,29.7882,0.9993,1.3899,35.7403
2,40.8592,55.9493,0.2762,29.7081,0.9915,1.3887,36.6244
2,40.7307,55.9233,0.2769,29.7226,1.0013,1.3885,35.5737
2,40.8791,56.0647,0.2762,29.8120,0.9947,1.3883,35.5990
2,40.8398,55.9877,0.2763,29.8971,0.9948,1.3887,35.5647
2,40.7144,56.2128,0.2771,29.8361,1.0036,1.3884,35.9173
2,40.9512,56.1673,0.2759,29.7549,1.0055,1.3847,36.6775
2,40.6968,55.9064,0.2770,29.7390,0.9907,1.3907,37.1191
2,40.8369,56.0135,0.2764,29.7278,0.9969,1.3883,35.4734
2,40.8573,55.8609,0.2762,29.6713,1.0035,1.3861,35.9840
2,40.9604,55.9989,0.2757,29.8094,1.0055,1.3842,36.8173
2,40.9346,55.8997,0.2758,29.7843,0.9953,1.3871,35.8920
2,40.5966,55.9904,0.2776,29.7900,0.9946,1.3915,36.1904
2,40.6346,55.9510,0.2774,29.7939,0.9911,1.3915,36.9546
2,40.6142,55.9458,0.2775,29.8823,0.9965,1.3910,35.7934
2,40.9585,56.0738,0.2758,29.8919,0.9971,1.3868,35.5137
2,40.8724,56.2769,0.2763,29.7659,1.0045,1.3862,36.3038
2,40.6161,56.0779,0.2775,29.7530,0.9981,1.3909,35.5943
2,40.8319,55.8936,0.2763,29.8877,1.0058,1.3857,36.7087
2,40.8912,56.1939,0.2762,29.8781,0.9976,1.3878,35.3121
2,40.7247,56.1784,0.2770,29.8737,0.9913,1.3910,36.1264
2,40.7372,56.0406,0.2769,29.9004,0.9959,1.3899,35.4091
2,40.6867,55.9010,0.2771,29.6826,0.9923,1.3905,36.8849
2,40.8726,56.1533,0.2763,29.6798,0.9998,1.3875,35.3193
2,40.7778,55.8949,0.2766,29.8945,1.0018,1.3877,35.7333
2,40.6909,55.8933,0.2770,29.8688,0.9915,1.3907,36.6316
2,40.8748,55.9038,0.2761,29.8256,0.9978,1.3875,35.5690
2,40.8329,56.0338,0.2764,29.8971,0.9958,1.3887,35.3964
2,40.9123,55.8551,0.2759,29.8703,0.9992,1.3865,35.7486
2,40.8565,56.0940,0.2763,29.8149,0.9965,1.3883,35.3433
2,40.9298,55.9559,0.2759,29.7762,1.0008,1.3861,35.7400
2,40.8821,56.0666,0.2762,29.8461,0.9927,1.3886,35.8678
2,40.6316,56.0140,0.2774,29.8865,0.9906,1.3918,36.7332
2,40.7906,56.2027,0.2767,29.7503,1.0055,1.3869,36.2920
2,40.9181,55.9125,0.2759,29.8661,1.0038,1.3852,36.3538
2,40.8954,56.1398,0.2761,29.7820,0.9971,1.3878,35.3481
2,40.6437,55.9112,0.2773,29.7821,1.0022,1.3893,35.7967
2,40.8288,56.2673,0.2766,29.7566,0.9968,1.3889,35.2959
2,40.8101,56.2600,0.2766,29.7811,0.9935,1.3897,35.6836
2,40.7098,55.9921,0.2770,29.8944,0.9912,1.3908,36.4051
2,40.9024,56.2090,0.2761,29.7474,0.9932,1.3885,35.8275
2,40.8026,56.0891,0.2766,29.6683,0.9946,1.3893,35.7911
2,40.6833,56.1031,0.2772,29.8014,0.9905,1.3913,36.6640
2,40.9955,56.2191,0.2757,29.7901,1.0000,1.3858,35.7935
2,40.6340,56.0731,0.2774,29.7132,0.9925,1.3915,36.5672
2,40.9368,56.1781,0.2760,29.8184,0.9912,1.3883,36.1847
2,40.8340,55.9020,0.2763,29.8044,0.9914,1.3890,36.5441
2,40.9287,55.9536,0.2759,29.8860,0.9946,1.3875,35.7427
2,40.8375,55.8689,0.2763,29.7822,1.0041,1.3862,36.1475
2,40.9864,56.1665,0.2757,29.8140,1.0000,1.3858,35.7583
2,40.6238,55.9170,0.2774,29.7169,1.0041,1.3890,36.0338
2,40.9830,55.9338,0.2756,29.7351,0.9992,1.3857,35.8066
2,40.6590,56.1527,0.2773,29.6791,1.0030,1.3893,35.6166
2,40.6712,55.8905,0.2771,29.8653,1.0043,1.3883,36.1965
2,40.8896,55.9806,0.2761,29.8710,1.0045,1.3855,36.4283
2,40.7387,56.1902,0.2770,29.7572,0.9914,1.3907,36.3231
2,40.9265,56.1119,0.2760,29.8941,1.0009,1.3863,35.7474
2,40.7450,56.1275,0.2769,29.8583,1.0026,1.3883,35.7001
2,40.9834,56.1546,0.2757,29.8532,0.9920,1.3875,36.0655
2,40.6312,56.2047,0.2775,29.7221,0.9931,1.3917,36.2402
2,40.9544,56.2232,0.2759,29.7203,1.0033,1.3854,36.1090
2,40.8019,56.0497,0.2766,29.8951,0.9945,1.3894,35.5179
2,40.7776,55.9083,0.2766,29.7961,0.9997,1.3883,35.5016
2,40.7425,56.1601,0.2769,29.6904,0.9948,1.3901,35.6965
2,40.8161,56.1388,0.2765,29.6702,1.0049,1.3867,35.9825
2,40.6621,56.0373,0.2773,29.7776,0.9910,1.3914,36.7570
2,40.6271,56.2537,0.2776,29.7677,0.9966,1.3914,35.5840
2,40.7196,56.0222,0.2770,29.7228,1.0030,1.3884,35.6442
2,40.8588,55.9912,0.2762,29.8307,0.9945,1.3885,35.6964
2,40.7794,55.8775,0.2766,29.8076,0.9961,1.3889,35.7484
2,40.8537,55.9760,0.2763,29.6917,1.0019,1.3869,35.6071
2,40.6945,56.1082,0.2771,29.8168,0.9963,1.3904,35.4448
2,40.6365,55.9855,0.2774,29.7793,0.9955,1.3909,35.9319
2,40.9849,56.2322,0.2757,29.7964,0.9926,1.3875,35.9982
2,40.7055,56.2376,0.2772,29.7633,0.9937,1.3909,35.8127
2,40.8949,55.9529,0.2760,29.6987,1.0003,1.3867,35.5792
2,40.6793,56.0056,0.2772,29.6831,0.9908,1.3910,37.0564
2,40.6987,55.9084,0.2770,29.6811,0.9903,1.3906,37.4446
2,40.6491,56.0142,0.2773,29.8074,1.0043,1.3888,36.0544
2,40.7437,56.2970,0.2770,29.8441,0.9936,1.3906,35.6259
2,40.9528,56.2699,0.2759,29.8381,0.9983,1.3869,35.5279
2,40.7810,56.1752,0.2767,29.8205,0.9927,1.3901,35.8404
2,40.7608,56.1613,0.2768,29.7832,0.9968,1.3896,35.3045
2,40.8766,56.2086,0.2763,29.7301,1.0027,1.3867,35.7481
2,40.8132,56.2324,0.2766,29.8566,1.0035,1.3872,36.0276
2,40.7137,56.1684,0.2771,29.8098,1.0026,1.3887,35.6329
2,40.6667,56.2472,0.2774,29.6812,1.0057,1.3885,36.2179
2,40.7519,55.9224,0.2767,29.7792,0.9953,1.3895,35.8227
2,40.7495,56.0393,0.2768,29.7791,1.0032,1.3879,35.7278
2,40.8560,55.9439,0.2762,29.8683,1.0039,1.3861,36.1780
2,40.6977,56.0735,0.2771,29.8594,0.9926,1.3909,36.0310
2,40.7655,56.0941,0.2768,29.8119,0.9998,1.3888,35.2786
2,40.7226,56.2227,0.2771,29.7830,1.0023,1.3888,35.5855
2,40.8930,56.0885,0.2761,29.8333,0.9987,1.3874,35.3700
2,40.9629,56.1125,0.2758,29.8309,1.0005,1.3859,35.7489
2,40.7707,55.9378,0.2767,29.8245,1.0056,1.3867,36.4004
2,40.6884,55.9008,0.2771,29.6810,0.9923,1.3905,36.8605
2,40.7561,56.1588,0.2769,29.8083,0.9917,1.3905,36.1189
2,40.9987,56.2517,0.2757,29.8409,0.9900,1.3878,36.5032
2,40.9955,56.2467,0.2757,29.8312,1.0052,1.3841,37.0597
2,40.9533,56.1408,0.2759,29.8670,0.9904,1.3881,36.3401
2,40.9060,55.8570,0.2759,29.6904,0.9961,1.3872,35.9679
2,40.6545,55.9461,0.2772,29.7163,1.0029,1.3891,35.7685
2,40.6686,55.9893,0.2772,29.7114,0.9991,1.3899,35.5434
2,40.9375,56.1830,0.2760,29.7947,0.9939,1.3879,35.7041
2,40.9028,55.9498,0.2760,29.7777,1.0009,1.3864,35.6814
2,40.6264,55.9462,0.2774,29.7304,1.0014,1.3898,35.7205
2,40.9055,56.1755,0.2761,29.8909,0.9962,1.3879,35.3551
2,40.7940,55.9921,0.2766,29.8977,1.0041,1.3869,36.1438
2,40.7127,56.2395,0.2771,29.8980,0.9990,1.3898,35.3036
2,40.9498,56.1604,0.2759,29.8915,1.0043,1.3849,36.6308
2,40.7571,56.0954,0.2768,29.8305,0.9976,1.3894,35.2632
2,40.8580,56.0834,0.2763,29.8806,1.0004,1.3874,35.4735
2,40.6576,55.9879,0.2773,29.6751,0.9936,1.3909,36.4433
2,40.6737,56.1133,0.2772,29.6727,0.9981,1.3903,35.4702
2,40.9627,56.1056,0.2758,29.7770,0.9979,1.3866,35.5172
2,40.8173,55.8780,0.2764,29.7814,1.0020,1.3871,35.7513
2,40.8359,56.2608,0.2765,29.7130,0.9989,1.3883,35.2495
2,40.5981,55.9816,0.2776,29.8307,0.9942,1.3916,36.2071
2,40.6939,56.0590,0.2771,29.8450,0.9933,1.3908,35.9354
2,40.8848,55.8867,0.2761,29.6763,0.9978,1.3872,35.7226
2,40.8680,55.9668,0.2762,29.8850,0.9927,1.3886,35.9737
2,40.7087,56.0459,0.2770,29.7543,0.9925,1.3907,36.2740
2,40.6514,55.9099,0.2772,29.8318,0.9902,1.3913,37.1524
2,40.8245,56.2287,0.2766,29.7663,1.0029,1.3873,35.7561
2,40.9419,55.8956,0.2758,29.8673,0.9968,1.3867,35.7158
2,40.6773,56.1393,0.2772,29.7265,0.9919,1.3912,36.4451
2,40.9404,55.9142,0.2758,29.8044,0.9984,1.3864,35.6810
2,40.7042,56.1418,0.2771,29.7116,0.9931,1.3908,36.1078
2,40.7510,55.9446,0.2768,29.7321,0.9922,1.3899,36.5205
2,40.9929,56.0369,0.2756,29.8811,1.0050,1.3839,36.9651
2,40.8220,55.9011,0.2764,29.7030,0.9972,1.3882,35.6867
2,40.6257,56.1425,0.2775,29.8068,0.9910,1.3920,36.6435
2,40.9691,56.1678,0.2758,29.8655,0.9976,1.3867,35.5222
2,40.9212,56.2560,0.2761,29.6876,0.9965,1.3877,35.4612
2,40.9348,55.9588,0.2758,29.7407,1.0024,1.3856,35.9477
2,40.6059,56.0482,0.2776,29.6712,0.9974,1.3910,35.8195
2,40.7580,55.9680,0.2767,29.8825,1.0034,1.3876,35.9378
2,40.7325,56.1687,0.2770,29.8068,1.0007,1.3891,35.3506
2,40.9424,56.1199,0.2759,29.8409,0.9984,1.3868,35.4738
2,40.6587,56.2210,0.2774,29.8708,0.9970,1.3909,35.3945
2,40.9085,55.8702,0.2759,29.8458,0.9926,1.3879,36.2807
2,40.7689,56.2535,0.2768,29.8835,0.9918,1.3905,35.9020
2,40.7972,56.2731,0.2767,29.9028,1.0053,1.3868,36.6607
2,40.7205,55.9907,0.2769,29.7326,0.9969,1.3897,35.5903
2,40.9606,55.8757,0.2757,29.7756,0.9932,1.3871,36.3344
2,40.9279,56.0225,0.2759,29.8165,1.0006,1.3863,35.6630
2,40.7918,56.0944,0.2766,29.7394,1.0008,1.3882,35.3309
2,40.7994,56.1940,0.2767,29.8436,0.9939,1.3897,35.5531
2,41.0014,56.0760,0.2756,29.8689,0.9937,1.3869,35.8668
2,40.8850,56.1996,0.2762,29.8572,1.0017,1.3868,35.7453
2,40.9679,56.0643,0.2757,29.6807,1.0046,1.3846,36.3614
2,40.9453,55.9066,0.2758,29.8958,1.0049,1.3844,36.8002
2,40.8310,56.0036,0.2764,29.7517,0.9932,1.3890,36.0491
2,40.7356,56.1988,0.2770,29.7298,0.9946,1.3903,35.6602
2,40.6936,55.9730,0.2771,29.7657,1.0016,1.3890,35.5614
2,40.6354,55.8937,0.2773,29.6908,0.9910,1.3912,37.4168
2,40.8036,56.1351,0.2766,29.8504,1.0024,1.3876,35.6867
2,40.7420,56.0240,0.2769,29.8829,1.0050,1.3873,36.2987
2,40.7121,55.9908,0.2770,29.8552,1.0048,1.3878,36.2069
2,40.6406,56.2143,0.2775,29.8353,1.0006,1.3902,35.5025
2,40.8263,56.2549,0.2766,29.8356,0.9986,1.3885,35.2508
2,40.9501,56.2060,0.2759,29.7454,0.9948,1.3876,35.6527
2,40.6654,56.1204,0.2773,29.7043,1.0056,1.3884,36.1642
2,40.8558,56.0708,0.2763,29.8727,0.9924,1.3890,35.8762
2,40.9190,56.2820,0.2761,29.7410,1.0044,1.3856,36.3682
2,40.9687,56.1371,0.2758,29.8461,1.0007,1.3858,35.8206
2,40.9264,55.9859,0.2759,29.8507,1.0029,1.3855,36.1056
2,40.8549,56.2255,0.2764,29.7620,1.0042,1.3865,36.0899
2,40.6578,56.3168,0.2774,29.8391,1.0019,1.3898,35.7330
2,40.7421,55.9641,0.2768,29.8172,1.0046,1.3874,36.1104
2,40.8239,56.1364,0.2765,29.6739,0.9983,1.3884,35.2751
2,40.7906,55.8899,0.2765,29.8286,0.9908,1.3896,36.7480
2,41.0121,56.2710,0.2756,29.8351,0.9915,1.3874,36.1970
2,40.8168,56.0877,0.2765,29.8173,0.9956,1.3890,35.4276
2,40.8549,56.1988,0.2764,29.7531,0.9984,1.3881,35.2536
2,40.7077,56.3053,0.2772,29.8315,0.9977,1.3903,35.3113
2,40.7566,56.1151,0.2768,29.8366,0.9909,1.3905,36.3276
2,40.9935,56.1492,0.2757,29.7381,1.0049,1.3842,36.6596
2,40.9428,55.8607,0.2757,29.7798,1.0034,1.3849,36.3049
2,40.8190,56.2617,0.2766,29.8609,1.0023,1.3875,35.8069
2,40.8390,56.0807,0.2764,29.6858,1.0017,1.3873,35.4521
2,40.7646,55.9827,0.2767,29.8804,0.9907,1.3902,36.4816
2,40.7271,56.0939,0.2770,29.8170,0.9909,1.3908,36.4500
2,40.8899,56.2897,0.2763,29.7020,0.9979,1.3879,35.3398
2,40.9970,56.0875,0.2756,29.8737,1.0007,1.3853,35.9631
2,40.9171,56.2748,0.2761,29.7565,1.0034,1.3859,36.1182
2,40.8310,56.0936,0.2764,29.8529,0.9920,1.3894,35.9782
2,40.8477,56.0854,0.2764,29.8282,1.0003,1.3875,35.4058
2,40.8725,55.8999,0.2761,29.6664,1.0040,1.3859,36.0415
2,40.6514,55.9718,0.2773,29.8763,0.9902,1.3915,36.8881
2,40.6350,56.2830,0.2775,29.7987,1.0033,1.3896,35.9299
2,40.7635,56.1921,0.2768,29.8560,0.9910,1.3906,36.1666
2,40.6808,55.9085,0.2771,29.8993,1.0017,1.3889,35.7330
2,40.9012,56.0926,0.2761,29.8343,0.9934,1.3883,35.7594
2,40.8431,56.1873,0.2764,29.6937,0.9934,1.3891,35.8657
2,40.8123,55.8658,0.2764,29.6695,1.0012,1.3874,35.6776
2,40.8131,55.9311,0.2764,29.8254,0.9901,1.3895,36.8195
2,40.6596,56.1607,0.2773,29.8712,0.9985,1.3905,35.3547
2,40.8022,56.0752,0.2766,29.8024,0.9952,1.3892,35.5015
2,40.8766,56.2722,0.2763,29.8019,0.9959,1.3885,35.3738
2,40.6286,56.0185,0.2774,29.6857,0.9902,1.3917,37.4313
2,40.9716,56.1614,0.2758,29.7731,0.9984,1.3865,35.5376
2,40.9565,56.2348,0.2759,29.9024,0.9926,1.3880,35.8113
2,40.7653,56.0094,0.2767,29.8038,0.9985,1.3889,35.3424
2,40.6292,56.1771,0.2775,29.8910,0.9984,1.3909,35.4295
2,40.7119,55.8839,0.2769,29.8281,1.0015,1.3886,35.6829
2,40.9718,55.9575,0.2757,29.6857,0.9942,1.3869,36.1435
2,40.7703,56.2921,0.2769,29.7480,0.9996,1.3890,35.2724
2,40.7881,56.1607,0.2767,29.8761,0.9921,1.3901,35.8747
2,40.8590,56.2811,0.2764,29.7392,0.9995,1.3879,35.3259
2,40.9816,56.2565,0.2758,29.7627,0.9986,1.3864,35.6043
2,40.9456,55.9469,0.2758,29.6948,1.0020,1.3855,35.9014
2,40.6272,56.2583,0.2776,29.8208,0.9947,1.3917,35.7684
2,40.9532,55.9137,0.2757,29.8564,0.9923,1.3874,36.2736
2,41.0115,56.1634,0.2756,29.8272,1.0048,1.3839,36.9014
2,40.7045,56.2338,0.2772,29.7920,1.0023,1.3890,35.6013
2,40.7476,55.9761,0.2768,29.7866,0.9958,1.3896,35.6322
2,40.6558,55.9129,0.2772,29.7997,1.0038,1.3887,36.0119
2,40.7601,56.1978,0.2769,29.7781,1.0034,1.3879,35.7843
2,40.7995,56.2593,0.2767,29.7287,0.9965,1.3893,35.3325
2,40.9627,56.1006,0.2758,29.7710,0.9953,1.3871,35.6536
2,40.8667,55.9630,0.2762,29.7348,1.0040,1.3860,36.0319
2,40.7480,56.0391,0.2768,29.8379,0.9996,1.3889,35.3228
2,40.6394,55.8978,0.2773,29.8543,1.0034,1.3889,36.0402
2,40.8993,55.8775,0.2760,29.8247,1.0041,1.3853,36.3400
2,40.9749,56.2154,0.2758,29.8837,1.0015,1.3856,36.0720
2,40.9217,56.0119,0.2759,29.7088,1.0044,1.3852,36.2093
2,40.7235,56.0349,0.2770,29.8143,1.0023,1.3885,35.6136
2,40.7687,55.9491,0.2767,29.8018,1.0018,1.3879,35.5929
2,40.7005,55.9886,0.2770,29.8579,1.0013,1.3890,35.5472
2,40.7542,56.1138,0.2768,29.7081,1.0042,1.3877,35.8137
2,40.8790,56.2347,0.2763,29.7287,1.0026,1.3867,35.7538
2,40.9876,56.0606,0.2756,29.7066,1.0038,1.3846,36.2879
2,40.9437,56.1538,0.2759,29.7719,1.0011,1.3861,35.7145
2,40.7004,56.0045,0.2771,29.8859,1.0008,1.3891,35.5004
2,40.6892,56.1573,0.2772,29.7670,1.0027,1.3890,35.6273
2,40.6169,55.9751,0.2775,29.8475,0.9939,1.3914,36.1697
2,40.7874,56.3007,0.2768,29.8186,1.0046,1.3873,36.3001
2,40.8107,56.1704,0.2766,29.8125,0.9932,1.3896,35.7341
2,40.9419,55.9174,0.2758,29.7321,1.0031,1.3852,36.1171
2,40.7406,55.9336,0.2768,29.8621,0.9925,1.3901,36.2004
2,40.8894,55.9482,0.2761,29.7140,0.9986,1.3871,35.5444
2,40.8766,56.1520,0.2762,29.8926,0.9944,1.3886,35.4751
2,40.9301,56.0664,0.2759,29.8472,1.0045,1.3851,36.4714
2,40.6197,56.0609,0.2775,29.7470,0.9950,1.3913,36.0149
2,40.7215,56.0868,0.2770,29.8520,0.9931,1.3906,35.8780
2,40.6383,55.8816,0.2773,29.8143,0.9913,1.3913,36.9902
2,40.7339,56.0615,0.2769,29.7680,1.0023,1.3884,35.5401
2,40.9540,56.0256,0.2758,29.7753,0.9908,1.3878,36.5649
2,40.9558,56.2052,0.2759,29.6922,1.0030,1.3855,35.9945
2,40.6301,56.0606,0.2774,29.6669,0.9961,1.3910,35.9184
2,40.9607,55.8715,0.2757,29.7308,0.9977,1.3862,35.8592
2,40.8870,56.0326,0.2761,29.7874,0.9939,1.3883,35.7972
2,40.7309,55.9047,0.2768,29.8823,1.0020,1.3882,35.7338
2,40.8756,55.9243,0.2761,29.6832,0.9938,1.3881,36.1947
2,40.9614,55.9644,0.2757,29.8644,0.9994,1.3860,35.7398
2,40.7099,56.1547,0.2771,29.7187,1.0034,1.3886,35.6788
2,40.7642,56.2075,0.2768,29.7132,0.9966,1.3896,35.3614
2,40.8702,55.8951,0.2761,29.7588,0.9947,1.3880,35.9561
2,40.7729,55.8735,0.2766,29.7540,0.9969,1.3888,35.7459
2,40.8405,56.0188,0.2764,29.7851,0.9949,1.3887,35.6447
2,40.6954,56.2400,0.2772,29.6829,1.0013,1.3895,35.3917
2,40.9673,56.2375,0.2758,29.7795,0.9930,1.3877,35.9214
2,40.8906,55.9181,0.2760,29.7891,1.0020,1.3862,35.8345
2,40.7247,56.2736,0.2771,29.8799,0.9962,1.3903,35.3180
2,40.8958,56.2687,0.2762,29.8750,1.0037,1.3860,36.3647
2,40.8630,56.1519,0.2763,29.8044,0.9911,1.3892,36.1944
2,40.7092,55.9784,0.2770,29.8014,0.9931,1.3905,36.1622
2,40.6780,56.1326,0.2772,29.7511,0.9999,1.3899,35.3545
2,40.9189,56.1161,0.2760,29.7005,0.9933,1.3880,35.9682
2,40.7529,56.0955,0.2768,29.7534,0.9928,1.3902,36.0568
2,40.7292,56.0497,0.2769,29.8788,0.9976,1.3896,35.3090
2,40.9650,56.1300,0.2758,29.6742,1.0019,1.3856,35.8111
2,40.6469,56.1594,0.2774,29.7649,0.9954,1.3912,35.7119
2,40.9214,56.0331,0.2760,29.8328,0.9928,1.3880,35.9577
2,40.7962,56.0334,0.2766,29.7114,0.9960,1.3890,35.5769
2,40.8551,56.0981,0.2763,29.8388,0.9971,1.3882,35.2951
2,40.8893,55.9275,0.2761,29.8965,1.0027,1.3860,36.0625
2,40.8742,56.2655,0.2763,29.6722,0.9984,1.3880,35.3032
2,40.8342,56.0903,0.2764,29.8025,0.9964,1.3886,35.3515
2,40.8469,56.1347,0.2764,29.6710,0.9935,1.3889,35.9411
2,40.8571,56.0978,0.2763,29.8940,0.9939,1.3888,35.5533
2,40.9811,56.1947,0.2757,29.6657,0.9901,1.3877,36.8203
2,40.7480,55.9496,0.2768,29.8705,0.9995,1.3888,35.4271
2,40.9567,56.0409,0.2758,29.6849,0.9941,1.3873,36.0036
2,40.7293,56.3110,0.2771,29.8785,0.9943,1.3907,35.5167
2,40.8719,56.1934,0.2763,29.7614,0.9986,1.3878,35.2814
2,40.7500,56.1809,0.2769,29.8640,0.9934,1.3904,35.6553
2,40.8182,55.9820,0.2764,29.8747,0.9939,1.3891,35.7352
2,40.8508,56.2379,0.2764,29.8127,0.9992,1.3880,35.3051
2,40.7257,56.2512,0.2771,29.8702,1.0009,1.3892,35.4775
2,40.7028,56.2361,0.2772,29.8749,0.9951,1.3908,35.4408
2,40.6354,56.3143,0.2776,29.8204,1.0042,1.3893,36.1969
2,40.8516,56.0818,0.2763,29.7440,0.9947,1.3887,35.6484
2,40.8206,55.9710,0.2764,29.8016,0.9907,1.3894,36.6177
2,40.8979,56.1129,0.2761,29.7456,0.9934,1.3883,35.8601
2,40.9714,56.0852,0.2757,29.8528,0.9952,1.3870,35.6318
2,40.7377,56.2959,0.2770,29.8355,0.9989,1.3896,35.2903
2,40.7941,56.2214,0.2767,29.7572,0.9907,1.3902,36.4052
2,40.8301,56.0128,0.2764,29.8320,0.9968,1.3885,35.3864
2,40.9941,56.2750,0.2757,29.8235,0.9925,1.3875,35.9972
2,40.9466,56.0109,0.2758,29.8600,1.0009,1.3859,35.8246
2,40.7227,56.2773,0.2771,29.6665,1.0013,1.3892,35.3731
2,40.7456,55.8984,0.2768,29.7658,0.9982,1.3890,35.5909
2,40.7697,56.1738,0.2768,29.7619,0.9927,1.3902,35.9400
2,40.6981,56.3136,0.2772,29.8986,1.0043,1.3885,36.3493
2,40.6656,56.0886,0.2773,29.7039,0.9993,1.3901,35.4177
2,40.9368,55.9631,0.2758,29.7614,0.9943,1.3874,35.9514
2,40.7597,55.9567,0.2767,29.7863,1.0028,1.3878,35.7198
2,40.7490,56.1053,0.2769,29.7447,0.9940,1.3901,35.8205
2,40.7098,56.0914,0.2771,29.8071,0.9928,1.3907,36.0225
2,40.9182,55.8781,0.2759,29.8228,0.9966,1.3871,35.7413
2,40.9853,56.0000,0.2756,29.7940,0.9959,1.3865,35.7552
2,40.8122,56.2026,0.2766,29.7733,1.0014,1.3879,35.4533
2,40.7754,56.0626,0.2767,29.6800,1.0001,1.3885,35.3101
2,40.7232,55.9651,0.2769,29.7314,1.0059,1.3873,36.2854
2,40.6220,56.1492,0.2775,29.7535,1.0031,1.3897,35.7784
2,40.9274,56.2864,0.2761,29.7322,1.0033,1.3858,36.1022
2,40.7360,56.1275,0.2769,29.7240,0.9905,1.3907,36.7215
2,40.9678,56.1089,0.2758,29.8132,0.9994,1.3862,35.6286
2,40.9037,56.2070,0.2761,29.7292,0.9983,1.3875,35.3378
2,40.8698,55.9665,0.2762,29.8204,0.9972,1.3878,35.4731
2,40.8552,55.8633,0.2762,29.6886,0.9993,1.3872,35.6736
2,40.8744,55.9269,0.2761,29.8930,0.9938,1.3883,35.8308
2,40.7065,56.0826,0.2771,29.7824,0.9990,1.3897,35.3194
2,40.7216,56.2709,0.2771,29.8598,0.9971,1.3902,35.2781
2,41.0070,56.1248,0.2756,29.7847,1.0059,1.3836,37.0914
2,40.9274,56.1792,0.2760,29.7423,0.9948,1.3878,35.6245
2,40.8854,56.0123,0.2761,29.8443,1.0056,1.3852,36.6559
2,40.6875,56.0973,0.2772,29.7692,0.9918,1.3911,36.4086
2,40.7301,55.9667,0.2769,29.7554,1.0046,1.3876,36.0293
2,41.0161,56.2515,0.2756,29.8274,0.9942,1.3869,35.8064
2,40.6448,56.2355,0.2775,29.7348,1.0058,1.3887,36.3371
2,40.7939,56.2255,0.2767,29.8257,0.9919,1.3901,35.9507
2,40.7610,56.1841,0.2768,29.8516,0.9964,1.3897,35.2706
2,40.9306,56.0260,0.2759,29.8843,0.9963,1.3873,35.5020
2,40.9449,56.0195,0.2758,29.6802,1.0027,1.3855,35.9082
2,40.8169,56.0914,0.2765,29.7226,0.9983,1.3885,35.2845
2,40.6853,56.2868,0.2773,29.9052,0.9964,1.3908,35.3739
2,40.9984,56.2346,0.2757,29.7446,1.0017,1.3853,36.0171
2,40.7786,56.1647,0.2767,29.8655,0.9995,1.3888,35.2673
2,40.7013,56.2297,0.2772,29.7304,0.9911,1.3912,36.5136
2,40.9625,56.0494,0.2758,29.6773,0.9972,1.3867,35.6271
2,40.7913,56.2500,0.2767,29.7726,0.9959,1.3895,35.3576
2,40.8503,56.0452,0.2763,29.7481,0.9985,1.3879,35.3408
2,40.7897,56.2014,0.2767,29.6714,1.0018,1.3881,35.3831
2,41.0005,56.0998,0.2756,29.7350,0.9991,1.3858,35.6963
2,40.8029,56.2613,0.2767,29.6669,0.9957,1.3894,35.4969
2,40.7481,56.2946,0.2770,29.8373,1.0057,1.3874,36.6067
2,40.9521,56.1834,0.2759,29.7826,0.9927,1.3879,35.9474
2,40.9125,56.2346,0.2761,29.7285,1.0027,1.3862,35.8614
2,40.7051,56.2510,0.2772,29.6657,1.0012,1.3894,35.3638
2,40.6752,56.2704,0.2773,29.7145,1.0040,1.3889,35.8860
2,40.6969,55.9863,0.2771,29.8658,0.9959,1.3902,35.5786
2,40.9548,56.0374,0.2758,29.6995,1.0026,1.3854,35.9326
2,40.8485,55.9497,0.2763,29.7725,0.9968,1.3881,35.5461
2,40.8584,56.2336,0.2764,29.6693,1.0002,1.3877,35.3183
2,40.9092,56.1408,0.2761,29.7298,1.0043,1.3856,36.1676
2,40.7257,55.9757,0.2769,29.8097,0.9951,1.3900,35.7312
2,40.6802,55.9139,0.2771,29.9042,0.9967,1.3901,35.6354
2,40.9257,56.0650,0.2759,29.7491,0.9928,1.3880,36.0506
2,40.7320,55.9739,0.2769,29.7458,1.0059,1.3872,36.3153
2,40.6267,56.0293,0.2774,29.8077,0.9957,1.3911,35.8239
2,40.9068,55.9127,0.2760,29.7950,1.0035,1.3855,36.1624
2,40.8346,55.9455,0.2763,29.6942,1.0057,1.3859,36.3064
2,40.6305,56.1837,0.2775,29.8715,1.0057,1.3887,36.5663
2,40.8957,55.9990,0.2761,29.8274,1.0003,1.3867,35.5691
2,40.7230,56.1156,0.2770,29.6672,0.9990,1.3895,35.3166
2,40.9715,56.2487,0.2758,29.8184,0.9900,1.3881,36.4876
2,40.9732,55.8732,0.2756,29.8514,0.9952,1.3866,35.9518
2,40.9411,55.8778,0.2758,29.7664,1.0029,1.3851,36.1777
2,40.8589,55.9672,0.2762,29.8864,0.9929,1.3887,35.9070
2,40.9664,56.1256,0.2758,29.7431,0.9902,1.3879,36.6746
2,40.8529,56.0985,0.2763,29.6682,0.9943,1.3887,35.8219
2,40.7604,56.1495,0.2768,29.6860,0.9981,1.3893,35.2830
2,40.6791,55.9202,0.2771,29.7740,0.9930,1.3907,36.4382
2,40.9180,55.9398,0.2759,29.7820,0.9942,1.3876,35.9520
2,40.8844,56.1502,0.2762,29.8095,1.0056,1.3855,36.6016
2,40.9743,55.9657,0.2756,29.8564,0.9951,1.3868,35.7883
2,40.7083,55.9845,0.2770,29.7370,0.9971,1.3898,35.5944
2,40.9937,56.0219,0.2756,29.8109,1.0005,1.3854,35.8896
2,40.9301,56.1888,0.2760,29.7948,0.9907,1.3884,36.3439
2,40.8630,55.8884,0.2762,29.9046,1.0013,1.3867,35.8109
2,40.9945,56.2451,0.2757,29.7524,0.9949,1.3870,35.7309
2,40.7445,56.1542,0.2769,29.8533,0.9913,1.3907,36.1562
2,40.7527,55.9779,0.2768,29.8321,0.9901,1.3903,36.7825
2,40.7947,55.9004,0.2765,29.7000,0.9934,1.3891,36.3464
2,40.9405,56.0446,0.2759,29.7436,0.9942,1.3875,35.8670
2,40.9518,56.0201,0.2758,29.8045,0.9947,1.3873,35.7692
2,40.7878,56.1847,0.2767,29.7273,1.0059,1.3868,36.3479
2,40.6690,55.8987,0.2772,29.7267,0.9952,1.3904,36.1632
2,40.9763,56.2588,0.2758,29.8501,0.9919,1.3878,36.0292
2,40.6698,55.9747,0.2772,29.6673,1.0022,1.3891,35.6254
2,40.9170,56.0735,0.2760,29.8890,1.0049,1.3851,36.6461
2,40.7532,56.2732,0.2769,29.7651,0.9973,1.3897,35.2675
2,40.7637,55.8818,0.2767,29.7785,0.9958,1.3892,35.8179
2,40.7503,56.3069,0.2770,29.8923,0.9989,1.3895,35.3200
2,40.7092,56.2819,0.2772,29.8364,0.9919,1.3912,36.0504
2,40.8937,56.2122,0.2762,29.7052,0.9902,1.3889,36.6132
2,40.7940,56.1449,0.2767,29.7328,0.9924,1.3898,36.0788
2,40.9334,56.2612,0.2760,29.7232,0.9977,1.3873,35.4222
2,40.6523,56.0443,0.2773,29.7175,1.0037,1.3890,35.8068
2,40.7721,56.3012,0.2769,29.8349,0.9957,1.3899,35.3480
2,40.7558,56.2538,0.2769,29.8719,1.0040,1.3878,36.1494
2,40.9342,56.1456,0.2760,29.8434,0.9922,1.3881,35.9422
2,40.8674,55.9448,0.2762,29.9005,1.0020,1.3865,35.8633
2,40.6530,56.1467,0.2774,29.6895,0.9906,1.3916,36.9613
2,40.8716,55.8817,0.2761,29.8873,0.9931,1.3883,36.0544
2,40.7446,56.2215,0.2770,29.7902,1.0023,1.3885,35.5952
2,40.8430,55.8835,0.2763,29.6679,0.9990,1.3875,35.6398
2,40.9086,56.0823,0.2760,29.9040,1.0005,1.3866,35.6490
2,40.9351,56.0319,0.2759,29.7174,1.0014,1.3860,35.7067
2,40.7236,56.2659,0.2771,29.6734,0.9939,1.3906,35.8745
2,40.8343,55.8886,0.2763,29.7070,1.0028,1.3867,35.8233
2,40.8198,55.9976,0.2764,29.8025,1.0041,1.3866,36.0389
2,40.7165,56.2418,0.2771,29.8174,0.9976,1.3901,35.2700
2,40.7323,56.0049,0.2769,29.6833,1.0014,1.3886,35.4464
2,40.8649,56.2205,0.2763,29.8042,1.0014,1.3872,35.5953
2,40.9328,55.9864,0.2759,29.8182,1.0012,1.3860,35.7898
2,40.6681,56.1491,0.2773,29.8093,0.9953,1.3910,35.5961
2,40.9804,56.2673,0.2758,29.7839,0.9931,1.3875,35.9093
2,41.0118,56.1609,0.2756,29.7744,0.9917,1.3872,36.3052
2,40.9025,56.0068,0.2760,29.6970,1.0024,1.3861,35.7494
2,40.6361,56.0196,0.2774,29.7687,0.9906,1.3917,37.0162
2,40.7191,56.1309,0.2770,29.8747,0.9972,1.3900,35.2745
2,40.6531,55.8919,0.2772,29.8246,1.0043,1.3885,36.1620
2,41.0043,56.1324,0.2756,29.7385,1.0035,1.3845,36.3573
2,40.8078,56.2745,0.2767,29.7952,0.9997,1.3885,35.3075
2,40.8691,55.9473,0.2762,29.7690,1.0019,1.3866,35.7201
2,40.7732,56.1455,0.2768,29.7986,0.9905,1.3904,36.4527
2,40.8236,56.1133,0.2765,29.8764,1.0046,1.3865,36.3047
2,40.6710,56.2547,0.2773,29.7983,1.0018,1.3896,35.5716
2,40.6366,56.1640,0.2775,29.7379,0.9999,1.3904,35.4417
2,40.9693,56.1122,0.2758,29.8813,1.0056,1.3842,37.0513
2,40.7547,55.9087,0.2767,29.8526,0.9929,1.3898,36.1568
2,40.8811,56.0666,0.2762,29.6753,0.9997,1.3872,35.3864
2,40.9264,56.2297,0.2760,29.7950,0.9993,1.3870,35.4645
2,40.9715,55.9622,0.2757,29.6967,0.9938,1.3870,36.1993
2,40.8849,56.2916,0.2763,29.8655,1.0042,1.3860,36.4907
2,40.8383,55.9346,0.2763,29.7989,0.9999,1.3875,35.4996
2,40.7217,56.1063,0.2770,29.6854,0.9949,1.3902,35.7939
2,40.9819,56.1985,0.2757,29.8899,0.9956,1.3870,35.5718
2,40.7294,56.1604,0.2770,29.7615,0.9942,1.3904,35.7156
2,40.7011,56.0899,0.2771,29.7399,1.0040,1.3884,35.8293
2,40.7253,56.2693,0.2771,29.7063,0.9926,1.3908,36.1062
2,40.8224,56.2408,0.2766,29.8081,0.9993,1.3884,35.2687
2,40.6605,55.9658,0.2772,29.7167,0.9919,1.3911,36.8151
2,40.8541,56.2093,0.2764,29.8895,0.9952,1.3888,35.3464
2,40.8865,56.2813,0.2763,29.7458,0.9916,1.3890,36.1334
2,40.6295,56.1677,0.2775,29.7384,1.0057,1.3888,36.2987
2,40.6439,55.9811,0.2773,29.7472,0.9948,1.3909,36.0980
2,40.7786,55.9439,0.2766,29.8849,0.9988,1.3886,35.4093
2,40.9799,55.9609,0.2756,29.7239,0.9997,1.3857,35.7833
2,40.7746,56.1511,0.2768,29.7593,0.9975,1.3893,35.2592
2,40.7101,55.9784,0.2770,29.7718,0.9999,1.3892,35.4450
2,40.8997,56.0636,0.2761,29.6746,0.9963,1.3877,35.5760
2,40.8099,55.9608,0.2765,29.8638,0.9952,1.3889,35.5957
2,40.8690,55.8996,0.2761,29.8596,0.9991,1.3872,35.5665
2,40.7043,56.3128,0.2772,29.7530,0.9906,1.3914,36.5503
2,40.7563,56.2383,0.2769,29.7198,1.0053,1.3874,36.1859
2,40.9616,56.0336,0.2758,29.7326,0.9929,1.3874,36.1632
2,40.9467,55.9032,0.2758,29.8002,1.0050,1.3844,36.6502
2,40.6829,56.2515,0.2773,29.6970,0.9934,1.3912,36.0289
2,40.6973,56.1471,0.2771,29.6766,0.9955,1.3905,35.6961
2,40.9802,55.9779,0.2756,29.8548,0.9909,1.3874,36.5012
2,40.6593,56.2441,0.2774,29.8700,0.9983,1.3906,35.3675
2,40.9203,55.8519,0.2759,29.7014,0.9994,1.3863,35.7954
2,40.9015,55.8888,0.2760,29.7375,1.0047,1.3852,36.3403
2,40.6652,56.0208,0.2772,29.8015,1.0013,1.3895,35.5448
2,40.6839,55.9582,0.2771,29.6828,0.9920,1.3907,36.8393
2,40.7110,56.1964,0.2771,29.8159,0.9975,1.3901,35.2766
2,40.7543,55.9547,0.2768,29.8187,0.9928,1.3899,36.1518
2,40.9710,56.2705,0.2758,29.7757,0.9916,1.3879,36.1869
2,40.9353,55.8959,0.2758,29.8880,0.9933,1.3875,36.0471
2,40.8611,56.1251,0.2763,29.6698,0.9914,1.3890,36.4513
2,40.6723,56.3137,0.2774,29.6940,0.9908,1.3917,36.7086
2,40.8557,56.0167,0.2763,29.7188,1.0002,1.3874,35.4183
2,40.6621,56.2800,0.2774,29.7012,1.0019,1.3898,35.5357
2,40.6675,55.8978,0.2772,29.7271,0.9937,1.3906,36.4770
2,40.8512,55.9394,0.2763,29.7236,0.9946,1.3884,35.9269
2,40.8815,56.0964,0.2762,29.7115,1.0039,1.3861,35.9602
2,40.8782,55.9744,0.2761,29.8353,0.9932,1.3884,35.9418
2,40.7901,56.1624,0.2767,29.6796,0.9922,1.3899,36.2225
2,40.8528,56.2659,0.2764,29.7159,1.0056,1.3861,36.4288
2,40.6280,55.8947,0.2774,29.9015,1.0050,1.3885,36.4650
2,40.6392,56.2967,0.2775,29.8844,0.9975,1.3911,35.4510
2,40.8215,56.0285,0.2765,29.8076,0.9976,1.3884,35.3385
2,40.8632,55.9669,0.2762,29.7950,1.0042,1.3860,36.1544
2,40.7035,55.9206,0.2770,29.8312,1.0041,1.3880,36.0407
2,40.8628,56.0602,0.2763,29.7047,0.9928,1.3887,36.1182
2,40.9401,56.1781,0.2759,29.7468,0.9903,1.3883,36.5386
2,40.7069,56.0692,0.2771,29.7023,1.0039,1.3883,35.7533
2,40.6607,56.2925,0.2774,29.7720,0.9987,1.3906,35.3920
2,40.7595,56.2018,0.2769,29.8295,1.0005,1.3888,35.3492
2,40.7566,56.1655,0.2769,29.7226,1.0036,1.3879,35.7376
2,40.8816,56.1950,0.2762,29.8616,0.9988,1.3876,35.3423
2,40.9421,55.8619,0.2758,29.8584,0.9952,1.3870,35.9110
2,40.6936,56.3045,0.2773,29.8633,0.9923,1.3914,35.9417
2,40.6451,56.1169,0.2774,29.8093,0.9946,1.3913,35.8150
2,40.6026,55.9726,0.2775,29.7712,0.9908,1.3919,37.1666
2,40.7168,55.9236,0.2769,29.8677,1.0012,1.3887,35.5998
2,40.6118,56.0558,0.2775,29.7006,1.0000,1.3905,35.5935
2,40.7079,56.0782,0.2771,29.7922,0.9912,1.3909,36.4862
2,40.7282,55.8736,0.2768,29.8784,1.0019,1.3882,35.7676
2,40.7255,55.9214,0.2769,29.6838,1.0047,1.3876,36.0010
2,40.7962,56.2065,0.2767,29.7528,0.9947,1.3896,35.5442
2,40.8503,55.9129,0.2762,29.8647,0.9998,1.3873,35.5551
2,40.7151,55.9562,0.2769,29.6983,0.9951,1.3900,35.9832
2,40.8292,55.9522,0.2764,29.8841,0.9973,1.3883,35.4220
2,40.8869,56.1419,0.2762,29.7379,1.0058,1.3854,36.5105
2,40.9171,56.2642,0.2761,29.8610,0.9921,1.3886,35.8766
2,40.6658,55.9041,0.2772,29.6791,1.0015,1.3892,35.7098
2,40.7600,56.1859,0.2769,29.8959,0.9970,1.3896,35.2189
2,40.8990,56.2553,0.2762,29.8922,1.0030,1.3862,36.2018
2,40.8720,55.8854,0.2761,29.8182,0.9997,1.3870,35.6258
2,40.6910,56.0904,0.2771,29.9037,1.0033,1.3886,35.9054
2,40.7653,56.2844,0.2769,29.6674,0.9938,1.3902,35.8461
2,40.9865,56.0287,0.2756,29.7453,0.9977,1.3862,35.6644
2,40.8303,55.8989,0.2763,29.7223,0.9906,1.3890,37.0080
2,40.8940,55.9398,0.2760,29.7939,0.9953,1.3878,35.7490
2,40.9357,55.9499,0.2758,29.6934,0.9978,1.3867,35.6667
2,40.7594,56.2131,0.2769,29.8550,0.9932,1.3903,35.6895
2,40.9131,56.2627,0.2761,29.7723,0.9974,1.3876,35.3709
2,40.6143,56.0940,0.2775,29.8585,0.9959,1.3914,35.6707
2,40.7856,56.2579,0.2768,29.6727,0.9930,1.3900,35.9939
2,40.8227,56.0876,0.2765,29.7209,0.9957,1.3889,35.5340
2,40.9085,56.0596,0.2760,29.7430,1.0030,1.3859,35.8957
2,40.8303,56.2783,0.2766,29.8833,1.0024,1.3874,35.8969
2,40.8713,56.0540,0.2762,29.8110,1.0027,1.3865,35.8321
2,40.7142,56.1730,0.2771,29.7744,1.0032,1.3886,35.7060
2,40.7769,55.9553,0.2766,29.7054,1.0007,1.3882,35.4647
2,40.6164,56.0400,0.2775,29.8490,0.9993,1.3906,35.5503
2,40.8537,56.1384,0.2764,29.6745,1.0048,1.3863,36.0420
2,40.7080,55.9222,0.2770,29.6793,0.9989,1.3893,35.6239
2,40.6551,56.1129,0.2773,29.8353,0.9981,1.3905,35.3981
2,40.6363,56.1515,0.2775,29.6944,1.0055,1.3888,36.1654
2,40.9935,56.2407,0.2757,29.7497,0.9930,1.3873,36.0126
2,40.8372,55.9801,0.2763,29.7980,1.0018,1.3871,35.6255
2,40.8614,56.2662,0.2764,29.8984,0.9900,1.3896,36.2385
2,40.7756,56.2552,0.2768,29.7995,0.9948,1.3899,35.4743
2,40.6007,55.9508,0.2775,29.8381,0.9961,1.3912,35.9455
2,40.9366,56.1888,0.2760,29.8623,1.0038,1.3853,36.4140
2,40.7646,55.9935,0.2767,29.7557,0.9953,1.3895,35.7003
2,40.6165,56.0329,0.2775,29.7994,0.9966,1.3911,35.7270
2,40.6177,56.1150,0.2775,29.7306,0.9961,1.3913,35.7967
2,40.7607,56.0128,0.2768,29.7608,0.9941,1.3897,35.8754
2,40.6674,56.2927,0.2774,29.6816,1.0048,1.3888,36.0525
2,40.9551,56.1877,0.2759,29.7630,0.9925,1.3878,36.0140
2,40.8683,56.2472,0.2763,29.7270,0.9996,1.3877,35.3232
2,40.7326,56.2592,0.2770,29.7523,1.0002,1.3893,35.3085
2,40.6260,56.0013,0.2774,29.7115,0.9952,1.3911,36.1120
2,40.9245,55.9733,0.2759,29.7553,0.9971,1.3871,35.5924
2,40.7105,55.9481,0.2770,29.6897,1.0013,1.3888,35.5538
2,40.9116,56.1354,0.2761,29.7131,1.0001,1.3868,35.4459
2,40.8670,56.1596,0.2763,29.6859,1.0059,1.3857,36.3843
2,40.6420,56.2813,0.2775,29.7677,1.0007,1.3903,35.5042
2,40.9954,56.0211,0.2756,29.7166,1.0049,1.3840,36.6139
2,40.6954,55.9602,0.2771,29.8749,0.9981,1.3898,35.4641
2,40.9000,56.2813,0.2762,29.7366,0.9971,1.3879,35.3687
2,40.9129,55.8519,0.2759,29.7514,0.9958,1.3872,35.9497
2,40.9706,56.1010,0.2757,29.6778,0.9974,1.3866,35.5881
2,40.7019,56.0959,0.2771,29.8146,1.0050,1.3880,36.1826
2,40.6138,55.9352,0.2774,29.6792,0.9965,1.3909,36.1271
2,40.8630,56.1912,0.2763,29.8651,1.0046,1.3861,36.4021
2,40.7537,56.2043,0.2769,29.7042,0.9989,1.3893,35.2292
2,40.8840,55.8767,0.2761,29.8314,0.9957,1.3877,35.7793
2,40.9301,55.8556,0.2758,29.6654,0.9960,1.3869,36.0534
2,40.7650,55.9196,0.2767,29.8715,0.9980,1.3889,35.4652
2,40.9427,56.2011,0.2759,29.8020,1.0050,1.3849,36.6304
2,40.6254,55.9854,0.2774,29.7011,0.9933,1.3913,36.5676
2,40.7803,56.0908,0.2767,29.7915,0.9912,1.3901,36.3270
2,40.9514,56.1808,0.2759,29.7201,0.9993,1.3866,35.4986
2,40.7799,56.0210,0.2767,29.8254,0.9953,1.3894,35.5452
2,40.8075,56.2499,0.2767,29.6679,0.9929,1.3897,36.0029
2,40.8900,56.0918,0.2761,29.6915,0.9919,1.3885,36.3313
2,40.8624,56.0725,0.2763,29.7035,0.9922,1.3888,36.2425
2,40.7792,56.0672,0.2767,29.7402,1.0024,1.3878,35.5481
2,40.9415,55.9133,0.2758,29.8915,0.9935,1.3874,35.9786
2,40.7751,55.9181,0.2766,29.7317,0.9976,1.3888,35.5966
2,40.7664,56.2367,0.2768,29.8109,0.9998,1.3889,35.2841
2,40.8781,56.1313,0.2762,29.7135,0.9956,1.3882,35.5208
2,40.6690,56.1937,0.2773,29.8749,0.9971,1.3907,35.3565
2,40.8003,56.0883,0.2766,29.7840,1.0004,1.3881,35.3310
2,40.7507,56.1248,0.2769,29.8879,1.0053,1.3872,36.4390
2,40.6603,55.9578,0.2772,29.8059,1.0037,1.3887,35.9464
2,40.8230,55.8694,0.2764,29.7570,0.9911,1.3890,36.8731
2,40.9677,56.2517,0.2758,29.8181,1.0017,1.3857,36.0129
2,40.6387,56.0563,0.2774,29.6733,0.9956,1.3910,35.9752
2,40.9495,56.0600,0.2758,29.7649,1.0001,1.3862,35.6286
2,40.8454,56.2028,0.2764,29.6879,0.9973,1.3885,35.3104
2,40.6190,55.9974,0.2775,29.6901,1.0008,1.3901,35.6547
2,40.6738,56.0504,0.2772,29.9025,0.9990,1.3900,35.3897
2,40.6077,56.0350,0.2775,29.8699,0.9939,1.3917,36.0602
2,40.8181,56.0996,0.2765,29.9038,1.0019,1.3875,35.6853
2,40.8205,56.2110,0.2766,29.7838,1.0047,1.3867,36.2084
2,40.8305,56.2413,0.2765,29.8536,0.9940,1.3894,35.5131
2,40.9469,55.8997,0.2757,29.7639,0.9903,1.3876,36.9631
2,40.7598,56.2936,0.2769,29.7347,1.0005,1.3889,35.3422
2,40.7045,56.0237,0.2770,29.8644,1.0001,1.3893,35.4086
2,40.8567,56.0109,0.2763,29.7804,0.9969,1.3881,35.4395
2,40.8439,55.9613,0.2763,29.8555,0.9989,1.3877,35.4261
2,40.9629,55.9341,0.2757,29.6891,1.0041,1.3846,36.3115
2,40.7625,56.0517,0.2768,29.7095,0.9996,1.3888,35.3138
2,40.8004,55.9347,0.2765,29.8060,0.9941,1.3891,35.9067
2,40.7167,56.0284,0.2770,29.7396,1.0050,1.3878,36.0424
2,40.6759,56.2326,0.2773,29.7094,0.9964,1.3908,35.5221
2,40.8853,56.1546,0.2762,29.7133,1.0019,1.3867,35.5899
2,40.6588,56.1497,0.2773,29.6887,0.9951,1.3910,35.8560
2,40.6344,56.1039,0.2774,29.8239,0.9915,1.3918,36.5041
2,40.9761,55.9141,0.2756,29.7365,0.9945,1.3867,36.1073
2,40.7007,56.1051,0.2771,29.6898,0.9911,1.3910,36.7342
2,40.9577,56.1415,0.2758,29.8846,1.0055,1.3844,36.9993
2,40.6342,56.2938,0.2775,29.6694,0.9985,1.3909,35.5058
2,40.7117,55.8935,0.2769,29.7548,1.0022,1.3884,35.7152
2,40.9462,55.8989,0.2758,29.7708,1.0044,1.3847,36.4716
2,40.9282,55.8997,0.2758,29.8932,0.9945,1.3874,35.8550
2,40.8828,56.0970,0.2762,29.7056,0.9990,1.3874,35.3453
2,40.7437,55.9934,0.2768,29.8608,0.9994,1.3889,35.3676
2,40.6799,56.0483,0.2772,29.8405,1.0020,1.3891,35.6106
2,40.6851,55.9313,0.2771,29.7592,0.9962,1.3901,35.8256
2,40.8440,56.0459,0.2764,29.7149,0.9924,1.3890,36.2232
2,40.9045,56.1015,0.2761,29.6899,0.9940,1.3881,35.8646
2,40.8932,55.8638,0.2760,29.7170,0.9923,1.3880,36.6255
2,40.7483,56.0151,0.2768,29.8676,1.0001,1.3888,35.3792
2,40.7635,55.9254,0.2767,29.7902,0.9983,1.3888,35.4944
2,40.6826,56.0113,0.2771,29.8589,0.9980,1.3900,35.4248
2,40.9163,56.2575,0.2761,29.8247,0.9926,1.3885,35.8324
2,40.7561,55.9486,0.2767,29.6687,1.0021,1.3880,35.5701
2,40.8725,55.9741,0.2762,29.8456,0.9934,1.3884,35.8788
2,40.6214,56.0944,0.2775,29.7569,1.0020,1.3899,35.6389
2,40.6497,56.0435,0.2773,29.7337,0.9904,1.3915,37.0940
2,40.7418,56.1778,0.2769,29.7480,1.0042,1.3879,35.8881
2,40.9281,56.1894,0.2760,29.8054,0.9978,1.3873,35.3911
2,40.7026,56.2311,0.2772,29.7543,1.0045,1.3884,36.0264
2,40.6944,56.0290,0.2771,29.6880,0.9982,1.3898,35.5005
2,40.9158,56.1730,0.2761,29.7298,1.0037,1.3858,36.0429
2,40.7506,55.8752,0.2767,29.7048,1.0028,1.3878,35.7783
2,40.7580,55.9443,0.2767,29.7860,1.0034,1.3876,35.8412
2,40.7361,56.2456,0.2770,29.7653,1.0020,1.3888,35.5145
2,40.8361,56.2855,0.2765,29.6798,0.9971,1.3887,35.3274
2,40.9278,55.9887,0.2759,29.7426,1.0046,1.3850,36.3273
2,40.9200,55.9734,0.2759,29.7049,1.0051,1.3850,36.3694
2,40.6988,55.9891,0.2771,29.8923,1.0006,1.3892,35.4952
2,40.8301,56.2214,0.2765,29.8085,0.9910,1.3898,36.1693
2,40.8023,55.9996,0.2765,29.7235,0.9913,1.3895,36.6193
2,40.7111,56.2845,0.2772,29.6693,1.0019,1.3892,35.4550
2,40.7312,55.9519,0.2769,29.8679,0.9906,1.3905,36.6483
2,40.9850,56.2692,0.2758,29.8107,1.0041,1.3847,36.6597
2,40.7076,55.9143,0.2770,29.7089,1.0046,1.3878,36.0195
2,40.8512,56.0877,0.2763,29.8942,1.0029,1.3867,35.9417
2,40.7451,56.1410,0.2769,29.7398,0.9968,1.3897,35.3625
2,40.6962,56.2515,0.2772,29.7134,0.9990,1.3900,35.3044
2,40.6880,56.0042,0.2771,29.8097,0.9919,1.3909,36.4430
2,40.8551,56.1346,0.2763,29.7723,0.9991,1.3878,35.2831
2,40.7557,56.1747,0.2769,29.8778,0.9994,1.3891,35.2708
2,40.6833,55.9532,0.2771,29.9049,1.0042,1.3882,36.1527
2,40.6992,56.0539,0.2771,29.8513,1.0020,1.3889,35.6007
2,40.8770,55.8654,0.2761,29.7823,1.0021,1.3862,35.9008
2,40.6963,56.1069,0.2771,29.7577,1.0055,1.3880,36.2111
2,40.8703,56.0247,0.2762,29.7066,0.9953,1.3882,35.6987
2,40.9641,55.8948,0.2757,29.8138,1.0029,1.3848,36.2800
2,40.8170,56.2061,0.2766,29.6938,0.9909,1.3898,36.4650
2,40.6405,56.0743,0.2774,29.7961,1.0048,1.3888,36.1510
2,40.9511,56.2377,0.2759,29.7718,0.9994,1.3866,35.5469
2,40.9447,56.2645,0.2760,29.8689,1.0028,1.3857,36.2555
2,40.8928,55.9265,0.2760,29.8164,0.9968,1.3875,35.5975
2,40.6246,55.9485,0.2774,29.8761,0.9976,1.3907,35.6807
2,40.6950,56.1006,0.2771,29.8140,0.9925,1.3910,36.1035
2,40.7350,56.1477,0.2770,29.8569,0.9938,1.3904,35.6463
2,40.6524,56.1593,0.2774,29.8141,1.0025,1.3895,35.6831
2,40.7816,56.0648,0.2767,29.7551,1.0005,1.3883,35.3314
2,40.9078,56.1178,0.2761,29.6739,0.9932,1.3882,36.0384
2,40.8528,56.1551,0.2764,29.7895,0.9928,1.3891,35.8437
2,40.8045,56.1542,0.2766,29.7014,1.0022,1.3877,35.4699
2,40.7497,56.2635,0.2769,29.7507,1.0030,1.3883,35.7109
2,40.6764,55.8845,0.2771,29.7447,0.9921,1.3907,36.8336
2,40.9693,56.2341,0.2758,29.8921,0.9909,1.3880,36.1481
2,40.6101,56.0928,0.2776,29.8585,0.9952,1.3916,35.8006
2,40.6846,56.2081,0.2772,29.8881,0.9916,1.3915,36.0858
2,40.9358,56.1294,0.2759,29.8614,0.9909,1.3883,36.2220
2,40.9565,56.1834,0.2759,29.7030,0.9955,1.3873,35.6329
2,40.8341,55.8829,0.2763,29.8362,0.9992,1.3876,35.5585
2,40.7853,56.0733,0.2767,29.7068,1.0033,1.3875,35.6594
2,40.7384,56.0474,0.2769,29.8341,0.9990,1.3892,35.3047
2,40.7473,56.0111,0.2768,29.8123,0.9977,1.3893,35.3680
2,40.9517,55.9915,0.2758,29.7714,0.9948,1.3872,35.8336
2,40.9399,56.0407,0.2759,29.7161,0.9982,1.3867,35.5188
2,40.7353,56.0809,0.2769,29.8353,0.9904,1.3907,36.5418
2,40.9536,55.9107,0.2757,29.8906,1.0039,1.3847,36.5530
2,40.8266,56.1285,0.2765,29.8989,0.9963,1.3889,35.2693
2,40.6778,55.9662,0.2771,29.8389,0.9939,1.3907,36.0212
2,40.8188,55.9777,0.2764,29.7450,0.9986,1.3881,35.4094
2,40.8181,56.2555,0.2766,29.8491,0.9942,1.3895,35.4949
2,40.6703,55.8829,0.2771,29.7859,1.0009,1.3892,35.6995
2,40.7221,56.2303,0.2771,29.8163,0.9996,1.3895,35.2929
2,40.6455,56.2628,0.2775,29.8351,0.9962,1.3912,35.5069
2,40.8328,56.1661,0.2765,29.8513,0.9908,1.3897,36.1757
2,40.7600,56.2166,0.2769,29.8148,1.0011,1.3886,35.4286
2,40.9069,56.0815,0.2761,29.9012,1.0011,1.3865,35.7324
2,40.8696,55.9000,0.2761,29.7998,0.9900,1.3887,36.9565
2,40.7470,56.0397,0.2768,29.7219,0.9986,1.3892,35.3493
2,40.6779,55.9728,0.2771,29.8277,1.0017,1.3891,35.6149
2,40.8892,55.9506,0.2761,29.8919,1.0032,1.3859,36.1391
2,40.9083,55.9835,0.2760,29.7529,0.9972,1.3873,35.5422
2,40.9630,56.0199,0.2757,29.7217,0.9980,1.3864,35.6077
2,40.8590,55.8963,0.2762,29.7203,1.0026,1.3864,35.8301
2,40.8465,56.2217,0.2764,29.8185,1.0044,1.3865,36.2401
2,40.6368,56.0690,0.2774,29.8084,0.9965,1.3910,35.6157
2,40.6505,56.1434,0.2774,29.8407,0.9977,1.3907,35.4073
2,40.8462,56.0527,0.2763,29.7318,0.9916,1.3891,36.3535
2,40.8977,55.9987,0.2761,29.8826,0.9937,1.3881,35.7644
2,40.7639,55.9069,0.2767,29.7127,1.0040,1.3873,35.9176
2,40.6860,56.0571,0.2772,29.8409,0.9997,1.3897,35.3831
2,40.8779,56.0927,0.2762,29.7323,1.0035,1.3862,35.8947
2,40.7728,56.1017,0.2767,29.7911,1.0020,1.3881,35.5224
2,40.9953,56.2455,0.2757,29.8710,1.0045,1.3843,36.9288
2,40.7611,56.0476,0.2768,29.8848,0.9928,1.3901,35.8681
2,40.9554,56.2478,0.2759,29.8225,1.0019,1.3858,35.9933
2,40.8032,56.0366,0.2766,29.8038,0.9957,1.3891,35.4900
2,40.8196,56.0747,0.2765,29.7813,1.0056,1.3863,36.3696
2,40.6290,55.8857,0.2773,29.7093,1.0032,1.3891,35.9502
2,40.7298,56.1241,0.2770,29.8057,0.9995,1.3893,35.2721
2,40.7642,56.0109,0.2767,29.7236,0.9960,1.3894,35.6160
2,40.9276,55.9371,0.2759,29.7122,1.0049,1.3849,36.3848
2,40.7518,56.0092,0.2768,29.6952,1.0009,1.3885,35.4051
2,40.7188,55.9076,0.2769,29.7710,0.9911,1.3904,36.8838
2,40.6092,56.0140,0.2775,29.7835,1.0011,1.3902,35.6693
2,40.7972,56.2264,0.2767,29.8855,0.9961,1.3894,35.2595
2,40.8991,56.0721,0.2761,29.6894,0.9949,1.3880,35.7467
2,40.7787,56.2019,0.2768,29.6853,0.9900,1.3903,36.8044
2,40.8623,56.0631,0.2763,29.8665,0.9910,1.3891,36.1995
2,40.9950,56.1994,0.2757,29.7641,1.0008,1.3855,35.8702
2,40.9545,56.0088,0.2758,29.6661,0.9983,1.3864,35.6171
2,40.9802,55.9712,0.2756,29.6855,1.0013,1.3853,35.8958
2,40.6582,55.8956,0.2772,29.7572,0.9949,1.3906,36.2016
2,40.8437,55.9832,0.2763,29.7877,0.9996,1.3876,35.4212
2,40.7778,56.2231,0.2768,29.6900,0.9991,1.3890,35.2180
2,40.7077,56.0646,0.2770,29.7060,0.9959,1.3902,35.6625
2,40.8359,56.2225,0.2765,29.6951,0.9987,1.3883,35.2405
2,40.8196,56.1591,0.2765,29.7113,0.9992,1.3883,35.2357
2,40.7956,56.0300,0.2766,29.9032,1.0005,1.3881,35.4454
2,40.7651,55.9774,0.2767,29.8901,0.9961,1.3894,35.4643
2,40.9793,56.2776,0.2758,29.8554,0.9899,1.3881,36.4376
2,40.7669,56.0251,0.2767,29.6703,0.9991,1.3888,35.3742
2,40.7941,55.9331,0.2765,29.6887,1.0056,1.3865,36.2193
2,40.7585,56.1854,0.2769,29.6724,1.0037,1.3879,35.6779
2,40.6432,56.0403,0.2774,29.8816,0.9913,1.3917,36.4956
2,40.9409,56.1230,0.2759,29.6950,0.9998,1.3865,35.5013
2,40.8957,56.0132,0.2761,29.7902,0.9946,1.3880,35.7247
2,40.7275,55.9831,0.2769,29.6959,0.9906,1.3904,37.0339
2,40.7013,56.2984,0.2772,29.6897,1.0004,1.3897,35.3535
2,40.7127,56.0948,0.2770,29.7750,0.9902,1.3910,36.7714
2,40.8334,56.1395,0.2765,29.7630,0.9985,1.3883,35.2451
2,40.6730,55.9774,0.2772,29.7753,1.0008,1.3894,35.5362
2,40.8239,56.1890,0.2765,29.7097,1.0025,1.3874,35.5742
2,40.9332,56.2472,0.2760,29.8120,1.0046,1.3852,36.5602
2,40.7790,56.1051,0.2767,29.6992,1.0046,1.3872,35.9270
2,40.7673,55.9676,0.2767,29.8299,0.9952,1.3895,35.6445
2,40.6003,55.9424,0.2775,29.7022,0.9912,1.3917,37.3473
2,40.9534,56.0827,0.2758,29.8816,0.9978,1.3867,35.5075
2,40.9801,56.2052,0.2758,29.7466,1.0012,1.3857,35.8429
2,40.8587,56.2905,0.2764,29.7771,0.9954,1.3888,35.4260
2,40.9798,56.0667,0.2757,29.7938,0.9953,1.3869,35.7075
2,40.6331,56.1205,0.2775,29.7306,0.9952,1.3913,35.8705
2,40.6392,55.8980,0.2773,29.8868,0.9915,1.3914,36.7323
2,40.6374,56.1767,0.2775,29.7095,0.9983,1.3908,35.4810
2,40.7830,56.0396,0.2767,29.9015,0.9975,1.3890,35.2847
2,40.6984,56.1750,0.2772,29.8412,0.9943,1.3908,35.6294
2,40.6369,56.0884,0.2774,29.7701,1.0023,1.3897,35.6465
2,40.7480,55.9144,0.2768,29.8268,1.0032,1.3877,35.8680
2,40.7630,56.3045,0.2769,29.8905,0.9952,1.3901,35.3672
2,40.6125,55.8927,0.2774,29.8786,1.0017,1.3897,35.8843
2,40.7556,56.0732,0.2768,29.7380,1.0049,1.3874,36.0297
2,40.8502,56.2614,0.2764,29.8336,1.0031,1.3869,35.9943
2,40.7890,55.8726,0.2765,29.8388,0.9955,1.3889,35.7774
2,40.6649,56.0284,0.2772,29.9028,0.9941,1.3910,35.8092
2,40.6527,55.9143,0.2772,29.7546,0.9943,1.3908,36.2931
2,40.9929,56.1779,0.2757,29.7421,1.0018,1.3852,35.9895
2,40.6120,56.0795,0.2775,29.6920,0.9901,1.3920,37.3795
2,40.7259,56.2640,0.2771,29.8902,0.9958,1.3904,35.3382
2,40.7131,56.2802,0.2771,29.8215,0.9966,1.3904,35.3436
2,40.7222,56.0043,0.2769,29.7097,1.0000,1.3891,35.4114
2,40.6665,56.0711,0.2773,29.8133,0.9935,1.3911,36.0021
2,40.7415,56.1919,0.2769,29.8312,0.9954,1.3902,35.4085
2,40.9184,55.8517,0.2759,29.7914,0.9900,1.3880,37.1086
2,40.8535,56.1964,0.2764,29.7655,0.9967,1.3885,35.3104
2,40.7488,56.0609,0.2768,29.8136,1.0001,1.3888,35.3231
2,40.8375,56.1519,0.2764,29.7181,0.9931,1.3892,35.9105
2,40.8292,56.2843,0.2766,29.6757,0.9963,1.3890,35.4028
2,40.6695,55.9126,0.2772,29.6688,1.0037,1.3886,35.8781
2,40.6177,56.0804,0.2775,29.8781,0.9968,1.3912,35.5665
2,40.9011,56.1438,0.2761,29.7582,0.9966,1.3878,35.3935
2,40.6573,56.0099,0.2773,29.8373,1.0032,1.3890,35.8501
2,40.7901,55.9068,0.2765,29.7151,0.9976,1.3885,35.6277
2,40.6738,56.0306,0.2772,29.8337,0.9935,1.3910,36.0172
2,40.6541,56.0380,0.2773,29.8914,1.0009,1.3897,35.5585
2,40.9581,56.1696,0.2758,29.8429,0.9949,1.3874,35.5773
2,40.9949,56.2575,0.2757,29.7308,0.9936,1.3872,35.9410
2,40.8006,56.0342,0.2766,29.8049,0.9954,1.3891,35.5280
2,40.5955,55.9086,0.2775,29.6947,1.0021,1.3899,35.9111
2,40.8947,56.1213,0.2761,29.6956,1.0004,1.3870,35.4247
2,40.8720,56.2525,0.2763,29.8916,0.9903,1.3894,36.1655
2,40.6604,56.1609,0.2773,29.8200,0.9972,1.3907,35.4127
2,40.7820,56.0937,0.2767,29.7313,0.9904,1.3901,36.7122
2,40.6352,55.9977,0.2774,29.7136,0.9961,1.3908,35.9242
2,40.7146,56.1375,0.2771,29.7987,0.9918,1.3909,36.2130
2,40.8531,55.9887,0.2763,29.8071,1.0055,1.3857,36.4792
2,40.6515,55.9738,0.2773,29.8390,0.9994,1.3900,35.5373
2,40.6466,56.1228,0.2774,29.8425,1.0016,1.3898,35.5824
2,40.8536,56.1557,0.2764,29.7505,0.9999,1.3877,35.3139
2,40.6510,56.3187,0.2775,29.7338,0.9984,1.3908,35.4466
2,41.0047,56.2632,0.2757,29.6798,0.9905,1.3875,36.6835
2,40.7585,56.2067,0.2769,29.8474,1.0002,1.3889,35.3378
2,40.6519,56.0653,0.2773,29.6952,0.9955,1.3909,35.8927
2,40.8970,56.1362,0.2761,29.8106,0.9968,1.3878,35.3541
2,40.9415,56.1829,0.2759,29.8063,0.9929,1.3880,35.8734
2,40.6677,56.0630,0.2772,29.7170,1.0027,1.3892,35.6171
2,40.6174,56.1328,0.2775,29.7288,0.9952,1.3915,35.9300
2,40.9887,56.0367,0.2756,29.7678,0.9932,1.3870,36.0938
2,40.9795,56.0835,0.2757,29.8454,0.9924,1.3874,36.0390
2,40.6668,56.1035,0.2773,29.6753,0.9953,1.3908,35.8726
2,40.8051,56.0631,0.2766,29.8393,0.9974,1.3888,35.2891
2,40.9627,56.0053,0.2757,29.7336,0.9900,1.3877,36.9142
2,40.7962,55.9176,0.2765,29.7751,1.0003,1.3879,35.5133
2,40.8411,56.0230,0.2764,29.7591,0.9961,1.3885,35.5201
2,40.6232,56.0044,0.2774,29.7123,0.9984,1.3906,35.6857
2,40.8837,56.0867,0.2762,29.8985,0.9971,1.3879,35.3297
2,40.6139,56.1311,0.2776,29.8823,0.9978,1.3911,35.5012
2,40.5923,55.9318,0.2776,29.8756,0.9910,1.3920,36.9761
2,40.8328,55.8790,0.2763,29.7948,0.9947,1.3885,35.9271
2,40.6465,56.2093,0.2774,29.7181,1.0056,1.3887,36.2415
2,40.7118,56.0423,0.2770,29.6995,1.0013,1.3890,35.4240
2,40.6434,56.1969,0.2774,29.7292,0.9964,1.3911,35.6024
2,40.6336,56.0878,0.2774,29.6727,0.9958,1.3911,35.9031
2,40.9259,56.1766,0.2760,29.7786,1.0009,1.3865,35.6215
2,41.0060,56.1411,0.2756,29.7048,0.9950,1.3866,35.8348
2,40.9698,55.9615,0.2757,29.7770,0.9935,1.3871,36.1165
2,40.9095,56.2051,0.2761,29.6944,0.9969,1.3877,35.4129
2,40.7933,56.3015,0.2768,29.8751,0.9975,1.3893,35.2496
2,41.0024,56.2034,0.2756,29.6765,0.9941,1.3869,35.9622
2,40.6769,55.9706,0.2772,29.7455,0.9984,1.3899,35.5679
2,40.6073,55.9630,0.2775,29.8962,1.0043,1.3891,36.2646
2,40.9733,56.2401,0.2758,29.7026,0.9924,1.3877,36.1506
2,40.7346,56.0670,0.2769,29.7550,1.0018,1.3886,35.4643
2,40.8899,55.8584,0.2760,29.8222,0.9937,1.3879,36.1228
2,40.5861,55.8957,0.2776,29.7151,1.0033,1.3896,36.0588
2,40.6707,56.2839,0.2774,29.8558,0.9921,1.3917,36.0404
2,40.7319,56.2372,0.2770,29.8586,1.0000,1.3893,35.3446
2,40.6561,56.1311,0.2773,29.8912,1.0019,1.3896,35.6571
2,40.8123,56.1689,0.2766,29.6764,0.9934,1.3895,35.9275
2,40.9315,55.8605,0.2758,29.7650,0.9919,1.3876,36.6459
2,40.7172,56.1952,0.2771,29.8216,0.9965,1.3902,35.3334
2,40.8942,56.0993,0.2761,29.8538,0.9943,1.3883,35.5876
2,40.8033,56.1502,0.2766,29.6926,0.9961,1.3891,35.4510
2,40.6440,55.9130,0.2773,29.7199,0.9913,1.3912,37.1541
2,40.7338,55.9456,0.2768,29.8149,0.9997,1.3889,35.4546
2,40.9407,56.2495,0.2760,29.8030,0.9944,1.3879,35.6216
2,40.9999,56.2002,0.2757,29.8125,0.9911,1.3875,36.3025
2,40.7332,56.1144,0.2769,29.8198,0.9928,1.3905,35.9229
2,41.0019,56.2373,0.2757,29.8647,0.9923,1.3874,35.9982
2,40.6227,55.9196,0.2774,29.6835,0.9919,1.3913,37.1403
2,40.7193,56.2180,0.2771,29.7076,1.0034,1.3885,35.6914
2,40.7725,56.1038,0.2767,29.7086,0.9962,1.3894,35.4763
2,40.8657,55.9276,0.2762,29.7748,1.0029,1.3863,35.8971
2,40.7118,56.0904,0.2770,29.7903,0.9938,1.3906,35.8499
2,40.9256,56.0777,0.2760,29.7792,1.0030,1.3857,35.9980
2,40.8255,55.9203,0.2764,29.8618,0.9996,1.3877,35.4980
2,40.7641,56.0346,0.2767,29.7897,1.0025,1.3879,35.6237
2,40.8728,56.0156,0.2762,29.7649,1.0021,1.3866,35.6828
2,40.9900,56.1625,0.2757,29.6741,0.9915,1.3874,36.4854
2,40.9190,56.0392,0.2760,29.9048,0.9916,1.3883,36.0741
2,40.6844,56.2060,0.2772,29.7253,0.9955,1.3908,35.6083
2,40.8999,56.1465,0.2761,29.8708,1.0049,1.3854,36.5694
2,40.9301,56.0809,0.2759,29.6786,0.9997,1.3866,35.4870
2,40.6721,56.0806,0.2772,29.7180,0.9918,1.3912,36.5877
2,40.8033,55.9923,0.2765,29.8904,0.9929,1.3895,35.8839
2,40.7914,56.0975,0.2766,29.7581,1.0011,1.3881,35.3755
2,40.8721,56.1385,0.2763,29.7497,0.9913,1.3890,36.2815
2,40.8878,55.9848,0.2761,29.8782,0.9930,1.3884,35.8935
2,40.7226,55.8768,0.2769,29.8262,0.9977,1.3893,35.6460
2,40.7967,56.2813,0.2767,29.7311,0.9962,1.3894,35.3673
2,40.7839,56.2583,0.2768,29.8898,0.9979,1.3892,35.2239
2,40.6760,56.0044,0.2772,29.7534,1.0044,1.3884,35.9684
2,40.8220,55.9334,0.2764,29.8536,1.0025,1.3870,35.8172
2,40.7824,55.9206,0.2766,29.7539,0.9997,1.3882,35.4914
2,40.9061,55.9462,0.2760,29.7392,1.0039,1.3855,36.1281
2,40.9484,56.2658,0.2760,29.8520,0.9998,1.3865,35.6800
2,40.8046,56.3011,0.2767,29.8643,0.9949,1.3896,35.4008
2,40.7928,55.9018,0.2765,29.8062,0.9904,1.3896,36.8946
2,40.6829,56.0268,0.2772,29.7838,1.0057,1.3879,36.3065
2,40.6035,55.9752,0.2775,29.7203,0.9970,1.3910,35.9331
2,40.9526,56.0146,0.2758,29.7997,0.9926,1.3876,36.1106
2,40.9277,56.2839,0.2761,29.7528,0.9969,1.3876,35.4311
2,40.7389,56.0242,0.2769,29.8184,1.0020,1.3884,35.5683
2,40.8410,56.1352,0.2764,29.8648,0.9974,1.3884,35.2460
2,40.6379,56.3190,0.2775,29.7451,0.9917,1.3920,36.4574
2,40.8117,56.2545,0.2766,29.7567,0.9994,1.3885,35.2491
2,40.8795,55.9321,0.2761,29.7091,0.9931,1.3882,36.2930
2,40.9170,56.0082,0.2760,29.8443,0.9937,1.3879,35.8246
2,40.9333,56.1985,0.2760,29.7650,1.0051,1.3850,36.5624
2,40.9997,56.1305,0.2756,29.6910,0.9951,1.3867,35.8256
2,40.8579,55.9421,0.2762,29.8259,0.9991,1.3875,35.4812
2,40.7768,56.1411,0.2767,29.9001,1.0030,1.3877,35.8687
2,40.9677,56.0460,0.2757,29.8200,0.9970,1.3867,35.5802
2,40.6810,55.9406,0.2771,29.7549,1.0025,1.3888,35.7121
2,40.8561,55.9541,0.2762,29.7500,1.0016,1.3869,35.6403
2,40.8912,56.2357,0.2762,29.7539,0.9908,1.3890,36.3382
2,40.7496,55.9989,0.2768,29.6990,1.0044,1.3875,35.8971
2,40.9977,56.1531,0.2756,29.8521,1.0020,1.3850,36.1930
2,40.8725,55.9194,0.2761,29.7958,0.9943,1.3881,35.9101
2,40.7940,56.1977,0.2767,29.7409,0.9905,1.3901,36.5106
2,40.7250,56.0211,0.2769,29.8995,1.0051,1.3875,36.3504
2,40.9037,56.0993,0.2761,29.7476,0.9967,1.3877,35.4282
2,40.9668,55.8692,0.2756,29.8513,0.9930,1.3870,36.2697
2,40.6886,56.1844,0.2772,29.6993,1.0019,1.3893,35.4500
2,40.9054,55.9931,0.2760,29.6987,1.0011,1.3864,35.6197
2,40.7245,56.1864,0.2770,29.8757,0.9909,1.3910,36.2062
2,40.8075,56.1897,0.2766,29.7338,0.9907,1.3899,36.4748
2,40.8017,55.9689,0.2765,29.7723,0.9990,1.3883,35.4014
2,40.9615,56.1490,0.2758,29.8161,0.9996,1.3863,35.6133
2,40.6618,56.0691,0.2773,29.7109,1.0022,1.3894,35.5593
2,40.7231,55.9818,0.2769,29.9013,0.9952,1.3901,35.5792
2,40.8692,55.8883,0.2761,29.8232,0.9941,1.3882,35.9573
2,40.7279,56.2528,0.2771,29.6832,1.0044,1.3882,35.8788
2,40.7544,55.8868,0.2767,29.6661,1.0034,1.3876,35.8192
2,40.7228,56.1173,0.2770,29.7330,1.0058,1.3876,36.2471
2,40.9160,55.9203,0.2759,29.7505,1.0008,1.3862,35.7336
2,40.6581,56.3112,0.2774,29.8492,1.0008,1.3901,35.5757
2,40.8811,56.2822,0.2763,29.9029,0.9918,1.3892,35.8291
2,40.8420,56.1235,0.2764,29.8456,1.0006,1.3876,35.4377
2,40.7557,56.2060,0.2769,29.7848,0.9966,1.3898,35.3040
2,40.9264,56.2058,0.2760,29.8553,0.9966,1.3876,35.3916
2,40.9016,56.2080,0.2762,29.8002,0.9901,1.3889,36.4381
2,40.8756,55.9621,0.2761,29.6756,0.9907,1.3886,36.9214
2,40.7225,56.0535,0.2770,29.7736,0.9939,1.3903,35.8890
2,40.7973,56.0326,0.2766,29.8222,0.9949,1.3893,35.5833
2,40.9395,55.9652,0.2758,29.6705,1.0002,1.3861,35.6664
2,41.0040,56.1253,0.2756,29.7113,0.9989,1.3858,35.6799
2,40.8779,55.8814,0.2761,29.6759,0.9917,1.3882,36.8214
2,40.6578,56.0270,0.2773,29.7591,0.9983,1.3903,35.5173
2,40.6237,55.9364,0.2774,29.6666,0.9901,1.3915,37.7290
2,40.8198,56.1725,0.2765,29.8025,0.9915,1.3897,36.0909
2,40.7903,56.3033,0.2768,29.8325,0.9918,1.3903,35.9557
2,40.7198,56.2561,0.2771,29.8117,1.0031,1.3886,35.8043
2,40.9664,55.8694,0.2756,29.8901,1.0024,1.3849,36.3176
2,40.6675,56.1349,0.2773,29.8739,1.0018,1.3895,35.6137
2,40.8346,56.1260,0.2764,29.8913,0.9915,1.3895,35.9713
2,40.9743,55.8905,0.2756,29.7323,0.9908,1.3872,36.9600
2,40.6182,56.1264,0.2775,29.7955,0.9963,1.3913,35.6629
2,40.8852,56.2335,0.2762,29.6693,1.0027,1.3866,35.7077
2,40.7874,56.0677,0.2766,29.8906,0.9961,1.3893,35.3370
2,40.6816,56.1158,0.2772,29.8016,1.0012,1.3895,35.4495
2,40.7012,56.0699,0.2771,29.7331,0.9902,1.3910,36.9509
2,40.9964,56.1059,0.2756,29.8887,0.9928,1.3872,35.9330
2,40.6521,55.9246,0.2772,29.8203,0.9971,1.3904,35.7306
2,40.8719,56.1597,0.2763,29.6892,1.0053,1.3858,36.2523
2,40.6497,56.3130,0.2775,29.8181,0.9992,1.3906,35.4450
2,40.8991,55.9737,0.2760,29.6933,0.9901,1.3884,37.0266
2,40.7001,56.1161,0.2771,29.7195,0.9930,1.3908,36.1489
2,40.6746,55.9125,0.2771,29.6693,0.9940,1.3905,36.4784
2,40.5907,55.9105,0.2776,29.7248,1.0050,1.3891,36.2890
2,40.8113,56.1093,0.2766,29.8948,0.9955,1.3892,35.3462
2,40.9472,55.9598,0.2758,29.7031,0.9934,1.3873,36.2215
2,40.6316,56.0643,0.2774,29.7324,0.9975,1.3908,35.6219
2,40.6237,56.1244,0.2775,29.7856,0.9915,1.3919,36.5962
2,40.6859,56.0351,0.2771,29.6836,0.9944,1.3906,36.0786
2,40.7221,56.2565,0.2771,29.7953,0.9990,1.3897,35.2694
2,40.8180,56.1564,0.2765,29.8549,1.0054,1.3864,36.4958
2,40.7311,55.9664,0.2769,29.6713,1.0050,1.3875,35.9985
2,40.6400,56.1476,0.2774,29.7659,1.0050,1.3889,36.1439
2,40.9659,56.0691,0.2757,29.7044,1.0051,1.3845,36.5065
2,40.8777,56.0448,0.2762,29.8200,0.9964,1.3880,35.4209
2,40.8859,56.0213,0.2761,29.8875,1.0006,1.3868,35.6051
2,40.9967,56.2372,0.2757,29.7712,0.9948,1.3870,35.7305
2,40.7469,55.9665,0.2768,29.8078,0.9906,1.3903,36.7540
2,40.6268,56.2131,0.2775,29.8854,0.9995,1.3907,35.4814
2,40.8125,56.2228,0.2766,29.8326,0.9935,1.3896,35.6102
2,40.9916,56.0098,0.2756,29.8276,0.9935,1.3869,35.9940
2,40.7849,55.9472,0.2766,29.7303,0.9959,1.3890,35.7125
2,40.7964,56.2026,0.2767,29.7116,1.0033,1.3875,35.7077
2,40.8583,56.2553,0.2764,29.7077,0.9945,1.3889,35.6225
2,40.8392,56.2328,0.2765,29.7503,0.9999,1.3880,35.3060
2,40.8552,56.1284,0.2763,29.8255,0.9952,1.3887,35.4391
2,40.9116,55.8898,0.2759,29.7565,0.9934,1.3877,36.2429
2,40.8927,55.8544,0.2760,29.7175,0.9952,1.3875,36.0510
2,40.8997,56.1975,0.2762,29.7759,1.0013,1.3867,35.6079
2,40.6510,56.1152,0.2774,29.8023,0.9970,1.3908,35.4926
2,40.6494,56.1053,0.2774,29.7269,1.0052,1.3887,36.1201
2,40.6157,56.1166,0.2775,29.7472,1.0006,1.3904,35.5395
2,40.9370,55.9616,0.2758,29.7821,1.0016,1.3858,35.8591
2,40.7142,55.9312,0.2769,29.7671,0.9914,1.3905,36.7576
2,40.6423,56.1161,0.2774,29.7320,0.9954,1.3911,35.8128
2,40.7950,56.1031,0.2766,29.6786,0.9909,1.3898,36.6667
2,40.9448,56.2400,0.2760,29.8770,1.0014,1.3861,35.9356
2,40.7841,56.2972,0.2768,29.7943,0.9918,1.3903,36.0215
2,41.0049,56.2728,0.2757,29.7613,1.0031,1.3848,36.3932
2,40.7973,55.8725,0.2765,29.7717,1.0055,1.3863,36.3889
2,40.6695,56.0030,0.2772,29.7582,1.0030,1.3889,35.7299
2,40.8730,55.8580,0.2761,29.8732,0.9950,1.3879,35.8419
2,40.7874,55.9699,0.2766,29.6852,1.0033,1.3873,35.7159
2,40.9224,55.8613,0.2759,29.8525,0.9904,1.3880,36.8003
2,40.5935,55.9094,0.2775,29.7298,0.9991,1.3906,35.8948
2,40.8025,55.9816,0.2765,29.7844,0.9987,1.3883,35.3787
2,40.6924,56.0992,0.2771,29.6849,0.9915,1.3910,36.6684
2,40.7647,56.0846,0.2768,29.7134,0.9947,1.3897,35.7198
2,40.6217,56.0088,0.2774,29.7766,0.9930,1.3915,36.4404
2,40.6341,55.9514,0.2774,29.7285,1.0005,1.3899,35.6643
2,40.7605,56.1212,0.2768,29.6942,0.9975,1.3894,35.3433
2,40.7512,56.2515,0.2769,29.6653,0.9953,1.3901,35.5937
2,40.8540,56.1951,0.2764,29.8113,0.9907,1.3895,36.2641
2,40.6680,56.1397,0.2773,29.6786,1.0016,1.3896,35.4507
2,40.9116,56.0748,0.2760,29.8329,1.0016,1.3863,35.7515
2,40.9690,56.0419,0.2757,29.8709,1.0023,1.3852,36.1610
2,40.9154,56.0376,0.2760,29.8194,0.9912,1.3883,36.3205
2,40.6812,56.0159,0.2772,29.7109,0.9975,1.3901,35.5860
2,40.8954,55.9865,0.2761,29.7507,0.9905,1.3885,36.7315
2,40.9394,56.2611,0.2760,29.8826,0.9945,1.3879,35.5378
2,40.9846,56.1936,0.2757,29.7237,0.9979,1.3864,35.5673
2,40.8147,56.1028,0.2765,29.6810,0.9921,1.3895,36.2906
2,40.9200,56.0718,0.2760,29.8532,0.9973,1.3873,35.4177
2,40.7711,56.0078,0.2767,29.6710,0.9937,1.3896,36.1335
2,40.7954,55.8772,0.2765,29.7076,1.0011,1.3876,35.6345
2,40.6641,55.9656,0.2772,29.8309,1.0015,1.3893,35.6353
2,40.9473,55.8791,0.2757,29.7234,1.0054,1.3843,36.6560
2,40.9392,56.1760,0.2759,29.8002,0.9930,1.3880,35.8520
2,40.8789,55.9927,0.2761,29.8552,1.0027,1.3863,35.9280
2,40.6020,56.0120,0.2776,29.7677,0.9993,1.3907,35.6596
2,41.0129,56.2450,0.2756,29.8937,0.9922,1.3873,36.0070
2,40.7844,56.2072,0.2767,29.6920,1.0036,1.3876,35.7219
2,40.8715,56.1533,0.2763,29.8665,0.9992,1.3876,35.3506
2,40.6770,56.0854,0.2772,29.8260,1.0053,1.3882,36.2909
2,40.7161,56.1360,0.2770,29.7478,0.9937,1.3906,35.8945
2,40.6453,56.0533,0.2774,29.6985,0.9946,1.3911,36.0952
2,40.6546,56.2210,0.2774,29.7118,0.9936,1.3914,36.0636
2,40.8551,56.2394,0.2764,29.8422,0.9940,1.3891,35.5390
2,40.9205,56.1929,0.2760,29.7246,0.9938,1.3881,35.7926
2,40.9611,56.1029,0.2758,29.8643,1.0001,1.3861,35.7202
2,40.7522,55.8696,0.2767,29.8199,1.0044,1.3872,36.1562
2,40.8222,56.1763,0.2765,29.8779,1.0037,1.3869,36.0954
2,40.7195,56.2739,0.2771,29.8121,0.9973,1.3902,35.2911
2,40.7950,56.1225,0.2766,29.7192,0.9900,1.3900,36.8090
2,40.8313,56.0811,0.2764,29.7229,0.9959,1.3887,35.4993
2,40.6818,56.0040,0.2771,29.8374,1.0051,1.3881,36.2675
2,40.9062,56.2873,0.2762,29.8443,1.0017,1.3866,35.8655
2,40.8654,55.9906,0.2762,29.7290,1.0053,1.3857,36.2946
2,40.8743,56.1780,0.2763,29.6726,1.0019,1.3869,35.5280
2,40.9396,56.1999,0.2760,29.8074,0.9952,1.3876,35.5276
2,40.8269,56.2532,0.2766,29.7947,1.0001,1.3881,35.3478
2,40.9856,55.9648,0.2756,29.7522,0.9959,1.3864,35.8447
2,40.7956,55.9079,0.2765,29.8968,0.9993,1.3881,35.4863
2,40.7419,55.9961,0.2768,29.8770,0.9912,1.3904,36.3519
2,40.7289,56.0552,0.2769,29.6901,0.9939,1.3902,36.0343
2,40.9629,56.1755,0.2758,29.8519,1.0039,1.3849,36.4913
2,40.9468,56.0206,0.2758,29.7510,1.0009,1.3859,35.7181
2,40.6713,55.8961,0.2771,29.8217,0.9912,1.3910,36.8599
2,40.6654,56.1742,0.2773,29.8419,0.9909,1.3917,36.4455
2,40.6476,55.9131,0.2773,29.7495,0.9923,1.3911,36.7801
2,40.7320,56.0104,0.2769,29.7424,0.9962,1.3898,35.6071
2,40.6523,56.0334,0.2773,29.7188,0.9999,1.3900,35.4982
2,40.8779,56.0862,0.2762,29.8884,0.9943,1.3885,35.5404
2,40.9051,56.2753,0.2762,29.8695,0.9969,1.3879,35.3613
2,40.8592,55.8802,0.2762,29.8884,0.9975,1.3877,35.5712
2,40.8298,56.1337,0.2765,29.7607,0.9907,1.3896,36.4499
2,40.9722,55.9813,0.2757,29.6699,0.9969,1.3864,35.7738
2,40.7560,55.8731,0.2767,29.7256,0.9938,1.3895,36.3140
2,40.9928,56.2061,0.2757,29.7988,1.0000,1.3858,35.7848
2,40.7065,56.3066,0.2772,29.7737,1.0003,1.3897,35.3847
2,40.9678,55.8822,0.2756,29.7113,1.0042,1.3844,36.4523
2,40.9018,56.2500,0.2762,29.7191,0.9906,1.3889,36.4351
2,40.6227,56.0480,0.2775,29.7925,0.9940,1.3915,36.1065
2,40.8354,56.2550,0.2765,29.7397,0.9956,1.3890,35.4279
2,40.7000,56.1665,0.2771,29.6820,1.0006,1.3895,35.3297
2,40.8928,55.8660,0.2760,29.7132,0.9943,1.3877,36.1782
2,40.9152,55.8556,0.2759,29.8532,0.9934,1.3876,36.1454
2,40.9004,55.9375,0.2760,29.8333,1.0036,1.3856,36.1868
2,40.8203,55.9469,0.2764,29.7519,1.0025,1.3871,35.7015
2,40.7136,56.0604,0.2770,29.8457,0.9904,1.3910,36.5985
2,40.9913,56.0572,0.2756,29.8597,0.9960,1.3866,35.6621
2,40.6068,56.0335,0.2775,29.7379,0.9916,1.3919,36.8966
2,40.9333,55.9266,0.2758,29.8196,1.0020,1.3856,35.9761
2,40.8004,56.2354,0.2767,29.7425,0.9991,1.3887,35.2220
2,40.6544,56.0454,0.2773,29.7770,0.9939,1.3911,36.0619
2,40.9793,56.1922,0.2758,29.8176,0.9981,1.3865,35.5673
2,40.8255,55.9209,0.2764,29.8186,1.0038,1.3865,36.0475
2,40.7789,56.2279,0.2768,29.7258,1.0048,1.3873,36.0626
2,40.8277,56.1217,0.2765,29.6659,0.9904,1.3895,36.7812
2,40.8549,56.0202,0.2763,29.8590,0.9919,1.3890,36.0794
2,40.7132,55.9467,0.2770,29.6992,0.9963,1.3898,35.8036
2,40.8624,56.1773,0.2763,29.7594,0.9961,1.3885,35.3756
2,40.7543,55.9962,0.2768,29.7955,0.9970,1.3893,35.4514
2,40.8869,55.8926,0.2760,29.8954,1.0044,1.3854,36.4792
2,40.6617,56.1920,0.2774,29.6909,0.9982,1.3905,35.4259
2,40.8237,56.0724,0.2765,29.7402,0.9924,1.3893,36.1290
2,40.9223,56.0956,0.2760,29.8329,0.9969,1.3874,35.4169
2,40.9478,56.2838,0.2760,29.8184,1.0043,1.3852,36.5977
2,40.8227,56.2641,0.2766,29.6908,0.9991,1.3885,35.2413
2,40.8934,56.1133,0.2761,29.7367,0.9929,1.3884,35.9620
2,40.8430,55.8649,0.2763,29.7493,0.9971,1.3879,35.7225
2,40.6720,56.0639,0.2772,29.7739,0.9991,1.3900,35.3977
2,40.9391,55.8814,0.2758,29.8923,0.9974,1.3866,35.7149
2,40.6287,56.1859,0.2775,29.7299,0.9917,1.3919,36.5892
2,40.8332,55.8675,0.2763,29.7067,0.9909,1.3889,37.0428
2,40.8120,56.0403,0.2765,29.6955,0.9902,1.3896,36.9103
2,40.7488,56.1802,0.2769,29.7956,0.9938,1.3903,35.6880
2,40.8125,56.1864,0.2766,29.9027,0.9972,1.3889,35.2110
2,40.8788,56.1634,0.2762,29.8591,0.9907,1.3891,36.1787
2,40.6394,56.0165,0.2774,29.7269,0.9924,1.3914,36.6278
2,40.8706,55.9747,0.2762,29.7924,1.0001,1.3871,35.5039
2,40.8237,55.9423,0.2764,29.6714,1.0037,1.3867,35.8369
2,40.8303,56.1608,0.2765,29.8539,0.9968,1.3887,35.2479
2,40.6386,56.0047,0.2774,29.8116,1.0040,1.3890,36.0055
2,40.7997,56.2673,0.2767,29.8552,1.0010,1.3882,35.5249
2,40.9663,55.9357,0.2757,29.9044,1.0031,1.3848,36.4184
2,40.8631,55.9453,0.2762,29.7548,0.9945,1.3883,35.8857
2,40.7602,56.1654,0.2768,29.7097,0.9923,1.3903,36.1736
2,40.6600,56.0217,0.2773,29.7951,1.0042,1.3887,35.9848
2,40.8313,56.1552,0.2765,29.8512,1.0012,1.3876,35.5241
2,40.7747,56.2020,0.2768,29.7848,0.9992,1.3890,35.2219
2,40.7024,56.1140,0.2771,29.6939,1.0005,1.3894,35.3390
2,40.8042,55.8877,0.2765,29.6888,1.0006,1.3877,35.5968
2,40.8929,56.0977,0.2761,29.7561,0.9926,1.3885,36.0295
2,40.8740,56.0263,0.2762,29.7527,1.0045,1.3859,36.1463
2,40.6425,56.0207,0.2774,29.8240,0.9918,1.3915,36.5254
2,40.9247,56.1989,0.2760,29.7678,0.9958,1.3877,35.4753
2,40.9499,56.2305,0.2759,29.8341,0.9920,1.3881,35.9914
2,40.8367,56.1168,0.2764,29.7012,1.0015,1.3874,35.4231
2,40.8048,56.0236,0.2765,29.7582,1.0032,1.3872,35.7375
2,40.9193,56.0271,0.2760,29.7553,0.9954,1.3876,35.6720
2,40.8729,55.9717,0.2762,29.7484,0.9909,1.3887,36.6556
2,40.7433,55.9651,0.2768,29.8328,0.9962,1.3896,35.5509
2,40.8953,55.9716,0.2760,29.7262,1.0010,1.3865,35.6196
2,40.7469,56.0273,0.2768,29.8179,0.9936,1.3901,35.8667
2,40.9426,55.8698,0.2758,29.7020,0.9980,1.3864,35.8281
2,40.9672,56.2010,0.2758,29.9050,0.9982,1.3866,35.5695
2,40.6139,55.8849,0.2774,29.7912,0.9997,1.3902,35.8154
2,40.7110,56.2772,0.2772,29.8610,0.9982,1.3901,35.2907
2,40.9575,55.9838,0.2757,29.8411,0.9999,1.3860,35.7417
2,40.6635,56.3127,0.2774,29.8248,0.9960,1.3911,35.5086
2,40.7646,56.1605,0.2768,29.6778,0.9904,1.3904,36.7825
2,40.9121,56.2829,0.2761,29.7514,0.9969,1.3878,35.3977
2,40.9467,55.9321,0.2758,29.7619,1.0037,1.3849,36.2666
2,40.9186,56.1610,0.2760,29.8641,0.9956,1.3878,35.4264
2,40.8664,56.2771,0.2764,29.7184,0.9955,1.3886,35.4647
2,40.8847,56.1685,0.2762,29.8866,0.9975,1.3879,35.2983
2,40.8930,56.1177,0.2761,29.8353,1.0049,1.3855,36.4639
2,40.9802,56.2165,0.2758,29.8712,0.9994,1.3861,35.7325
2,40.8469,56.0190,0.2763,29.7925,1.0014,1.3871,35.5561
2,40.7868,55.9401,0.2766,29.7309,1.0009,1.3879,35.5054
2,40.7853,56.1057,0.2767,29.6972,0.9972,1.3891,35.3670
2,40.6863,56.0976,0.2772,29.8958,0.9970,1.3904,35.3552
2,40.6465,56.2507,0.2775,29.8598,0.9920,1.3919,36.1412
2,40.6967,56.3048,0.2772,29.6915,1.0009,1.3896,35.4004
2,40.8944,56.2282,0.2762,29.7830,0.9960,1.3881,35.3968
2,40.7258,56.0723,0.2770,29.8808,0.9964,1.3900,35.3625
2,40.7166,55.9181,0.2769,29.8918,1.0002,1.3889,35.5368
2,40.7524,55.8761,0.2767,29.6787,1.0047,1.3872,36.0694
2,40.8490,56.0815,0.2763,29.8096,1.0045,1.3863,36.1710
2,40.9287,55.8865,0.2758,29.7195,1.0054,1.3846,36.5676
2,40.8141,55.8943,0.2764,29.7049,1.0046,1.3865,36.0811
2,40.6591,55.9877,0.2772,29.8281,0.9983,1.3902,35.5231
2,40.8868,56.2305,0.2762,29.8454,0.9974,1.3880,35.3049
2,40.8326,55.9845,0.2764,29.8245,0.9917,1.3892,36.2593
