x0,y0,d,theta0_degree,delta_theta_degree,gain,mse
42.2065,60.3447,0.2728,25.3218,1.0006,1.3623,73.8899
41.3783,47.0017,0.2724,40.7467,1.0099,1.3166,173.1322
41.9360,60.8312,0.2747,25.1736,0.9914,1.3663,79.4976
42.7784,59.3661,0.2691,23.9287,1.0282,1.3468,74.9874
39.2475,46.5566,0.2833,40.2949,0.9636,1.3565,164.4834
41.3180,45.5107,0.2732,42.8459,0.9914,1.3130,193.3795
38.4363,53.3150,0.2873,30.0177,1.0512,1.3802,90.3397
41.6115,57.8498,0.2737,27.3709,1.0829,1.3358,103.4838
42.0721,59.3340,0.2726,25.9303,1.0125,1.3642,61.9245
44.0502,64.4003,0.2685,19.6940,0.9829,1.3136,168.6014
39.2665,51.6099,0.2828,34.4362,0.9989,1.3836,82.4787
42.0809,53.9279,0.2691,31.8415,1.0051,1.3569,62.1613
40.6695,53.7582,0.2762,33.0796,1.0512,1.3516,95.1066
42.9941,69.0773,0.2809,16.2039,0.9961,1.3077,243.6177
42.8275,62.1809,0.2717,20.7429,1.0182,1.3423,106.7329
40.7193,59.0895,0.2791,27.5054,0.9700,1.3874,67.0343
44.3437,66.6118,0.2704,18.5035,1.0224,1.2966,203.3609
40.9637,48.4951,0.2741,38.0422,1.0070,1.3387,133.3000
43.6015,66.8048,0.2742,18.6406,0.9848,1.3123,202.1108
41.9467,69.5618,0.2868,16.3073,1.0038,1.3163,251.9700
42.8502,70.2739,0.2838,15.1935,1.0031,1.3021,267.9987
38.3900,55.3209,0.2884,30.5631,1.0074,1.4019,67.2382
39.8529,63.9720,0.2885,21.7676,1.0227,1.3712,131.4709
40.9185,54.2803,0.2751,32.9779,1.0368,1.3580,79.7216
40.3228,59.1345,0.2811,26.8532,1.0169,1.3880,53.6726
40.3704,52.5890,0.2774,32.2810,0.9913,1.3816,60.2238
38.1770,52.9592,0.2886,33.8251,1.0521,1.3730,114.5581
41.9982,46.1029,0.2695,39.5301,0.9647,1.3172,177.8401
40.3684,44.9010,0.2783,41.3597,0.9601,1.3323,193.1958
38.7742,50.3683,0.2851,35.4385,1.0826,1.3385,167.5248
40.9850,63.9361,0.2829,21.0536,0.9753,1.3563,153.8231
40.9644,63.9063,0.2830,21.0585,0.9865,1.3591,143.9729
41.1618,67.0339,0.2864,19.7201,1.0118,1.3434,187.3893
39.5196,54.4953,0.2823,31.0793,1.0122,1.3923,52.6223
41.1742,69.0766,0.2896,17.5259,1.0251,1.3292,230.5647
39.4124,57.6098,0.2845,28.1430,0.9969,1.4001,55.4483
40.5348,45.4150,0.2772,39.9971,1.0364,1.3078,209.9692
41.4249,68.1849,0.2869,17.4784,1.0332,1.3324,207.0537
40.7567,53.1222,0.2755,33.4768,0.9902,1.3801,53.6456
38.4523,53.0732,0.2872,32.4009,0.9757,1.3997,82.8630
41.6993,50.1072,0.2703,35.6010,1.0148,1.3363,113.0450
45.6310,70.1583,0.2704,13.8629,1.0193,1.2596,289.3426
44.2432,65.7115,0.2695,19.6640,0.9844,1.3067,189.2124
44.4925,65.9646,0.2686,18.1624,1.0139,1.2984,193.1144
38.7257,48.0754,0.2856,39.6189,1.0498,1.3353,188.4692
42.1467,65.7349,0.2797,19.4090,0.9752,1.3345,184.4761
41.2014,59.7045,0.2772,25.6780,0.9898,1.3789,66.0582
41.3135,47.7911,0.2725,39.2626,1.0360,1.3119,174.9718
43.8067,66.8141,0.2733,19.2620,0.9769,1.3089,206.9350
40.1498,56.8751,0.2803,28.6576,1.0055,1.3944,39.8693
41.5671,54.9296,0.2721,32.9076,0.9388,1.3818,57.5393
42.7463,58.2498,0.2683,29.1561,1.0047,1.3515,70.3958
41.7100,65.4054,0.2813,20.3173,1.0407,1.3425,150.3044
41.0285,62.6356,0.2811,24.0283,0.9823,1.3699,111.7560
42.0335,45.5169,0.2696,40.0390,0.9823,1.3069,192.1493
39.1885,51.4534,0.2831,34.1499,1.0281,1.3715,98.0473
40.2850,49.6679,0.2775,37.6439,0.9893,1.3635,103.7728
39.8354,44.4698,0.2812,41.4787,0.9973,1.3231,210.7686
41.2281,57.4351,0.2753,27.1732,0.9308,1.3719,96.7579
39.0013,54.6004,0.2849,32.8602,0.9421,1.4065,72.8274
42.0495,57.5786,0.2713,26.5994,0.9838,1.3687,57.9465
40.4683,59.9738,0.2811,24.2488,0.9711,1.3786,96.7909
43.6392,71.1336,0.2817,13.7479,0.9649,1.2752,322.7205
38.4080,49.4284,0.2870,37.3711,0.9953,1.3745,128.3299
41.0449,54.6201,0.2746,32.4999,1.0262,1.3645,66.1739
38.3415,51.0481,0.2874,36.0026,1.0262,1.3730,119.2289
40.8016,63.6551,0.2834,22.1685,1.0357,1.3632,116.2429
41.6747,54.2986,0.2713,30.3883,1.0137,1.3643,53.2366
40.9410,54.7460,0.2752,30.7300,1.0325,1.3678,58.6071
45.3247,69.4474,0.2705,14.3469,1.0543,1.2577,282.0929
38.9673,54.2380,0.2850,31.0855,1.0557,1.3752,87.1016
39.1897,48.0891,0.2832,38.8557,1.0106,1.3531,148.8966
40.0310,49.9492,0.2788,35.9451,0.9971,1.3667,99.6527
42.2689,53.6770,0.2681,32.3905,1.0048,1.3515,69.0321
40.9083,61.9251,0.2809,22.7727,0.9880,1.3705,106.7277
39.6987,62.4889,0.2875,21.3072,0.9606,1.3644,165.2047
40.2307,56.5758,0.2797,31.0252,0.9942,1.3961,38.6399
40.1748,49.2539,0.2781,36.4738,0.9475,1.3710,113.0667
43.1093,60.3660,0.2684,22.6089,0.9731,1.3406,109.8397
42.4729,60.1458,0.2713,25.9486,0.9922,1.3594,76.0405
38.8975,55.9184,0.2861,30.4788,0.9609,1.4053,71.1681
42.0198,47.0343,0.2691,40.0229,0.9845,1.3181,162.9631
42.2054,65.0326,0.2784,20.6975,1.0141,1.3431,144.2948
42.1193,65.3126,0.2792,20.9872,0.9818,1.3420,163.7632
38.0760,52.8536,0.2890,33.4388,1.0358,1.3823,102.1814
41.8486,56.7526,0.2717,27.8384,1.0091,1.3702,44.1947
41.6086,63.3375,0.2791,22.1982,1.0171,1.3587,110.8789
38.8571,46.2701,0.2853,39.5276,1.0043,1.3443,182.7526
43.3140,64.9384,0.2728,20.9693,0.9848,1.3271,161.5824
38.8317,55.4571,0.2862,32.2371,1.0460,1.3809,85.0736
42.0510,46.7085,0.2690,39.0674,0.9560,1.3232,166.4172
38.8021,45.7146,0.2858,40.1875,0.9877,1.3451,191.0661
43.0651,60.1093,0.2683,24.9759,0.9463,1.3434,114.6548
39.6565,57.3758,0.2831,30.3325,1.0201,1.3925,52.8351
41.1524,50.9190,0.2731,34.6828,1.0693,1.3214,143.4153
39.0258,56.1598,0.2856,29.9517,1.0193,1.3978,54.8926
44.6948,69.3001,0.2732,15.9407,1.0221,1.2799,257.2094
43.3659,68.0557,0.2774,19.0467,1.0014,1.3113,215.6838
38.0279,50.9184,0.2890,36.4443,0.9986,1.3846,114.4971
43.5688,71.2528,0.2822,12.4554,0.9771,1.2754,322.5763
41.3869,60.3029,0.2769,24.9149,0.9791,1.3731,82.0320
42.4661,64.3084,0.2761,20.2826,1.0165,1.3419,133.5609
39.6141,45.9472,0.2816,41.3190,1.0036,1.3343,185.9540
41.7675,69.8576,0.2881,15.9060,0.9710,1.3057,289.3389
43.8729,69.9210,0.2783,14.4272,1.0549,1.2850,261.1704
38.6673,51.0747,0.2857,34.8670,1.0135,1.3786,102.9137
40.4366,52.0502,0.2769,35.2050,0.9570,1.3858,66.9244
41.9207,70.6884,0.2889,15.3995,1.0321,1.3111,264.9515
39.1182,52.2151,0.2836,32.3965,0.9914,1.3894,77.8091
39.6776,53.9742,0.2813,31.3941,0.9796,1.3961,55.5590
40.5391,45.5861,0.2771,40.5644,0.9798,1.3314,179.0899
38.5178,54.6306,0.2874,31.4365,1.0228,1.3946,70.9042
40.6297,66.7362,0.2885,19.0174,1.0819,1.3354,187.2660
39.1663,55.0916,0.2843,29.2598,0.9820,1.3993,63.9636
42.7443,60.0373,0.2699,23.0848,0.9905,1.3504,89.0156
39.7207,51.7846,0.2805,34.7952,1.0319,1.3644,98.0446
39.3784,60.0165,0.2866,26.0037,1.0219,1.3925,72.1090
41.4596,44.6683,0.2729,40.8043,1.0034,1.3027,209.9467
41.6175,52.4212,0.2710,32.4409,0.9528,1.3682,75.0322
39.0729,46.8943,0.2841,40.1878,1.0182,1.3405,179.0837
40.2314,66.0658,0.2895,21.7088,1.0108,1.3581,171.0255
42.1153,45.6855,0.2691,41.6323,1.0120,1.2937,206.7480
42.0671,53.8815,0.2692,32.5480,1.0035,1.3565,64.3236
42.8252,68.3519,0.2805,15.6566,1.0070,1.3136,225.1476
39.2213,50.8997,0.2829,33.8404,0.9571,1.3866,99.1143
41.2138,61.2146,0.2786,24.2927,0.9460,1.3647,123.7008
41.7487,59.9685,0.2747,24.8412,1.0356,1.3617,69.4867
39.3925,57.7714,0.2847,28.8249,0.9872,1.4017,58.0497
39.5909,52.9513,0.2814,31.3204,0.9904,1.3898,64.8041
43.9324,68.9950,0.2763,16.0070,1.0347,1.2930,239.7293
41.5406,49.4395,0.2711,37.5922,0.9922,1.3424,114.8573
40.6952,46.5908,0.2759,40.9531,1.0035,1.3269,171.8592
42.4277,61.3289,0.2727,24.0626,0.9862,1.3560,94.6604
39.4747,51.1407,0.2816,35.1826,0.9917,1.3813,85.1347
41.3864,52.9662,0.2723,30.9208,0.9633,1.3716,68.6947
39.8834,58.1545,0.2826,28.7637,1.0057,1.3962,48.6084
44.1828,66.9258,0.2716,17.6330,0.9948,1.3020,207.9600
40.7727,55.4798,0.2764,31.4412,0.9891,1.3897,36.6644
41.6097,46.0127,0.2715,39.1660,0.9819,1.3187,176.3752
39.3856,59.3238,0.2860,25.8769,1.0460,1.3878,67.5504
40.0416,61.2628,0.2845,24.2205,1.0695,1.3672,96.5491
40.5584,47.2885,0.2764,40.6989,1.0061,1.3322,161.6162
43.1544,67.2199,0.2771,16.3589,0.9636,1.3049,237.4830
39.5909,47.8994,0.2812,37.4728,1.0155,1.3483,146.5404
41.4845,45.6958,0.2723,39.9251,1.0093,1.3085,191.1308
38.5804,55.2351,0.2874,28.2054,1.0159,1.3975,67.3909
39.6038,54.5172,0.2819,32.2943,1.0015,1.3945,50.7518
41.4486,58.3461,0.2749,26.4463,0.9909,1.3781,53.6322
41.4370,60.3854,0.2767,24.3923,0.9520,1.3652,109.7923
41.8201,58.6961,0.2733,27.0713,0.9796,1.3736,60.5613
43.6352,68.2848,0.2765,16.0022,1.0070,1.3043,225.0318
44.3606,67.6942,0.2720,16.2695,0.9780,1.2914,237.9886
41.6086,50.7008,0.2708,33.0470,0.9915,1.3521,90.6348
39.9006,63.0536,0.2872,24.2763,1.0755,1.3574,130.9311
40.6816,65.1203,0.2859,21.2787,0.9465,1.3468,199.4415
40.9749,59.3276,0.2780,26.3636,0.9806,1.3827,66.1772
40.4170,49.9728,0.2768,37.5140,1.0196,1.3484,120.3261
40.6226,57.4218,0.2783,29.2697,0.9895,1.3927,40.7212
38.3686,52.2891,0.2874,33.1184,0.9689,1.3975,92.7783
39.6539,51.2773,0.2808,35.8950,1.0455,1.3524,122.4667
40.2936,56.2225,0.2792,28.8639,1.0087,1.3918,37.7335
40.4819,49.7340,0.2765,35.6500,0.9401,1.3707,108.8554
41.9243,47.4430,0.2695,39.0859,0.9991,1.3180,158.2986
42.0383,46.7092,0.2691,39.2777,1.0229,1.3007,186.2526
38.3907,56.5193,0.2890,32.4895,1.0365,1.3898,84.1648
38.9377,46.6969,0.2848,39.0350,1.0063,1.3468,173.4400
43.0872,68.7674,0.2799,14.4894,1.0331,1.3086,225.3820
40.3502,53.2059,0.2776,31.6808,0.9673,1.3873,61.3699
38.6886,50.3702,0.2856,36.7019,0.9378,1.3933,109.8179
40.1792,50.1915,0.2780,36.9820,1.0589,1.3314,152.3594
40.4985,65.3795,0.2872,19.9549,0.9925,1.3543,174.8612
44.6257,67.5589,0.2705,18.4615,0.9943,1.2918,225.2276
39.0658,50.3721,0.2837,37.1268,1.0643,1.3410,159.8239
38.8781,53.2598,0.2851,34.5636,1.0188,1.3847,82.9163
40.3962,61.1836,0.2827,24.7970,1.0506,1.3709,86.1365
40.6628,59.0727,0.2794,27.3089,1.0034,1.3874,51.9637
39.2650,53.8569,0.2833,33.0237,1.0287,1.3817,75.0582
42.5550,62.7446,0.2737,20.7405,1.0427,1.3401,112.3651
43.6342,64.2458,0.2703,20.6954,1.0256,1.3183,151.5692
42.8562,67.8914,0.2796,18.6826,0.9829,1.3174,219.4229
44.4282,66.4423,0.2697,20.3895,1.0300,1.2890,213.3042
40.4238,65.0438,0.2871,20.6969,1.0046,1.3601,156.8541
44.5836,70.4922,0.2760,14.1836,0.9809,1.2737,295.8610
39.6631,61.2074,0.2863,24.5274,1.0682,1.3719,96.2232
40.6636,47.6251,0.2758,38.4864,0.9823,1.3463,137.3765
40.3149,45.1955,0.2784,41.0360,1.0303,1.3099,213.9017
44.1671,68.6520,0.2746,15.2965,0.9992,1.2930,242.4755
42.7925,70.3034,0.2841,15.7296,1.0359,1.3036,255.6939
40.8027,53.0900,0.2753,33.4000,1.0002,1.3756,57.4595
42.0753,58.0915,0.2715,29.3122,0.9619,1.3730,60.8438
40.3014,65.0490,0.2877,20.8043,0.9794,1.3565,177.3662
39.4156,55.4812,0.2833,30.0347,1.0065,1.3978,48.2708
42.0703,64.6924,0.2786,21.0694,1.0048,1.3472,139.8427
42.6398,64.2820,0.2752,20.7542,0.9964,1.3403,140.5321
38.4896,49.4228,0.2866,36.5057,0.9698,1.3813,124.4127
38.9770,51.6593,0.2842,34.4919,1.0135,1.3803,90.8977
40.2880,57.9155,0.2804,28.8326,1.0019,1.3936,43.7384
42.5632,64.3408,0.2757,20.6824,0.9921,1.3407,143.8058
41.6879,68.3723,0.2860,16.7714,1.0302,1.3284,212.4443
38.0404,51.6071,0.2890,33.8157,1.0547,1.3676,128.0404
42.9044,70.7031,0.2843,17.1718,0.9868,1.2993,281.2911
40.5330,64.3859,0.2857,22.2029,1.0176,1.3651,132.4302
41.0972,53.7303,0.2740,31.4839,1.0183,1.3685,57.1261
38.5225,49.0836,0.2865,36.9347,0.9576,1.3815,129.8259
39.6827,59.8894,0.2850,25.4553,1.0309,1.3888,67.1529
39.9229,62.6571,0.2866,24.7043,0.9767,1.3787,124.5426
41.1451,56.5016,0.2751,28.1135,1.0000,1.3832,38.3727
40.0555,45.8261,0.2794,40.7126,1.0193,1.3228,194.0067
38.4002,56.2430,0.2888,30.8769,0.9937,1.4065,66.3633
42.2501,62.9673,0.2755,21.7153,0.9435,1.3398,160.5221
39.1240,55.1015,0.2845,30.2522,0.9669,1.4017,67.5490
40.0629,52.0175,0.2788,34.1851,1.0240,1.3674,84.9468
40.8112,45.1248,0.2759,41.7672,0.9966,1.3172,196.4816
42.5656,61.0807,0.2718,24.3970,0.9702,1.3534,102.1262
41.3473,45.8960,0.2729,39.9588,1.0605,1.2879,226.0351
45.1169,67.8366,0.2687,15.7883,1.0651,1.2615,258.5087
39.1314,54.6135,0.2843,31.8915,0.9508,1.4036,70.6128
42.0714,58.7452,0.2721,26.1191,1.0483,1.3504,73.9981
42.4598,58.9014,0.2702,26.5135,1.0013,1.3601,63.5553
38.1477,50.5499,0.2883,36.2117,1.0371,1.3661,135.7187
42.8062,64.6071,0.2749,18.9226,1.0424,1.3298,144.0148
40.2949,55.0198,0.2786,30.6915,0.9928,1.3928,40.2930
43.9283,65.4710,0.2706,19.4963,1.0174,1.3106,174.6770
40.4894,47.9005,0.2766,38.9415,0.9694,1.3544,130.4410
40.0577,61.9393,0.2851,22.6361,0.9600,1.3694,142.5094
43.4694,67.9448,0.2767,17.6273,0.9990,1.3096,216.8093
39.5484,52.7785,0.2816,33.5001,1.0446,1.3658,95.2526
41.0993,58.5534,0.2768,27.6758,1.0004,1.3836,47.0657
37.9418,49.5564,0.2894,38.4823,1.0446,1.3538,167.6894
41.9180,53.9111,0.2699,33.7707,1.0093,1.3538,72.2798
40.2051,54.1462,0.2787,30.9705,1.0354,1.3740,62.9168
42.9233,70.4630,0.2838,16.4184,1.0018,1.3018,268.9833
42.8892,70.4098,0.2838,14.1668,0.9946,1.2967,282.1505
38.1636,51.6188,0.2884,34.3631,0.9348,1.3992,112.5928
41.9460,51.0769,0.2691,35.1075,1.1093,1.2852,198.6461
38.3592,57.8148,0.2900,28.4699,1.0323,1.3989,70.5050
44.4403,66.6963,0.2700,19.4849,0.9995,1.2983,206.0739
40.2815,48.1872,0.2776,37.2426,1.0334,1.3344,151.5058
38.3235,56.8660,0.2895,31.2785,1.0141,1.4026,68.6437
40.9661,62.5815,0.2814,21.7653,0.9792,1.3635,128.2603
40.7437,49.9209,0.2752,36.2737,0.9878,1.3611,96.9568
40.2195,50.9038,0.2778,35.9242,0.9715,1.3787,80.7884
38.6822,45.0802,0.2867,42.5377,1.0301,1.3215,231.8531
44.6404,66.1469,0.2682,19.0715,1.0016,1.2962,200.0952
39.1769,57.2940,0.2855,28.8425,0.9701,1.4021,69.8744
42.1706,56.8687,0.2702,28.9822,0.9559,1.3693,64.2027
38.5469,54.5691,0.2872,32.5241,1.0252,1.3916,75.5876
38.7960,57.0901,0.2873,29.4573,1.0286,1.3970,61.6505
43.4623,66.3647,0.2742,17.1021,1.0180,1.3160,182.5946
39.5107,55.2330,0.2827,29.3907,1.0579,1.3751,72.9001
38.1736,48.2046,0.2883,37.2202,0.9508,1.3776,152.3367
39.5787,47.6075,0.2813,36.8477,0.9559,1.3618,147.1327
42.0297,60.7003,0.2741,24.5844,1.0727,1.3349,111.3571
40.5298,56.2886,0.2781,29.7776,0.9986,1.3921,35.8391
38.1050,44.9099,0.2897,39.3234,0.9611,1.3476,218.8976
42.1728,61.8575,0.2746,24.3463,0.9631,1.3566,113.3958
40.0227,61.6261,0.2850,23.5796,1.0035,1.3815,97.3773
42.7510,57.9455,0.2680,27.8107,0.9669,1.3586,70.7744
40.6071,55.8565,0.2774,30.2380,0.9877,1.3924,37.1320
45.4008,68.9688,0.2693,15.8142,1.0157,1.2683,264.6895
41.9104,51.5591,0.2694,33.8920,0.9559,1.3600,83.1686
40.9361,52.0031,0.2744,32.3985,0.9718,1.3740,71.0097
41.7144,53.7171,0.2709,33.6619,1.0000,1.3622,63.0148
42.6117,69.0935,0.2828,16.2498,1.0114,1.3139,234.8589
45.0579,67.4739,0.2683,18.5441,0.9804,1.2838,235.4517
37.9090,52.6657,0.2898,33.4562,1.0012,1.3947,94.9472
41.3438,52.9163,0.2725,31.6321,0.9191,1.3690,97.3759
40.8306,56.2945,0.2766,29.7754,1.0114,1.3841,38.8165
42.3270,56.6642,0.2693,30.6464,0.9952,1.3630,53.8803
42.3972,44.7511,0.2681,39.9189,1.0004,1.2883,217.9397
41.2331,48.5521,0.2728,38.8581,1.0250,1.3237,153.0171
38.0301,53.1466,0.2894,33.3543,0.9509,1.4050,96.2036
41.8716,49.0401,0.2695,38.4798,1.0262,1.3155,152.7438
39.5648,49.9720,0.2811,35.9467,1.0245,1.3591,117.2079
39.5287,47.6125,0.2816,38.6455,0.9728,1.3606,141.7368
41.1635,64.5055,0.2828,21.5377,0.9793,1.3554,153.9512
41.9404,59.3784,0.2733,25.9695,0.9788,1.3691,70.8330
39.5219,54.8061,0.2824,30.9495,1.0385,1.3812,66.1056
40.8660,59.3456,0.2786,25.9080,0.9948,1.3837,60.3014
40.4185,51.8815,0.2770,34.2455,1.0226,1.3631,85.0169
40.8839,58.4108,0.2777,27.7591,0.9274,1.3782,98.2176
40.2659,58.8758,0.2812,26.0060,1.0207,1.3881,52.0845
43.1221,64.5326,0.2732,20.8682,1.0389,1.3224,152.2065
44.6185,69.2700,0.2736,11.6991,0.9920,1.2740,280.2042
41.3249,63.6120,0.2808,21.7019,1.0439,1.3546,117.6737
42.1650,70.0606,0.2866,13.1225,0.9842,1.2967,297.5367
40.1004,54.8349,0.2795,30.1074,0.9730,1.3941,53.1332
41.0780,68.4607,0.2890,17.5295,1.0557,1.3307,212.4713
41.3245,66.2812,0.2845,19.7047,0.9995,1.3452,178.1883
41.1007,55.4038,0.2747,30.2715,0.9698,1.3857,46.2594
40.5041,58.0609,0.2794,26.7221,1.0281,1.3846,45.8395
42.2421,60.3340,0.2726,25.1829,1.0228,1.3560,76.6932
40.4045,64.9996,0.2871,20.6237,1.0181,1.3613,148.8757
38.0858,52.7799,0.2890,33.3097,1.0257,1.3866,96.5470
43.3803,71.7717,0.2841,16.6783,1.0281,1.2861,296.0362
41.3252,51.9169,0.2724,31.1600,0.9516,1.3658,88.8141
40.9497,48.3995,0.2742,36.7603,0.9938,1.3451,125.5273
43.6223,65.2456,0.2718,19.2465,0.9848,1.3182,175.5330
41.8751,62.7602,0.2771,22.2782,0.9840,1.3565,118.7209
40.4963,57.3668,0.2789,27.9701,1.0353,1.3806,48.8807
42.1348,48.8317,0.2682,35.9906,0.9862,1.3307,128.1238
39.4931,54.7234,0.2825,31.1178,1.0307,1.3849,61.6409
42.4897,67.1295,0.2801,18.0872,0.9935,1.3258,200.2578
38.8743,44.7009,0.2859,41.1489,1.0398,1.3159,236.7795
39.5720,57.7245,0.2838,27.5749,0.9749,1.3972,68.9630
42.1843,68.6751,0.2841,16.7257,1.0769,1.3074,230.6259
44.6270,68.0526,0.2714,16.2998,0.9947,1.2887,236.3248
41.4893,69.3982,0.2887,15.5275,1.0057,1.3188,255.3217
38.9887,50.9141,0.2841,32.4453,1.0275,1.3722,101.6837
40.4194,48.9662,0.2768,36.5724,0.9502,1.3657,116.8698
45.3986,70.4902,0.2722,12.4435,1.0017,1.2624,296.6713
43.4600,65.5575,0.2730,17.9839,1.0002,1.3193,174.6686
38.7819,60.4389,0.2900,25.6527,0.9841,1.3931,107.5205
38.1989,47.6792,0.2883,39.2043,1.0176,1.3533,172.6010
41.6079,57.6409,0.2735,27.9217,0.9882,1.3782,47.0647
42.2228,54.3494,0.2686,31.4716,1.0241,1.3469,72.9426
42.8679,69.6038,0.2825,15.7405,1.0056,1.3070,250.2142
43.0043,65.8343,0.2756,20.0304,1.0357,1.3208,171.0890
39.9062,55.5736,0.2808,30.8384,0.9999,1.3962,41.5117
39.4412,44.8304,0.2830,41.7919,1.0327,1.3140,228.4042
44.0180,68.4462,0.2750,15.6626,1.0247,1.2967,228.1597
38.1991,55.5637,0.2894,28.5103,0.9922,1.4016,81.7660
40.7089,53.4227,0.2759,32.1036,1.0151,1.3735,57.9384
39.1166,50.9125,0.2834,34.3438,0.9340,1.3893,108.2145
41.5118,62.4096,0.2785,22.0516,1.0184,1.3631,96.5011
39.2940,53.6419,0.2831,32.6530,0.9746,1.3993,61.3335
42.1171,51.1805,0.2683,34.8119,1.0199,1.3327,107.2921
39.4961,60.9800,0.2869,25.0561,1.0307,1.3871,82.1635
42.8380,61.5782,0.2710,23.7091,0.9817,1.3479,105.0942
45.0806,67.9244,0.2690,15.6029,1.0097,1.2802,238.2348
44.0619,70.0607,0.2776,12.5146,1.0547,1.2837,262.4777
43.2321,71.6743,0.2846,13.8641,0.9977,1.2867,306.5628
38.4680,57.1743,0.2890,31.2208,0.9960,1.4067,65.7039
39.5419,52.1654,0.2815,32.5453,1.0085,1.3821,73.3258
38.4921,55.7319,0.2880,30.2128,0.9999,1.4038,65.0370
40.9927,53.3604,0.2744,32.7371,1.0220,1.3643,67.6099
38.3913,54.2337,0.2879,31.8125,1.0133,1.3968,73.2533
43.1915,64.6840,0.2731,19.1102,0.9870,1.3264,163.4278
40.2944,48.7793,0.2775,37.3138,0.9525,1.3662,117.9335
40.9527,52.9576,0.2745,32.6533,0.9949,1.3754,55.9221
43.0853,70.6155,0.2833,17.6036,1.0274,1.2972,267.8281
41.0368,57.4479,0.2763,27.6419,1.0420,1.3702,54.4905
42.5774,59.6888,0.2704,26.2660,0.9838,1.3591,75.1900
39.8683,48.7539,0.2797,36.6458,1.0739,1.3222,178.4914
41.4519,49.2077,0.2716,35.5279,1.0016,1.3408,116.4321
42.6049,58.9102,0.2695,24.8661,0.9865,1.3565,74.6582
39.3364,57.7453,0.2850,28.0582,1.0181,1.3976,52.7852
40.7127,57.2294,0.2777,27.2838,0.9697,1.3860,62.3932
40.8005,54.0404,0.2756,29.8269,1.0293,1.3713,54.4634
43.8638,67.0218,0.2733,16.8081,0.9671,1.2993,229.8460
40.5873,67.0146,0.2891,19.0228,1.0296,1.3475,185.6093
40.8476,44.8552,0.2759,42.5853,0.9456,1.3297,193.4881
38.8980,56.1163,0.2862,29.3865,1.0078,1.4013,56.3032
43.5567,65.1565,0.2720,17.7713,1.0582,1.3086,170.6736
40.0973,62.6066,0.2857,21.2379,1.0135,1.3733,115.6864
41.9720,59.6530,0.2733,26.5328,0.9789,1.3696,70.4353
38.2150,47.6411,0.2882,37.5179,0.9917,1.3630,162.2673
44.1739,68.2716,0.2739,16.9149,0.9952,1.2962,232.8788
40.5828,61.7543,0.2823,25.5853,0.9741,1.3792,101.5624
40.9794,60.7201,0.2793,24.2898,1.0031,1.3774,74.9927
40.1357,61.6308,0.2844,23.3430,1.0177,1.3805,89.9788
39.2187,55.6507,0.2843,30.1317,0.9817,1.4027,56.4466
38.7811,46.4326,0.2857,39.2726,1.0361,1.3331,197.4477
39.8489,56.0442,0.2814,29.4306,1.0013,1.3970,42.0599
39.6760,45.5491,0.2815,42.1879,1.0416,1.3108,225.7618
40.3402,47.4501,0.2775,38.4929,0.9971,1.3438,144.9043
38.2890,47.3447,0.2879,39.1830,1.0546,1.3336,202.9651
41.1385,52.3568,0.2734,32.8540,0.9919,1.3703,63.2691
41.6852,44.6879,0.2717,43.1551,1.0245,1.2861,234.5787
42.1487,46.9456,0.2685,40.4378,0.9875,1.3134,168.7396
42.6830,66.2705,0.2779,19.4129,1.0400,1.3238,174.8091
38.6488,52.6905,0.2861,32.9551,0.9916,1.3948,79.3509
42.2005,54.7432,0.2688,31.3271,1.0105,1.3553,61.5267
44.2018,65.5868,0.2695,17.9185,1.0467,1.2970,188.0609
40.7990,64.1483,0.2841,20.8300,1.0046,1.3616,137.2424
41.4909,58.3451,0.2746,27.5584,0.9649,1.3781,65.1375
40.7286,59.6333,0.2795,25.3059,0.9424,1.3736,110.6661
40.3197,56.7823,0.2794,28.6482,0.9767,1.3941,50.4240
40.9834,57.5059,0.2766,27.1042,0.9840,1.3846,51.8070
38.8887,56.4639,0.2864,29.8455,1.0114,1.4012,55.9160
37.8718,52.1150,0.2899,33.0899,0.9887,1.3946,102.4171
39.7073,51.0852,0.2805,34.5431,1.0146,1.3709,90.7520
42.8811,69.6778,0.2825,14.7682,1.0621,1.3002,246.2242
42.8200,67.1061,0.2785,18.1717,1.0451,1.3169,192.2247
42.7383,65.3961,0.2763,19.7252,1.0338,1.3291,156.8115
40.4234,56.3722,0.2787,29.2137,1.0696,1.3586,83.9034
42.0357,56.6429,0.2707,29.5625,1.0048,1.3668,48.5700
41.1323,65.5026,0.2843,20.7129,0.9878,1.3509,168.8367
40.8151,54.9608,0.2759,30.7281,1.0032,1.3839,39.9123
40.4824,52.4867,0.2768,34.0692,1.0199,1.3665,77.2461
42.1733,47.8708,0.2681,39.3539,1.0225,1.3043,172.6030
41.1048,48.1713,0.2735,38.7785,1.0269,1.3230,157.6657
41.7450,70.8208,0.2900,16.1665,0.9675,1.2997,311.5893
42.4225,68.8630,0.2833,16.7942,1.0161,1.3181,226.4328
43.0394,64.4829,0.2736,20.5200,1.0612,1.3148,161.8432
41.9793,60.6435,0.2743,24.7169,1.0060,1.3645,74.5301
40.8943,57.5462,0.2770,25.8589,1.0353,1.3780,44.1789
40.8672,63.4979,0.2829,21.8542,1.0025,1.3656,122.7772
43.1540,68.6888,0.2795,14.0341,0.9917,1.3006,252.6567
38.2355,53.2583,0.2883,32.2560,1.0211,1.3908,85.7213
39.8957,52.8525,0.2798,32.3277,1.0054,1.3840,61.3902
40.1418,60.7713,0.2835,24.9636,0.9823,1.3843,92.5822
41.7438,60.5090,0.2753,25.5641,0.9603,1.3673,94.7126
38.7315,54.4715,0.2863,31.7582,0.9878,1.4025,64.5125
39.9355,50.5189,0.2793,36.0377,0.9941,1.3723,91.1514
40.0316,52.8438,0.2791,33.7322,1.0332,1.3666,84.3799
42.6415,66.9818,0.2791,20.0954,0.9444,1.3177,227.2974
40.0705,63.3486,0.2867,22.8783,1.0246,1.3735,115.1477
40.7608,67.0597,0.2884,18.0405,1.0024,1.3415,205.3915
38.2314,53.8417,0.2886,30.9182,0.9907,1.3999,81.6544
41.6061,58.0337,0.2738,28.4965,0.9464,1.3763,73.4946
39.1076,57.1985,0.2858,29.7252,1.0000,1.4030,54.2435
42.3955,68.0438,0.2820,16.7134,0.9834,1.3167,232.8527
44.0039,66.0686,0.2712,18.0741,0.9683,1.3039,208.5288
40.8333,45.4039,0.2757,41.8239,1.0507,1.2928,233.6059
39.4664,54.1666,0.2824,32.5219,1.0126,1.3898,58.8905
44.2169,70.9956,0.2787,12.3046,0.9813,1.2711,314.0194
39.5951,52.8310,0.2813,33.4201,1.0091,1.3842,67.6292
45.8594,69.7631,0.2686,13.4116,1.0291,1.2548,287.7341
39.8314,46.1220,0.2805,39.0333,0.9997,1.3375,174.2137
39.6847,51.7187,0.2807,34.9002,1.0156,1.3730,86.5426
40.9439,45.1129,0.2753,39.8536,0.9800,1.3217,190.9840
38.7007,46.1477,0.2862,40.2688,1.0216,1.3367,197.4321
39.1875,60.3422,0.2879,26.6203,0.9851,1.3946,92.1931
41.1724,57.1882,0.2754,28.7807,1.0000,1.3839,38.5971
43.4534,64.1212,0.2710,20.8756,0.9845,1.3271,151.7071
43.9472,63.8482,0.2683,20.6369,0.9657,1.3159,167.6507
38.0309,45.9700,0.2896,40.6204,0.9574,1.3597,193.8702
40.5056,60.5570,0.2815,25.6910,1.0441,1.3732,77.1081
42.9507,62.2022,0.2711,23.4072,1.0624,1.3190,136.5521
41.3681,60.9366,0.2776,22.6120,0.9630,1.3613,118.3378
39.2117,59.9713,0.2874,26.6841,0.9988,1.3959,80.1251
43.7344,70.9159,0.2808,11.8072,1.0043,1.2821,296.4004
41.7498,45.9335,0.2708,39.4740,0.9783,1.3167,179.0991
38.5856,52.2165,0.2863,34.4092,0.9914,1.3929,84.9424
40.6931,66.0735,0.2872,19.3730,0.9635,1.3407,213.4463
40.5259,49.6671,0.2763,34.8268,0.9526,1.3671,108.7284
39.4970,60.5096,0.2865,26.6567,1.0195,1.3909,76.0208
42.6780,67.4068,0.2796,18.9837,0.9659,1.3186,222.0361
43.5816,64.1129,0.2704,22.9489,1.0382,1.3099,164.8073
39.6719,56.7031,0.2826,29.5349,1.0082,1.3977,44.0744
40.0787,51.8782,0.2787,32.7684,1.0376,1.3624,89.4073
39.7690,60.0276,0.2847,23.5544,1.0365,1.3857,70.2554
41.4019,49.5041,0.2718,36.3540,1.0195,1.3346,123.8122
39.0835,61.4469,0.2895,24.4522,1.0058,1.3886,104.6254
37.9566,48.4517,0.2894,38.3844,0.9520,1.3813,148.8788
40.0967,64.7855,0.2884,20.4262,1.0552,1.3606,140.5279
43.7568,68.2364,0.2758,15.8098,1.0266,1.3019,220.4551
39.6693,57.3903,0.2831,27.7275,0.9697,1.3962,69.6400
39.1145,61.6703,0.2895,25.3177,1.0246,1.3883,96.5747
38.1040,51.6023,0.2887,33.9150,0.9956,1.3899,102.2997
39.8792,60.5370,0.2846,24.0430,1.0409,1.3829,73.9926
41.7946,67.8845,0.2847,17.5594,0.9992,1.3286,215.8837
41.4097,61.3753,0.2778,24.8504,0.9391,1.3626,126.7124
39.7215,54.0549,0.2811,31.1750,1.0397,1.3763,69.5051
43.1644,62.0061,0.2698,24.8968,1.0395,1.3234,128.9494
38.3756,48.6470,0.2872,36.8288,1.0009,1.3675,142.4714
39.8975,47.9168,0.2796,38.2032,0.9707,1.3603,133.0969
39.3260,58.1701,0.2854,27.7645,1.0023,1.3995,58.7580
45.0235,69.3355,0.2718,15.1951,1.0006,1.2761,264.6536
39.3240,47.8595,0.2826,38.0718,0.9509,1.3687,141.0339
40.2511,53.0214,0.2781,33.2373,1.0043,1.3808,59.2571
45.9772,69.7940,0.2681,14.0956,1.0466,1.2446,301.6909
41.6318,64.0859,0.2799,20.8953,0.9930,1.3533,138.1171
42.4529,67.4010,0.2807,18.3308,0.9712,1.3206,221.4924
42.4554,71.5150,0.2879,14.6325,1.0020,1.2967,300.3226
42.5206,56.7920,0.2684,27.5544,1.0930,1.3131,123.1577
40.3741,53.8135,0.2777,29.8820,1.0469,1.3671,67.9944
41.5003,53.9131,0.2720,31.6570,0.9884,1.3735,49.4128
40.6749,44.5568,0.2769,42.2962,1.0078,1.3093,215.0201
42.3982,66.1495,0.2791,17.7421,1.0121,1.3326,173.1405
42.8912,59.6908,0.2688,25.5621,0.9906,1.3520,79.3119
40.7343,66.0222,0.2869,19.8940,1.0221,1.3528,165.3668
39.8424,50.6117,0.2797,34.3321,1.0202,1.3647,98.2820
39.6758,51.4344,0.2807,33.4069,1.0049,1.3778,80.7812
44.3081,68.0017,0.2728,16.6958,0.9967,1.2950,229.3768
42.2751,58.8368,0.2711,27.7608,0.9779,1.3672,63.8251
43.7933,63.1119,0.2681,22.7137,1.0053,1.3227,136.7950
41.1887,68.3575,0.2883,18.0801,0.9665,1.3232,255.1964
44.0744,69.8752,0.2772,14.1967,0.9940,1.2862,272.1287
38.2204,49.1849,0.2880,35.9237,0.9998,1.3725,135.7414
44.1646,66.3965,0.2709,17.6434,1.0119,1.3040,193.8019
41.5560,53.1092,0.2715,33.6971,0.9804,1.3705,57.6800
43.3111,68.7140,0.2788,15.9279,1.0433,1.3033,226.5881
42.3161,63.3330,0.2756,21.5612,0.9941,1.3490,123.6211
40.1053,62.9325,0.2860,22.0694,0.9804,1.3696,139.4555
43.7534,63.6234,0.2689,19.9711,1.0457,1.3121,149.4356
44.5544,67.7554,0.2712,16.9130,0.9669,1.2871,246.0424
39.3058,53.7266,0.2831,32.4449,0.9863,1.3975,58.8646
42.5783,64.0102,0.2752,20.0587,0.9944,1.3403,140.8817
43.3283,61.9458,0.2690,23.1294,1.0375,1.3255,120.4604
40.9054,57.7534,0.2771,27.2244,1.0397,1.3740,51.9292
40.5564,63.7089,0.2847,22.2585,1.0217,1.3678,119.0659
43.6604,66.1156,0.2729,16.0354,1.0332,1.3113,180.8080
40.8359,52.7381,0.2750,32.2730,1.0230,1.3649,69.2612
40.4243,57.7020,0.2795,26.5877,1.0521,1.3754,56.4983
40.9894,66.5683,0.2865,18.8178,0.9585,1.3332,226.9359
40.3166,61.0416,0.2829,25.1137,0.9451,1.3756,123.8726
45.4060,69.2233,0.2697,15.4631,1.0459,1.2576,280.4422
39.6726,59.1060,0.2844,26.8795,0.9825,1.3949,73.3766
41.0169,46.9245,0.2742,38.6564,1.0060,1.3273,160.3885
39.1993,58.4933,0.2862,26.0560,0.9535,1.3899,107.5382
43.7087,65.4577,0.2717,19.3992,0.9984,1.3174,172.2231
44.0524,64.6194,0.2688,19.6713,0.9667,1.3104,182.4253
41.9586,49.6265,0.2690,37.3761,1.0010,1.3321,122.0760
41.4447,64.2283,0.2810,22.0543,1.0023,1.3576,130.6721
38.4625,52.4352,0.2870,32.7039,0.9891,1.3944,86.4914
40.5392,55.5765,0.2776,30.4951,0.9559,1.3924,55.0787
43.4467,62.0517,0.2685,23.7402,1.0333,1.3230,125.5592
40.0253,48.7630,0.2789,37.5089,0.9866,1.3613,118.0314
38.5503,55.7217,0.2877,28.7531,1.0380,1.3939,66.9533
42.9014,60.4467,0.2695,25.5529,1.0042,1.3480,86.1048
38.9679,56.2586,0.2859,28.1329,0.9661,1.3989,81.2320
41.4441,65.0620,0.2821,20.2063,1.0161,1.3517,144.6090
44.6533,67.8028,0.2708,16.6371,1.0336,1.2839,231.2330
41.6228,55.3272,0.2720,29.0567,1.0330,1.3615,54.6832
45.9873,70.2446,0.2689,12.9933,1.0209,1.2522,297.7370
43.2604,63.4962,0.2712,21.8047,1.0227,1.3286,133.2385
39.4826,46.1460,0.2822,40.8510,1.0038,1.3375,181.7403
39.4677,47.3879,0.2819,39.1266,1.0422,1.3302,182.5435
42.4624,58.8353,0.2702,26.6144,0.9438,1.3577,94.7088
39.6800,52.7851,0.2809,32.6351,1.0431,1.3676,87.6400
40.4603,56.8158,0.2787,28.4549,1.0216,1.3866,40.5769
40.6151,59.7928,0.2802,25.4328,0.9954,1.3846,67.3095
41.4176,68.1740,0.2869,17.5304,0.9919,1.3282,230.5283
43.5940,69.3500,0.2786,16.2907,0.9823,1.2966,259.2304
42.2811,57.7444,0.2702,27.6863,0.9959,1.3655,53.4443
44.3037,66.9777,0.2711,17.4492,0.9769,1.2970,221.4753
41.6762,48.2276,0.2706,36.2908,1.0108,1.3261,140.2764
44.0949,69.1680,0.2759,13.2468,1.0041,1.2886,257.3456
40.4783,62.3120,0.2835,23.8548,1.0518,1.3660,101.5456
44.9092,69.0228,0.2717,14.1027,0.9819,1.2745,272.2133
38.7621,55.6859,0.2867,29.9264,1.0103,1.4007,58.9840
43.3167,64.6608,0.2724,18.9538,1.0500,1.3170,156.5567
42.9523,64.2545,0.2737,20.1320,0.9800,1.3323,155.8107
41.5655,56.2499,0.2728,28.3023,0.9525,1.3745,68.8585
42.9806,60.4024,0.2690,22.9489,0.9614,1.3415,116.1287
39.2479,61.1362,0.2883,25.3147,1.0191,1.3899,88.9991
41.7320,53.1362,0.2706,32.4231,1.0116,1.3569,67.7348
38.0443,53.1159,0.2893,32.1156,1.0062,1.3951,88.4631
40.4287,53.0963,0.2772,34.0099,0.9682,1.3893,54.2221
41.2689,55.9988,0.2742,28.2840,1.0214,1.3750,41.1467
39.6752,52.2562,0.2808,34.2855,1.0366,1.3653,95.7393
44.6666,71.0733,0.2767,14.3638,1.0035,1.2738,294.2389
39.0229,47.0215,0.2843,39.6506,1.0161,1.3437,173.7049
43.2582,69.1662,0.2798,15.0712,0.9637,1.2919,278.9727
40.5221,51.6116,0.2764,35.5846,1.0199,1.3588,93.3091
38.6957,50.5175,0.2856,34.4203,1.0603,1.3541,138.9146
39.0929,50.0296,0.2835,35.6519,1.0299,1.3616,122.5472
40.7613,64.8626,0.2852,20.9945,0.9640,1.3514,180.4717
40.5893,49.8640,0.2759,36.0655,0.9767,1.3658,96.5300
42.0952,63.9950,0.2775,20.3808,0.9729,1.3429,155.3709
40.6090,58.2680,0.2790,27.6772,0.9895,1.3905,49.7424
41.2825,65.9292,0.2841,18.7156,0.9705,1.3374,202.6284
39.3887,44.9486,0.2832,39.5135,1.0433,1.3145,224.0152
40.2240,63.9632,0.2867,22.1541,0.9595,1.3608,169.5461
38.2602,50.1968,0.2877,36.9181,0.9961,1.3800,119.4468
41.8265,46.0967,0.2704,40.3957,0.9878,1.3134,179.2573
41.5833,46.3033,0.2715,40.1709,1.0030,1.3134,178.6777
39.6027,61.1960,0.2866,24.0008,1.0783,1.3688,100.9695
41.7201,57.4953,0.2729,27.2287,1.0159,1.3710,45.6826
41.3431,47.4999,0.2724,38.3716,1.0320,1.3143,169.8470
43.3983,63.3170,0.2703,22.2604,0.9569,1.3286,153.8803
44.1283,70.4490,0.2781,13.3120,1.0635,1.2761,277.4179
42.0333,58.1576,0.2718,27.1464,0.9923,1.3701,53.5968
41.3360,66.5999,0.2849,19.5288,0.9996,1.3431,184.8336
41.6754,46.1239,0.2711,40.7328,1.0673,1.2789,237.1405
41.6678,50.1793,0.2705,36.0421,1.0177,1.3350,115.9779
43.6702,71.4463,0.2821,14.2084,1.0354,1.2852,287.0012
39.0523,55.3717,0.2850,31.4479,1.0483,1.3798,80.0374
41.6864,62.8008,0.2781,22.7578,0.9740,1.3582,124.4355
39.1229,44.7499,0.2846,41.3544,0.9971,1.3313,210.6935
40.4874,53.2766,0.2770,32.1508,1.0067,1.3794,54.7478
41.1963,64.8055,0.2830,20.3926,1.0076,1.3552,144.8528
41.8899,64.0439,0.2786,20.6274,1.0291,1.3496,124.0924
42.2118,66.5871,0.2806,19.3175,1.0083,1.3350,177.3635
38.2663,54.8995,0.2888,31.3102,0.9948,1.4038,71.8741
43.1334,64.0320,0.2725,22.5054,0.9759,1.3345,146.4550
39.9823,52.7341,0.2794,35.1946,1.0178,1.3716,81.4757
45.4131,69.1158,0.2695,15.1423,1.0291,1.2649,269.1060
39.8378,55.7070,0.2812,29.9384,1.0690,1.3641,86.4727
40.2533,60.5558,0.2828,25.7141,1.0017,1.3865,74.1787
40.7849,65.1075,0.2854,22.2304,1.0228,1.3585,143.4912
40.8972,55.4653,0.2758,31.5596,0.9982,1.3849,39.3547
41.1524,63.4178,0.2814,23.5119,1.0006,1.3657,115.2112
42.0029,49.4772,0.2688,37.5003,0.9695,1.3425,113.2492
42.6792,64.9882,0.2760,18.7960,1.0514,1.3274,151.9773
42.6498,59.9465,0.2702,24.0644,0.9931,1.3542,81.2660
41.5900,59.5668,0.2752,25.2672,1.0350,1.3651,64.0640
39.1296,54.4573,0.2842,32.6547,1.0105,1.3939,60.9753
41.7558,66.3894,0.2825,18.9969,1.0093,1.3405,174.8473
40.0313,55.0946,0.2800,32.8326,0.9817,1.3981,42.0204
43.1862,69.2980,0.2804,16.4632,1.0094,1.3061,240.3426
39.6925,57.2309,0.2829,29.0721,0.9844,1.4004,51.6899
39.4537,58.8237,0.2852,27.2625,1.0023,1.3975,62.5372
40.8968,62.5178,0.2816,23.2770,1.0668,1.3533,113.9921
39.7493,56.4235,0.2821,28.5123,0.9945,1.3978,47.8460
39.9247,60.2443,0.2841,26.2346,1.0036,1.3904,71.9919
39.2284,59.6004,0.2870,25.3539,0.9698,1.3899,104.6474
39.2205,45.5873,0.2838,40.0349,0.9775,1.3442,187.2546
41.8033,58.2214,0.2730,26.7754,1.0362,1.3612,59.5031
40.4909,55.7207,0.2780,30.8000,1.0240,1.3800,50.2410
41.8594,48.1645,0.2697,37.2283,0.9983,1.3264,140.4437
40.8662,47.2045,0.2749,38.9659,1.0252,1.3218,169.0184
42.0069,66.2826,0.2811,18.1381,1.0476,1.3336,167.8300
38.9680,52.5196,0.2844,32.9765,1.0258,1.3810,84.3095
42.7099,65.2942,0.2763,19.4185,1.0073,1.3342,155.9917
43.6018,64.8886,0.2714,21.5104,1.0300,1.3129,167.5461
40.0205,56.7062,0.2809,27.0631,0.9951,1.3932,51.4430
39.9349,55.6099,0.2807,31.2335,0.9733,1.4005,45.2792
44.4859,70.3437,0.2762,15.3526,0.9758,1.2768,291.3301
41.5004,57.2047,0.2738,28.3717,0.9934,1.3798,42.0534
40.4600,59.2830,0.2806,26.5159,1.0888,1.3502,106.6224
40.2678,50.0307,0.2776,36.5177,0.9707,1.3724,93.9843
39.5305,62.6804,0.2886,23.5690,1.0254,1.3806,108.7805
39.4695,56.2443,0.2834,30.4776,1.0342,1.3870,60.1363
42.7869,63.4981,0.2735,22.0288,0.9984,1.3421,125.8101
39.5402,61.1795,0.2869,24.2241,0.9773,1.3835,114.9359
38.3688,45.4901,0.2881,39.4537,1.0436,1.3260,223.6130
42.9941,62.5184,0.2713,23.0875,0.9877,1.3426,116.5709
39.3635,63.0477,0.2898,23.7724,1.0162,1.3807,119.5693
42.8756,59.2577,0.2685,26.1489,1.0375,1.3378,87.8683
42.3244,45.3469,0.2682,41.4796,1.0295,1.2804,226.3304
40.4787,51.9466,0.2767,34.9132,0.9573,1.3844,68.8310
39.2007,55.4257,0.2843,31.6680,0.9765,1.4049,54.1434
39.3096,46.3616,0.2830,40.6152,1.0172,1.3348,186.8649
39.1152,61.7604,0.2896,25.1852,1.0447,1.3835,98.1739
42.8867,59.3639,0.2685,25.3646,1.0044,1.3503,74.9831
40.6543,45.9844,0.2764,40.8446,1.0531,1.2994,220.9827
38.7503,48.0461,0.2854,39.6809,1.0045,1.3573,154.0498
41.6278,48.7649,0.2707,37.5366,1.0008,1.3332,129.6679
41.4370,50.2215,0.2716,36.8509,0.9619,1.3598,93.9929
43.4178,68.7625,0.2784,18.1247,1.0066,1.3064,229.8555
40.8936,56.2437,0.2762,29.8811,1.0046,1.3857,36.5934
42.5687,57.3723,0.2685,26.9959,0.9867,1.3602,60.3168
41.2614,61.0341,0.2782,23.1088,1.0340,1.3681,75.8723
42.0385,66.7307,0.2817,19.5195,0.9785,1.3327,198.1754
43.0117,67.9804,0.2790,18.0287,1.0052,1.3165,211.1926
40.7845,67.8552,0.2895,17.7302,1.0974,1.3214,217.7756
40.9628,45.9009,0.2748,41.2844,1.0159,1.3123,194.2365
42.0796,71.1800,0.2891,15.2964,0.9524,1.2871,335.5294
38.9686,59.6370,0.2883,25.5619,1.0262,1.3945,74.8260
41.6177,69.9092,0.2889,16.2037,1.0168,1.3183,254.2448
42.2377,62.2182,0.2747,21.9956,0.9780,1.3512,119.4833
38.2091,47.0120,0.2884,39.5788,0.9876,1.3590,173.7440
41.2515,58.9703,0.2763,25.1757,0.9984,1.3781,58.6192
41.5380,47.0272,0.2715,37.3193,0.9969,1.3239,157.4239
39.8476,58.3798,0.2829,26.8205,1.0493,1.3823,61.2154
40.0341,49.2587,0.2788,36.3248,0.9842,1.3656,108.9619
43.0690,65.1605,0.2744,19.8479,1.0391,1.3222,159.5280
42.1226,65.1345,0.2789,20.7866,0.9780,1.3415,164.7075
42.4326,60.7370,0.2721,24.3304,0.9684,1.3554,99.9733
40.4526,44.7259,0.2779,41.3258,0.9727,1.3266,197.3722
42.7586,62.0332,0.2719,23.7998,0.9778,1.3483,111.1114
38.9781,50.6303,0.2841,34.6497,0.9853,1.3828,99.0139
42.8701,70.4635,0.2840,14.1205,1.0290,1.3020,262.1136
40.8302,57.1360,0.2771,28.6053,1.0216,1.3816,42.6074
38.8874,50.9914,0.2846,37.0087,1.0253,1.3670,118.4287
41.3460,61.3278,0.2781,21.0911,0.9840,1.3606,114.6830
40.4361,53.8524,0.2774,31.7001,1.0016,1.3846,47.7708
40.3720,56.2602,0.2789,30.3771,1.0143,1.3877,42.3955
42.3487,44.8134,0.2683,41.2938,0.9756,1.2969,210.9521
44.1701,68.3803,0.2741,14.4817,0.9861,1.2893,251.1529
42.6816,65.4452,0.2766,18.3653,1.0038,1.3320,164.3598
40.2193,60.3846,0.2828,24.5585,0.9816,1.3831,91.2065
39.4977,56.4276,0.2834,29.8297,1.0071,1.3989,46.0023
43.5985,62.3286,0.2681,23.1197,1.0030,1.3297,121.5093
40.2543,63.8707,0.2864,20.8558,0.9910,1.3639,149.9953
41.2960,59.7827,0.2768,26.5135,0.9968,1.3787,60.8221
39.6813,62.9810,0.2882,22.3641,0.9760,1.3714,148.6327
40.3165,44.8205,0.2786,39.3397,1.0477,1.3024,225.6977
40.2495,55.1527,0.2789,30.1469,0.9832,1.3941,44.2196
43.8878,71.5024,0.2812,13.1345,1.0224,1.2829,292.0586
41.4891,54.0215,0.2721,30.6620,1.0872,1.3252,120.4155
42.6720,72.0712,0.2880,12.2447,1.0367,1.2927,300.2447
41.5455,65.9301,0.2829,20.9535,1.0284,1.3446,159.1077
40.2508,54.0086,0.2784,33.3503,1.0448,1.3607,88.8489
40.6011,61.9432,0.2824,23.6654,0.9858,1.3752,105.5664
45.0574,70.1491,0.2731,14.0963,1.0266,1.2697,278.4523
38.9447,53.7477,0.2849,31.1672,0.9566,1.3990,81.4461
39.1450,52.0633,0.2835,34.3939,0.9691,1.3944,77.8547
40.2253,52.2201,0.2780,32.8306,1.0166,1.3726,71.6304
42.2929,45.3800,0.2683,41.4373,0.9263,1.3132,200.8559
40.9815,48.3916,0.2741,38.6617,1.0302,1.3245,156.4547
38.6322,54.4565,0.2868,32.7112,0.9898,1.4029,65.4144
41.9903,55.7124,0.2704,29.6193,0.9818,1.3717,47.1139
40.1697,63.1846,0.2860,24.2934,0.9721,1.3736,134.4483
42.3087,54.8708,0.2684,30.2662,0.9787,1.3642,54.3536
38.7550,51.8634,0.2854,33.3027,0.9325,1.3948,106.8466
41.9452,60.0255,0.2738,26.0938,1.0309,1.3577,75.4417
43.6950,63.4163,0.2689,19.9431,1.0216,1.3216,138.0108
38.9940,49.8997,0.2840,34.9052,0.9801,1.3787,110.5549
39.8861,45.7675,0.2803,38.4790,1.0114,1.3301,184.6982
39.2966,48.5634,0.2826,38.0649,0.9916,1.3641,129.4507
40.4731,48.0320,0.2767,37.6383,1.0515,1.3209,171.6990
40.1605,53.7026,0.2787,32.0502,0.9818,1.3914,50.6211
39.5599,59.5760,0.2853,26.6486,0.9651,1.3923,92.7560
40.6288,59.4024,0.2798,25.5567,0.9465,1.3767,104.1258
40.6499,47.4694,0.2759,39.4022,1.0109,1.3325,155.9842
42.5501,63.5032,0.2747,21.8379,0.9550,1.3388,155.3672
38.6234,56.8038,0.2880,29.8989,0.9970,1.4052,62.9512
41.3203,46.2568,0.2729,38.0804,0.9869,1.3240,169.7141
38.6927,55.2367,0.2868,29.1435,1.0112,1.3990,63.2480
39.1643,54.0572,0.2839,32.0108,0.9934,1.3980,58.5740
38.4617,46.0186,0.2874,40.6745,1.0280,1.3338,208.2051
41.2954,59.9355,0.2770,26.3995,0.9927,1.3786,63.9854
38.7135,48.7008,0.2855,37.3526,1.0497,1.3441,166.7570
41.8069,51.2650,0.2698,34.7030,0.9347,1.3621,92.7540
41.7395,51.7583,0.2702,34.4208,1.0040,1.3509,83.8076
40.9902,63.7222,0.2826,23.9074,1.0738,1.3395,147.9770
42.8512,60.4319,0.2697,26.3328,0.9879,1.3523,85.3744
41.5560,54.7386,0.2721,32.4806,1.0497,1.3415,95.3366
42.8643,71.0752,0.2852,14.6678,0.9868,1.2925,299.5614
41.4782,55.4031,0.2728,28.5263,1.0221,1.3698,45.0085
40.1210,48.3679,0.2784,36.6032,1.0011,1.3528,127.6644
39.9535,59.0603,0.2829,26.2687,0.9815,1.3916,73.2893
42.3742,70.3058,0.2861,15.7402,0.9971,1.3061,272.4450
43.0412,64.9393,0.2742,20.5902,1.0285,1.3263,153.3774
39.5387,47.1914,0.2816,39.4451,0.9505,1.3625,149.7839
40.6338,56.2441,0.2775,30.1904,1.0550,1.3616,76.6325
42.9693,63.9099,0.2731,19.5565,0.9973,1.3341,142.4878
39.5015,57.8386,0.2842,29.5307,0.9732,1.4024,60.8194
38.9219,55.1282,0.2856,33.1443,1.0114,1.3956,64.0961
42.7186,70.2777,0.2844,15.4921,0.9852,1.2999,280.4164
38.3483,47.7668,0.2875,37.1175,1.0289,1.3512,168.3084
38.4507,55.3792,0.2881,30.7461,0.9630,1.4061,79.3917
39.7978,60.0360,0.2845,23.5571,1.0092,1.3863,81.3736
40.7082,64.4910,0.2850,20.5615,1.0190,1.3613,136.9037
43.4315,70.8003,0.2820,12.9656,0.9781,1.2809,309.8877
39.5610,59.9124,0.2856,25.4696,0.9516,1.3847,115.9478
39.9949,64.9250,0.2890,21.7164,1.0399,1.3639,142.9434
43.5040,70.8189,0.2817,14.5272,0.9530,1.2762,323.0242
44.4217,70.1516,0.2761,15.8148,1.0178,1.2817,269.4400
39.8558,51.0926,0.2797,36.4235,1.0120,1.3670,97.0041
42.6094,68.9031,0.2825,16.4803,1.0151,1.3155,228.4473
38.0760,47.7637,0.2889,41.1062,1.0498,1.3351,207.5667
42.0640,50.9789,0.2685,36.7709,0.9922,1.3420,100.5210
43.0132,70.8755,0.2841,11.6789,1.0426,1.2959,273.0307
41.6861,70.2911,0.2893,15.9700,0.9298,1.2880,338.1571
40.0973,47.6562,0.2787,37.9797,1.0327,1.3324,162.3557
41.0734,62.9487,0.2813,23.5907,1.0052,1.3684,105.9712
43.2697,61.2230,0.2684,23.3721,1.0163,1.3364,101.7806
40.3914,46.4769,0.2775,41.3954,0.9925,1.3345,168.1479
42.3882,56.7262,0.2690,29.8204,0.9778,1.3668,52.5691
43.5287,70.5870,0.2811,14.2285,1.0532,1.2881,269.6948
40.8979,65.8223,0.2859,19.8782,1.0331,1.3518,157.2213
41.9435,61.0811,0.2749,21.5003,0.9542,1.3479,135.6214
39.4542,55.0308,0.2828,31.7452,0.9959,1.3990,48.8258
40.4228,64.7303,0.2867,20.3862,1.0119,1.3615,148.5369
41.7501,56.6947,0.2722,30.5124,0.9955,1.3744,44.1732
43.6983,69.9023,0.2791,14.6376,0.9801,1.2882,280.1382
42.3567,67.6237,0.2815,18.1250,0.9765,1.3213,222.6134
41.3633,47.3468,0.2723,39.8596,0.9901,1.3299,151.2895
40.3659,65.2248,0.2876,19.2952,1.0117,1.3571,163.7382
38.6126,46.9516,0.2864,39.5794,1.0306,1.3396,188.5230
39.9046,56.2374,0.2812,30.6217,0.9657,1.4009,50.9223
41.6466,64.9923,0.2811,19.7977,0.9923,1.3470,158.6022
39.3685,50.9265,0.2822,36.8653,1.0074,1.3724,100.5016
41.0802,56.3270,0.2753,29.7678,1.0096,1.3813,39.1108
38.8223,45.1641,0.2860,40.7267,0.9832,1.3413,201.9722
41.3042,56.9926,0.2746,27.9169,1.0535,1.3591,65.8323
40.6287,65.6716,0.2870,20.0525,0.9373,1.3367,227.2664
37.9767,53.6407,0.2898,33.5801,0.9985,1.3996,85.0695
38.8001,51.8942,0.2852,33.7658,1.0011,1.3874,86.0006
39.2173,58.1080,0.2859,29.6514,1.0259,1.3944,61.1374
43.2632,66.3467,0.2752,19.6331,0.9803,1.3201,191.1148
41.0369,46.8702,0.2741,38.7942,1.0343,1.3133,180.9548
38.0261,51.9334,0.2891,32.9178,1.0305,1.3815,106.6726
42.7611,66.8152,0.2783,17.7076,1.0232,1.3250,182.1604
41.0875,55.9557,0.2751,29.5365,1.0120,1.3801,39.0891
43.0948,62.8484,0.2712,22.6227,1.0182,1.3350,120.2942
41.4350,50.4560,0.2717,35.3894,0.9847,1.3554,91.7760
38.7985,56.1598,0.2867,31.8205,0.9409,1.4084,78.2412
42.4679,66.5235,0.2793,18.3164,1.0126,1.3312,177.3295
41.9006,45.0344,0.2705,41.5942,1.0171,1.2914,217.6713
42.0325,58.3114,0.2719,26.5529,0.9634,1.3673,74.2874
40.3912,65.5911,0.2880,20.7599,0.9928,1.3562,174.9164
40.9950,57.5138,0.2765,28.0343,0.9856,1.3868,45.8521
39.1573,50.3857,0.2832,35.1481,1.0207,1.3682,109.4600
41.0652,56.8649,0.2757,28.1976,1.0405,1.3697,53.3444
42.5651,62.0644,0.2729,23.1577,0.9755,1.3496,114.4027
42.5382,71.1876,0.2869,14.8763,1.0070,1.2995,288.0326
42.4648,58.4298,0.2698,27.2569,0.9844,1.3630,62.5896
39.9249,49.1674,0.2793,39.3866,0.9934,1.3596,120.7490
41.8815,55.1919,0.2707,30.7316,0.9830,1.3728,45.6659
40.4230,65.0916,0.2872,21.1364,1.0386,1.3595,143.8389
40.6596,47.2242,0.2759,39.7640,0.9754,1.3450,144.4097
38.4538,55.9415,0.2883,29.7088,0.9516,1.4037,91.4350
42.2324,60.0331,0.2724,23.6972,0.9775,1.3584,90.6851
39.5050,63.3235,0.2894,22.9887,1.0090,1.3775,128.2493
41.1838,47.4406,0.2732,40.1687,0.9739,1.3393,142.9429
37.9172,52.3944,0.2897,32.5837,0.9999,1.3933,98.3256
42.7316,65.8064,0.2769,19.5099,0.9998,1.3318,167.8795
40.3615,50.0053,0.2771,36.9287,0.9636,1.3729,94.0888
38.9930,59.3781,0.2880,27.8930,1.0032,1.3995,72.8709
42.3350,60.9468,0.2728,25.7080,1.0210,1.3520,87.7475
40.4846,60.9104,0.2819,24.1679,0.9572,1.3739,117.1989
40.2259,45.2946,0.2788,41.9366,0.9903,1.3281,190.3516
41.9040,61.2007,0.2752,24.0107,0.9653,1.3606,106.5832
39.1638,46.9133,0.2836,40.0098,0.9709,1.3581,158.8702
40.7031,49.1126,0.2754,36.4176,1.0323,1.3364,134.6714
39.0524,58.6840,0.2871,26.9129,0.9484,1.3930,108.2403
41.5319,59.4566,0.2754,26.0785,1.0440,1.3606,71.1739
40.9853,55.6177,0.2754,30.5699,1.0166,1.3774,45.2144
41.0494,46.8274,0.2741,40.1722,1.0635,1.2946,217.0865
39.3413,53.9558,0.2830,31.6611,1.0175,1.3892,60.9126
41.2965,45.4718,0.2733,39.8279,0.9791,1.3200,184.8046
38.7732,59.2612,0.2890,25.3843,1.0041,1.3958,86.4586
40.6396,55.0264,0.2769,30.3710,1.0502,1.3633,70.7506
40.3993,44.8297,0.2781,41.6161,0.9824,1.3254,196.4733
40.6134,49.5130,0.2758,36.3695,0.9812,1.3619,102.5336
41.1328,49.2478,0.2732,36.3866,0.9925,1.3491,111.1721
41.5414,55.5488,0.2726,29.6689,1.0075,1.3735,42.3174
38.3232,46.2173,0.2881,40.3614,0.9736,1.3560,185.4544
37.8660,52.2244,0.2900,34.2661,1.0134,1.3885,103.5385
41.0820,68.5526,0.2892,16.2940,1.0311,1.3318,221.2939
41.4806,68.9621,0.2879,15.4361,0.9694,1.3097,280.0406
39.0191,60.6292,0.2890,25.7076,1.0446,1.3879,84.5875
42.2311,45.1406,0.2687,43.5589,1.0313,1.2751,241.9976
38.5677,54.1242,0.2870,32.9911,0.9647,1.4061,72.7966
41.2879,62.4494,0.2796,22.7438,1.0137,1.3667,96.7533
44.6127,66.6834,0.2692,19.8120,1.0254,1.2868,217.5911
42.6195,59.5452,0.2700,27.0222,0.9536,1.3580,89.4096
43.1936,62.5525,0.2703,23.2529,0.9999,1.3379,116.8485
43.3520,65.6870,0.2737,19.9322,1.0509,1.3084,182.3720
42.6586,64.5354,0.2755,20.9584,1.0123,1.3386,139.3220
40.7500,50.9488,0.2752,36.0434,1.0052,1.3597,91.3033
38.6569,57.7971,0.2885,27.9377,0.9991,1.4026,70.5318
42.6416,65.0459,0.2763,20.5019,0.9843,1.3359,160.6394
39.4366,47.0209,0.2822,37.5851,0.9827,1.3531,156.7039
44.4938,67.6583,0.2713,15.8876,1.0290,1.2901,222.0136
40.0893,55.5010,0.2799,31.2091,1.0369,1.3764,63.5237
40.3958,64.9096,0.2871,20.1729,0.9392,1.3420,215.9706
42.8359,67.0630,0.2783,17.5403,1.0041,1.3224,195.0115
42.0643,46.5232,0.2690,38.4831,0.9747,1.3169,170.7774
38.7138,48.3685,0.2856,38.7440,0.9891,1.3669,140.6580
45.0494,67.6654,0.2687,15.7823,1.0031,1.2820,234.5536
39.6531,47.2895,0.2810,37.9233,1.0332,1.3348,169.3421
41.4754,58.4076,0.2748,26.2385,0.9983,1.3773,51.2783
40.0080,45.1368,0.2800,40.3825,0.9755,1.3341,190.5268
40.3461,45.5657,0.2781,39.1000,1.0062,1.3252,186.1038
41.8070,60.1886,0.2747,23.9791,0.9400,1.3560,122.6906
39.9493,51.2409,0.2793,35.9544,0.9608,1.3858,78.3586
41.3545,57.4774,0.2747,28.0057,1.0118,1.3780,41.9709
44.5645,70.3204,0.2758,14.0260,0.9527,1.2652,317.3065
39.2766,52.8009,0.2829,32.9328,1.0142,1.3851,72.1254
38.6084,45.1471,0.2870,42.1121,1.0086,1.3327,215.5687
45.1706,69.3630,0.2711,14.1781,0.9858,1.2702,277.5714
42.4582,65.9817,0.2785,20.5583,0.9656,1.3311,189.4294
41.0119,45.3908,0.2748,40.1388,1.0039,1.3154,191.5139
41.1654,67.8247,0.2876,16.9027,0.9647,1.3210,255.9383
40.2546,49.8320,0.2776,35.8035,1.0116,1.3576,107.0494
38.6404,45.0965,0.2869,42.3959,1.0108,1.3308,218.4022
41.1048,66.7937,0.2863,19.6797,1.0174,1.3454,180.4674
42.4823,68.9001,0.2831,16.6181,1.0305,1.3167,223.4157
43.7004,69.2647,0.2779,15.8625,1.0054,1.2986,245.4185
41.5188,53.6716,0.2719,33.6503,1.0539,1.3341,110.3818
38.8014,53.8436,0.2857,31.5628,1.0407,1.3823,81.0673
42.0540,45.2144,0.2696,40.9051,1.0169,1.2911,213.4153
43.8305,68.7774,0.2764,16.2562,1.0097,1.2995,234.4061
38.3709,56.9173,0.2893,30.7133,1.0345,1.3951,74.5067
38.7276,52.4479,0.2856,34.1630,1.0125,1.3863,85.3671
42.7528,58.2096,0.2682,27.9252,1.0073,1.3523,66.8405
45.4322,70.7821,0.2726,14.8647,1.0021,1.2620,299.4474
39.9958,57.9828,0.2819,27.1199,0.9757,1.3933,66.3357
38.6801,47.4691,0.2859,36.9483,1.0193,1.3509,164.1963
42.6838,64.1980,0.2749,20.4355,1.0105,1.3396,134.7354
38.0908,47.6206,0.2889,37.7846,1.0377,1.3470,181.7278
37.8298,51.1316,0.2900,36.8449,0.9895,1.3891,114.4246
40.9731,62.6299,0.2814,23.9559,0.9872,1.3708,109.1582
37.8912,48.5810,0.2897,38.8772,0.9854,1.3730,150.7943
40.3603,57.3495,0.2796,26.8034,1.0371,1.3832,45.8885
41.1349,68.8586,0.2894,13.4065,0.9442,1.2930,324.4739
39.9274,46.8058,0.2798,39.8483,1.0021,1.3401,163.3410
42.6294,62.6237,0.2732,22.7431,1.0060,1.3473,108.7959
42.1396,69.9229,0.2865,16.4402,0.9936,1.3109,265.1120
42.3817,58.1689,0.2700,25.4764,0.9835,1.3612,68.3171
41.1193,46.8099,0.2737,39.7003,1.0126,1.3204,170.6790
38.6595,57.2736,0.2881,28.4104,1.0186,1.4009,62.2127
38.9966,56.3816,0.2859,29.6858,0.9605,1.4035,73.7536
39.2197,59.9679,0.2874,27.8787,0.9831,1.3978,83.5634
39.7838,55.9940,0.2817,31.2651,1.0171,1.3907,50.0682
41.3350,49.9212,0.2722,34.9938,0.9896,1.3519,100.0910
45.4700,70.2449,0.2714,12.6221,0.9971,1.2616,295.2388
38.9771,53.5812,0.2847,31.3111,0.9591,1.3985,80.0197
40.2965,50.2356,0.2774,35.6772,1.0512,1.3383,134.3014
42.2704,45.0633,0.2686,42.0942,0.9718,1.3013,204.0278
39.8909,53.5176,0.2800,31.8385,1.0358,1.3736,71.7836
39.4896,62.7813,0.2889,23.5584,1.0328,1.3796,109.2940
41.4015,51.8731,0.2720,35.5909,0.9941,1.3599,78.0904
42.4087,56.3582,0.2687,29.7064,0.9966,1.3617,52.5987
41.4744,67.0681,0.2849,16.9710,0.9971,1.3327,208.8000
41.0524,58.9874,0.2774,26.1746,1.0608,1.3604,75.4734
39.8879,52.3119,0.2797,31.9250,0.9531,1.3865,82.8753
41.9371,50.4548,0.2691,36.2313,1.0152,1.3321,116.0183
41.0662,61.7769,0.2800,25.5051,0.9940,1.3751,88.4254
42.0973,61.8660,0.2750,23.4767,0.9810,1.3582,104.3828
40.1112,60.5295,0.2834,24.9031,1.0336,1.3826,71.5358
42.4593,69.4560,0.2841,18.3959,1.0053,1.3150,241.0581
44.6279,67.5304,0.2705,16.2368,0.9964,1.2905,227.0875
41.8682,44.8160,0.2707,41.8922,0.9816,1.3038,205.3301
40.3313,51.7679,0.2774,33.8497,1.0375,1.3565,96.0887
41.3723,57.7500,0.2748,28.0298,1.0170,1.3756,45.5594
42.2836,57.9195,0.2703,27.6057,1.0213,1.3575,59.9286
38.7206,47.1506,0.2858,39.1880,1.0352,1.3387,185.8679
41.8109,68.1515,0.2850,15.3193,1.0047,1.3222,230.2466
40.9292,63.5320,0.2827,22.2254,0.9456,1.3540,167.6812
43.5142,69.3894,0.2790,14.4611,1.0055,1.2982,251.9696
41.6943,60.2176,0.2753,24.3111,1.0088,1.3692,67.9995
41.3796,52.9108,0.2723,33.4384,0.9685,1.3751,58.5756
42.8609,60.5173,0.2697,26.0109,0.9943,1.3508,86.0208
41.8140,47.2564,0.2701,38.7173,1.0201,1.3102,170.7049
40.8349,45.3613,0.2757,41.9500,1.0160,1.3093,205.7828
41.1417,60.6299,0.2784,26.6877,0.9683,1.3784,84.0710
40.0135,50.8081,0.2789,36.3082,1.0145,1.3630,100.4779
43.0979,68.5387,0.2795,17.3829,1.0216,1.3112,219.9747
39.6957,56.4222,0.2824,30.5641,0.9965,1.4000,43.2669
41.7513,65.7585,0.2816,19.4872,0.9957,1.3428,169.6796
42.2035,63.1030,0.2759,20.3346,1.0543,1.3412,117.0919
40.2595,47.7000,0.2779,37.5803,0.9906,1.3493,137.6675
41.9134,49.9094,0.2692,36.9771,0.9670,1.3480,104.3660
41.8327,46.9951,0.2701,37.8112,0.9629,1.3273,159.0338
40.9705,45.3553,0.2750,42.8625,0.9813,1.3215,188.5836
41.7063,47.2654,0.2706,39.6686,0.9700,1.3307,150.2207
39.3436,58.6412,0.2856,25.7723,1.0350,1.3925,60.0507
41.6931,65.6262,0.2817,19.0795,1.0376,1.3433,152.7575
41.3855,58.3761,0.2752,26.8002,1.0238,1.3734,49.7862
42.3025,67.8348,0.2821,18.2269,0.9988,1.3255,209.9375
43.0833,65.3756,0.2746,19.1007,1.0789,1.3034,186.9829
41.3489,52.3629,0.2723,33.4443,0.9677,1.3724,65.2837
40.2719,56.3113,0.2794,28.9675,1.0213,1.3879,41.2928
40.5068,57.3787,0.2789,28.3074,0.9987,1.3920,40.6153
43.8834,67.9914,0.2748,16.6758,1.0104,1.3024,219.1000
40.3750,44.9316,0.2782,39.5205,1.0036,1.3202,199.0324
42.1691,57.1399,0.2704,28.0131,1.0443,1.3484,70.4863
40.1351,63.8024,0.2869,21.8753,1.0197,1.3703,126.1916
37.9144,50.8609,0.2895,36.0169,1.0215,1.3765,124.9933
45.9588,69.8895,0.2684,13.6913,0.9789,1.2528,303.0646
42.7420,67.6550,0.2797,16.0144,1.0315,1.3198,199.1872
43.1117,62.4850,0.2707,19.0570,0.9579,1.3236,164.4797
42.5694,67.8488,0.2809,15.9093,0.9932,1.3161,225.7033
44.8299,70.5615,0.2750,13.4614,0.9738,1.2663,307.7295
40.0076,64.5166,0.2884,19.8704,1.0292,1.3649,143.0849
40.4949,51.9060,0.2766,34.1632,0.9820,1.3790,66.8187
40.7751,48.8956,0.2751,35.3542,0.9602,1.3576,119.5372
43.6200,68.2771,0.2766,18.5155,1.0170,1.3039,222.2421
40.1312,46.4762,0.2788,38.8747,1.0528,1.3132,201.1564
41.9344,50.1850,0.2691,35.1711,0.9692,1.3488,100.8376
43.4005,63.1233,0.2700,21.7965,1.0548,1.3137,146.7418
41.2771,65.6372,0.2838,20.3192,0.9716,1.3446,185.3423
39.0956,58.4032,0.2867,28.2083,0.9930,1.4015,66.4018
40.9910,67.7093,0.2882,16.7211,0.9677,1.3227,254.7495
38.5519,55.4512,0.2876,30.8649,0.9867,1.4054,66.1163
42.7237,69.4831,0.2829,15.6685,0.9839,1.3041,264.4631
39.9161,63.3961,0.2875,21.3141,1.0450,1.3710,116.5951
40.4946,59.6856,0.2807,24.4846,1.0088,1.3841,64.9749
39.2930,55.4977,0.2839,31.4215,1.0384,1.3833,69.5921
41.6366,70.0457,0.2891,13.9848,0.9822,1.3022,298.3778
42.2125,68.4236,0.2835,16.3330,1.0131,1.3218,220.8772
40.8648,57.8555,0.2774,27.9518,0.9999,1.3875,41.9463
43.6895,64.4975,0.2704,20.1737,1.0256,1.3167,155.7906
42.8205,64.0865,0.2741,21.2116,0.9911,1.3386,140.1635
45.4442,70.5686,0.2721,12.2835,1.0544,1.2544,299.0822
42.8615,60.0505,0.2693,26.1639,0.9490,1.3508,103.0921
39.9059,48.2284,0.2795,37.6459,0.9800,1.3602,127.7802
38.8722,52.5591,0.2849,32.5745,1.0200,1.3847,81.2855
40.6399,49.5341,0.2757,35.6903,0.9608,1.3652,105.5045
39.7529,46.6789,0.2807,38.2431,0.9789,1.3488,160.2010
41.6765,67.7455,0.2850,18.2172,0.9726,1.3256,231.8969
39.2139,59.3546,0.2869,25.9391,0.9770,1.3934,93.0936
39.5200,45.0918,0.2825,42.4133,0.9682,1.3402,193.1758
43.5587,67.4659,0.2755,16.9277,1.0282,1.3083,203.2196
38.4970,58.2757,0.2896,25.5971,1.0433,1.3952,72.0733
38.5668,47.2784,0.2865,37.6657,0.9868,1.3598,162.8790
42.7029,71.5267,0.2868,13.9623,0.9953,1.2916,307.1832
42.2999,65.1136,0.2780,19.4356,1.0179,1.3405,147.0552
44.4539,66.5374,0.2697,18.9498,1.0259,1.2927,207.1440
43.2354,70.8745,0.2831,14.2105,1.0563,1.2900,273.7906
42.4102,59.9742,0.2715,26.9111,1.0432,1.3401,96.9342
40.9460,51.9335,0.2743,35.1384,0.9963,1.3674,72.8550
41.5231,53.4148,0.2718,32.9173,0.9952,1.3680,56.9887
39.8347,60.5572,0.2848,23.8181,0.9420,1.3728,140.1235
38.6006,51.8674,0.2862,34.3640,1.0010,1.3881,90.0686
39.8673,58.1773,0.2827,28.4830,0.9922,1.3978,52.3331
40.9604,66.0108,0.2858,19.1753,0.9980,1.3476,180.5059
39.3154,59.2939,0.2863,26.7179,0.9587,1.3928,99.6533
40.5246,52.7468,0.2766,33.5573,1.0353,1.3594,85.7901
44.7034,66.4863,0.2684,17.7393,1.0081,1.2932,206.1469
40.6100,55.3207,0.2771,30.6734,1.0529,1.3614,75.8312
39.4819,45.9861,0.2823,39.6503,0.9775,1.3458,176.0322
40.2097,64.4831,0.2874,21.6329,1.0013,1.3655,147.6142
41.5867,68.8500,0.2873,16.7670,1.0107,1.3251,233.1036
39.7256,62.4064,0.2873,24.1193,0.9805,1.3796,124.5012
42.3249,71.9475,0.2894,13.4870,0.9804,1.2853,335.3236
39.3864,58.2447,0.2851,26.7278,0.9960,1.3972,65.6663
42.7894,65.2409,0.2758,20.5380,0.9965,1.3343,157.3750
40.7176,48.8559,0.2753,36.6973,1.0256,1.3377,134.1108
43.1048,60.5040,0.2685,23.9503,0.9889,1.3452,94.1195
39.8503,62.0451,0.2863,24.7613,0.9936,1.3831,105.4835
40.7705,57.6162,0.2777,29.9315,1.0218,1.3789,52.4471
41.1821,68.2590,0.2882,16.9921,1.0209,1.3330,217.1180
43.1619,62.6211,0.2706,22.0828,1.0167,1.3353,116.9823
44.2791,66.0198,0.2697,18.4256,1.0180,1.3018,190.0650
40.1764,45.1324,0.2791,41.7434,1.0365,1.3066,223.8367
43.8236,63.6491,0.2686,22.4383,0.9807,1.3236,147.9211
42.8515,58.9660,0.2683,26.6685,1.0681,1.3200,115.3818
42.4658,69.2778,0.2838,17.0883,1.0456,1.3109,233.6804
40.3594,66.6825,0.2897,19.6291,0.9784,1.3445,213.7956
43.2677,70.6216,0.2824,14.3464,1.0712,1.2849,276.0205
44.6437,68.5454,0.2721,16.2856,1.0380,1.2795,246.5194
41.0345,63.2486,0.2818,22.8181,0.9579,1.3597,147.1038
41.1063,66.9488,0.2865,18.9827,1.0397,1.3423,179.4240
41.8390,63.8928,0.2787,19.7432,1.0058,1.3505,132.5309
40.6840,64.9830,0.2857,20.3113,0.9860,1.3546,168.9005
39.6412,55.4096,0.2821,29.2003,0.9752,1.3973,59.0855
38.6135,58.5242,0.2892,28.5441,1.0209,1.4002,68.8741
39.9394,52.4328,0.2795,35.1441,1.0642,1.3437,129.2106
39.9670,46.6125,0.2796,38.8507,1.0125,1.3352,169.1902
39.1615,57.7778,0.2859,28.7674,0.9991,1.4020,57.6966
41.0474,52.5627,0.2739,35.9613,0.9985,1.3653,74.3914
40.7994,55.7639,0.2764,30.6975,0.9826,1.3909,37.3918
38.0977,47.9929,0.2888,37.2968,1.0067,1.3617,160.5895
40.2873,66.0628,0.2892,21.0712,0.9809,1.3530,192.3451
39.7723,55.2217,0.2813,30.5910,0.9846,1.3988,46.6261
41.9426,60.7248,0.2745,26.0936,1.0211,1.3595,80.2393
41.5327,69.0789,0.2879,15.3041,0.9563,1.3033,295.4404
40.7250,67.4134,0.2891,18.5730,1.0392,1.3433,190.9948
39.0593,49.3389,0.2837,37.4002,0.9425,1.3836,118.7081
44.4105,70.5519,0.2769,14.0196,0.9533,1.2663,320.6133
39.4037,62.0476,0.2885,21.4961,0.9863,1.3739,140.6024
39.8392,47.3717,0.2801,39.6222,0.9888,1.3508,147.1561
41.8536,59.3816,0.2737,27.2005,1.0196,1.3642,64.8869
41.6491,55.6777,0.2721,31.5662,1.0231,1.3601,63.0503
39.5970,56.2204,0.2827,31.6419,0.9792,1.4038,46.1387
43.4036,63.7533,0.2708,19.3878,0.9896,1.3262,150.1254
38.5209,46.9947,0.2868,37.9047,1.0379,1.3401,186.6515
42.1496,70.9569,0.2883,15.3281,1.0029,1.3041,286.1142
42.0719,64.5800,0.2784,21.9411,0.9730,1.3460,153.9735
40.2205,66.0621,0.2895,18.6100,0.9985,1.3496,194.8889
39.6876,61.4525,0.2865,24.4149,0.9777,1.3830,113.6654
41.4200,49.6429,0.2717,36.3772,1.0058,1.3416,113.4334
45.0572,70.2202,0.2732,15.3428,1.0200,1.2692,281.7855
42.0290,67.4079,0.2828,18.8296,1.0263,1.3313,190.0003
42.8349,69.4851,0.2824,15.8167,1.0309,1.3087,237.7761
42.0715,66.5837,0.2813,19.3618,0.9799,1.3329,195.1787
42.6454,71.8939,0.2878,13.7008,0.9707,1.2809,338.8083
42.3609,60.5692,0.2723,23.3137,1.0313,1.3522,80.0451
40.6510,47.7882,0.2759,38.5213,1.0153,1.3340,150.1548
39.1127,51.3079,0.2835,35.2811,0.9498,1.3935,90.8334
39.4868,59.9414,0.2860,26.8429,1.0197,1.3926,69.3354
41.5522,55.1355,0.2723,30.1560,1.0165,1.3681,48.7739
39.5553,52.8500,0.2816,34.2237,1.0156,1.3801,75.1257
42.9443,70.5597,0.2838,14.1708,0.9793,1.2907,298.0775
41.7991,60.5812,0.2751,23.8258,0.9751,1.3640,94.3309
41.7292,57.1910,0.2726,27.4298,0.9978,1.3746,44.9827
40.9247,48.2418,0.2744,38.2756,1.0143,1.3338,142.8391
40.5934,62.3604,0.2829,20.9678,0.9427,1.3525,171.7190
41.9111,57.3402,0.2718,27.8055,1.0077,1.3697,46.5482
40.0716,48.4553,0.2787,36.4850,1.0072,1.3518,128.2940
39.4498,49.9227,0.2817,38.5746,0.9763,1.3770,103.4401
40.5276,64.5526,0.2859,21.6617,1.0027,1.3634,143.9986
42.7435,64.5525,0.2751,21.2049,1.0052,1.3380,141.3844
42.3498,57.4292,0.2697,25.6474,1.0573,1.3435,72.1278
45.2845,70.7370,0.2732,13.8029,0.9716,1.2593,314.3396
40.6100,67.2584,0.2894,17.9240,1.0031,1.3411,211.2700
40.8533,66.0973,0.2865,18.3414,1.0021,1.3463,185.3787
38.1438,50.0862,0.2883,36.5497,1.0106,1.3749,127.0826
38.8494,47.0955,0.2851,38.8187,1.0073,1.3502,167.1649
43.1088,65.3669,0.2745,19.9677,0.9433,1.3171,203.9186
40.5687,48.2304,0.2762,38.1096,0.9747,1.3545,124.7945
42.5154,64.8805,0.2767,19.4209,1.0003,1.3379,152.3132
40.2918,58.4172,0.2807,23.8638,1.0441,1.3820,52.3911
40.4565,60.6217,0.2818,25.7140,0.9621,1.3814,98.6781
41.0037,44.8391,0.2751,41.3732,1.0031,1.3104,204.7751
41.6687,69.2389,0.2875,15.0333,1.0160,1.3194,245.5408
38.6028,53.3824,0.2865,32.0583,0.9509,1.4011,88.9035
42.9309,67.3701,0.2784,16.9808,0.9850,1.3152,216.8452
39.7876,52.0217,0.2802,35.4429,0.9484,1.3935,73.0679
42.1510,52.8454,0.2684,32.3136,0.9899,1.3560,68.3670
40.1496,47.9168,0.2784,38.1725,0.9762,1.3564,131.9017
42.3586,65.9001,0.2789,21.5986,0.9390,1.3282,205.6849
39.9389,56.2433,0.2810,30.6603,0.9617,1.4006,52.8854
40.0805,46.6687,0.2790,38.2580,0.9695,1.3477,158.7377
41.0430,59.6338,0.2780,25.7770,1.0065,1.3807,57.9763
42.7610,63.0462,0.2731,21.6744,0.9833,1.3423,128.8933
39.3428,56.1921,0.2840,28.6897,1.0247,1.3948,50.1408
39.6971,64.4540,0.2899,20.6317,1.0083,1.3666,155.5923
41.0634,66.6892,0.2863,17.3947,0.9747,1.3319,223.9618
38.3369,47.6874,0.2876,39.9744,0.9996,1.3589,164.2451
40.7178,53.2970,0.2758,34.1393,1.0245,1.3628,78.1763
42.7198,61.3769,0.2713,25.5115,0.9935,1.3515,94.0572
39.7892,60.9022,0.2854,26.8977,1.0225,1.3863,79.0320
42.6294,58.5347,0.2691,26.2538,0.9946,1.3580,65.0085
38.5811,51.0690,0.2862,34.3222,0.9659,1.3912,101.8583
41.0515,57.0357,0.2759,28.0297,1.0508,1.3644,62.1153
41.8704,63.1493,0.2776,23.8423,0.9869,1.3587,115.5490
39.7397,55.8547,0.2818,30.0142,0.9880,1.3997,45.5618
42.5132,56.9221,0.2685,28.5852,0.9978,1.3602,54.4689
39.2132,51.7810,0.2831,33.9521,1.0452,1.3641,107.3094
41.2367,52.9723,0.2731,33.7209,1.0319,1.3509,86.7553
40.6540,51.3186,0.2757,35.1964,1.0738,1.3256,147.4458
38.9564,49.7529,0.2842,34.9269,1.0408,1.3571,131.8631
43.4876,69.9390,0.2801,15.2016,0.9730,1.2898,283.5581
41.5428,58.4801,0.2745,27.2524,1.0162,1.3729,50.6759
41.2657,57.9846,0.2755,26.0117,0.9729,1.3771,68.0719
39.3699,54.8573,0.2832,30.7166,1.0556,1.3738,80.2523
40.8751,66.8332,0.2875,19.1777,0.9937,1.3434,199.7070
41.4175,48.5877,0.2718,39.2134,0.9854,1.3398,128.0532
41.9341,45.9032,0.2699,41.4450,1.0066,1.3010,196.5288
41.4253,60.8091,0.2772,25.8648,0.9925,1.3743,75.1724
40.1764,56.8511,0.2802,27.0225,1.0566,1.3755,58.2315
41.6768,52.2664,0.2707,33.2074,1.0284,1.3446,88.9903
41.3572,45.8733,0.2728,38.5111,0.9754,1.3229,177.7817
41.4075,61.3749,0.2778,24.0206,1.0521,1.3563,92.2645
42.3214,66.0024,0.2792,18.4983,1.0182,1.3355,164.8599
40.7948,66.4849,0.2873,19.0877,1.0377,1.3483,171.1409
39.7258,56.0706,0.2820,29.2962,1.0440,1.3819,59.4072
43.3648,62.0506,0.2689,24.6732,1.0299,1.3242,126.3865
38.5979,52.5539,0.2863,33.6438,0.9697,1.3989,83.1421
40.3668,62.1854,0.2839,23.3627,0.9849,1.3752,113.7388
39.0088,58.6413,0.2873,28.5091,1.0012,1.4014,65.7232
37.9867,53.2761,0.2896,32.9065,0.9591,1.4042,94.7922
39.1614,59.9823,0.2877,25.5229,0.9706,1.3904,106.8551
41.5469,56.6291,0.2732,29.2034,0.9915,1.3794,40.2790
42.8173,60.1293,0.2696,25.9718,0.9895,1.3532,81.5974
38.6004,55.5902,0.2874,31.5499,1.0115,1.4004,63.3555
39.2283,55.0612,0.2840,29.2071,1.0301,1.3908,56.6646
40.7093,65.1002,0.2858,19.1840,0.9529,1.3401,209.7440
42.3831,67.5247,0.2812,18.9117,0.9771,1.3238,215.9594
39.9239,58.1382,0.2823,26.5658,1.0124,1.3933,50.6339
40.1792,52.4387,0.2783,32.9703,0.9797,1.3854,63.2098
40.3221,57.6899,0.2800,29.0985,0.9802,1.3959,47.9736
42.6632,70.6794,0.2854,14.9821,0.9610,1.2885,313.7018
40.7583,65.5073,0.2861,20.6444,0.9907,1.3538,170.9409
38.8238,58.8750,0.2884,27.2547,0.9599,1.3970,101.6290
38.2358,47.3805,0.2882,39.0462,0.9673,1.3679,163.5129
46.2543,70.5145,0.2682,13.7778,1.0349,1.2399,316.4505
38.8637,57.1774,0.2870,31.4197,1.0090,1.4016,59.5839
39.7661,50.8929,0.2801,34.7496,1.0134,1.3696,92.6892
42.0704,66.5073,0.2812,18.5010,0.9828,1.3315,196.6697
39.7812,58.4868,0.2833,27.7122,0.9708,1.3960,71.0052
41.2523,56.6876,0.2747,29.5560,0.9878,1.3848,38.6719
41.7300,45.4882,0.2711,41.1797,0.9904,1.3090,191.9666
42.5697,58.3061,0.2692,26.9989,0.9677,1.3604,72.9061
41.1774,67.8294,0.2875,19.3401,1.0070,1.3379,207.4105
38.7738,52.4161,0.2854,34.1185,0.9911,1.3932,79.3262
42.2387,46.0663,0.2683,40.3938,0.9978,1.3018,189.6560
40.1875,45.6903,0.2788,42.5855,1.0083,1.3218,197.3522
39.6010,49.9444,0.2809,36.6159,1.0087,1.3652,109.6382
41.8196,62.0304,0.2765,25.0099,1.0114,1.3611,92.7852
40.6765,58.8130,0.2791,28.3732,1.0497,1.3664,76.3353
44.1569,68.6814,0.2747,15.8885,1.0313,1.2915,236.0203
39.9566,50.6560,0.2792,33.9828,1.0467,1.3509,115.5592
42.5052,61.6818,0.2727,24.0578,1.0143,1.3505,94.5284
40.4381,59.4074,0.2808,28.8529,0.9934,1.3907,57.4534
38.6616,55.0743,0.2869,33.0431,0.9911,1.4041,62.5231
45.1256,68.8682,0.2704,13.8500,0.9823,1.2711,272.8387
40.9178,45.0401,0.2754,40.8255,1.0092,1.3112,202.3518
40.5226,65.2801,0.2869,20.8381,0.9689,1.3519,186.8567
43.4916,66.2648,0.2739,18.2546,0.9689,1.3115,206.4321
42.9941,62.8200,0.2716,22.9499,1.0173,1.3370,118.5023
43.8147,63.4809,0.2684,23.1179,0.9974,1.3225,142.8011
40.0344,47.8225,0.2790,38.9130,1.0148,1.3412,151.1041
39.8644,61.6030,0.2857,23.3451,0.9884,1.3801,111.4819
41.7203,62.2991,0.2773,25.1727,0.9927,1.3649,97.4080
40.5997,54.7448,0.2769,31.2844,1.0205,1.3777,51.2831
43.4543,65.6087,0.2731,20.3175,0.9648,1.3185,188.7910
40.2990,46.3230,0.2780,40.4592,1.0658,1.3002,225.4089
41.9082,66.1207,0.2814,19.2326,1.0327,1.3389,162.9474
40.3657,65.9368,0.2886,20.0381,0.9842,1.3509,192.5873
40.5973,65.0134,0.2862,21.5055,1.0167,1.3608,145.2525
38.8588,49.9002,0.2847,34.6166,1.0260,1.3659,120.6322
41.9076,57.3412,0.2718,32.0568,1.0133,1.3585,70.1361
40.3899,62.3723,0.2840,23.6119,1.0464,1.3694,99.2966
43.7942,66.7965,0.2733,17.2741,1.0565,1.2972,204.9621
46.0423,70.3509,0.2689,13.4787,0.9941,1.2517,304.9303
43.2031,66.5796,0.2758,18.0343,1.0000,1.3198,188.6861
45.0822,70.1204,0.2729,14.0291,1.0040,1.2712,280.6564
41.6377,47.6269,0.2709,38.8716,0.9921,1.3275,147.7699
39.4127,62.7953,0.2893,21.1557,1.0314,1.3771,118.6436
40.8686,65.5272,0.2856,21.0229,0.9672,1.3490,186.8600
43.3310,67.0962,0.2760,17.1823,1.0121,1.3154,195.6008
41.4332,67.8386,0.2863,19.4112,0.9833,1.3328,220.5671
38.1902,49.2100,0.2881,37.0155,0.9883,1.3762,134.0790
39.3250,56.6305,0.2843,28.7989,1.0050,1.4001,50.1611
40.5124,57.9648,0.2793,27.1470,0.9068,1.3728,124.3685
40.7126,48.8932,0.2754,37.3611,0.9439,1.3634,117.3394
40.6154,65.4711,0.2867,20.0300,1.0094,1.3560,162.3718
40.2910,60.0960,0.2821,26.0671,1.0500,1.3741,75.7858
41.7625,70.3306,0.2890,14.0097,0.9930,1.3038,292.2644
39.0934,44.5912,0.2848,42.6698,1.0006,1.3277,218.3272
41.7709,60.1516,0.2748,26.8772,0.9922,1.3716,67.8590
42.2769,56.7737,0.2696,29.0759,1.0357,1.3483,70.1305
38.6435,48.6310,0.2859,37.9891,0.9790,1.3726,134.7941
41.3121,58.2931,0.2755,27.3002,1.0383,1.3674,58.6596
41.6530,58.3477,0.2738,26.0842,0.9912,1.3744,55.9041
40.8983,51.2527,0.2744,34.8006,0.9938,1.3661,78.1193
41.7659,51.9567,0.2702,34.1094,1.0213,1.3434,92.2770
40.7707,63.1020,0.2829,21.4751,1.0181,1.3677,111.2742
42.6812,62.1756,0.2724,24.3299,0.9397,1.3436,138.8791
41.8258,60.6603,0.2750,25.0874,0.9947,1.3682,75.8980
40.6896,60.4267,0.2805,26.4835,0.9781,1.3840,78.3142
38.4322,44.6494,0.2882,42.3846,0.9627,1.3447,215.5525
42.6764,70.7363,0.2854,14.4196,0.9939,1.2972,288.9940
41.4543,66.2683,0.2838,17.6843,1.0367,1.3424,166.9695
39.9043,56.8629,0.2816,27.9562,0.9488,1.3910,82.5571
42.1742,57.6378,0.2707,26.5913,1.0327,1.3568,58.0886
41.7829,68.3248,0.2854,17.5704,0.9993,1.3264,224.6162
41.0575,57.1970,0.2760,29.9834,1.0114,1.3803,44.4875
41.9249,65.0771,0.2798,21.8925,0.9997,1.3480,146.8969
43.3434,69.5586,0.2801,14.2830,1.0604,1.2947,247.1428
42.2068,45.0240,0.2689,41.4997,1.0079,1.2900,215.7415
45.9173,69.7428,0.2683,15.7958,1.0341,1.2468,300.8496
41.6357,48.1474,0.2708,39.2534,0.9895,1.3315,139.3084
39.0787,56.9551,0.2858,29.0467,1.0466,1.3875,66.6717
39.4702,51.9831,0.2818,34.6706,0.9620,1.3932,75.1938
41.9357,69.7697,0.2872,15.5039,1.0123,1.3150,254.4789
41.9388,53.7792,0.2698,32.0380,1.0431,1.3391,90.1732
43.4089,65.1863,0.2727,19.5568,1.0239,1.3206,160.8734
39.7434,53.6749,0.2808,34.8113,1.0072,1.3837,66.9378
41.7976,70.0691,0.2884,15.4012,0.9709,1.3025,296.8995
42.2926,67.2547,0.2813,16.9568,1.0218,1.3284,191.1577
42.7811,67.6965,0.2796,17.3499,0.9672,1.3117,235.6273
41.9382,61.0885,0.2749,25.7565,0.9828,1.3665,84.8297
41.0474,62.7215,0.2811,21.7514,1.0039,1.3665,110.1144
39.3541,55.5512,0.2836,32.0334,0.9979,1.4001,49.4579
39.2453,55.2263,0.2840,28.9676,1.0296,1.3915,55.2992
39.7775,51.2885,0.2801,34.2868,0.9785,1.3830,79.8592
41.3952,46.3971,0.2725,41.6097,0.9838,1.3231,170.1626
39.2319,57.4070,0.2853,27.4717,1.0036,1.3993,58.0426
40.5232,47.9166,0.2765,38.4544,0.9923,1.3469,134.5773
39.7414,57.0047,0.2825,27.7858,0.9940,1.3972,51.7794
40.9299,45.6470,0.2751,41.0121,1.0537,1.2933,228.0333
41.7646,49.7798,0.2700,35.7178,1.0221,1.3298,123.2578
39.1124,50.2036,0.2834,34.6664,1.0106,1.3719,107.0033
42.3448,65.6583,0.2786,19.4426,0.9812,1.3342,177.7192
40.2626,60.2490,0.2824,25.2899,0.9996,1.3866,73.1764
39.6221,52.6864,0.2812,32.6465,0.9767,1.3917,66.6941
39.9294,46.3245,0.2799,37.8251,1.0111,1.3347,172.2437
39.5534,57.8051,0.2840,27.1120,1.0145,1.3963,51.8244
41.6868,57.9788,0.2734,26.8477,0.9866,1.3753,53.6814
38.6752,46.9994,0.2860,37.4180,1.0451,1.3365,187.9256
43.2521,69.1983,0.2799,17.1818,0.9910,1.3048,246.1439
41.1488,48.9147,0.2732,36.0783,0.9722,1.3517,115.7888
41.5649,49.4128,0.2710,37.9603,0.9573,1.3531,108.3548
39.5973,45.8122,0.2818,40.6063,1.0123,1.3307,190.9974
43.4204,66.8048,0.2751,18.5484,1.0134,1.3157,189.4968
38.7200,45.1316,0.2865,42.3592,0.9534,1.3503,199.6494
40.1281,56.4094,0.2802,30.1610,0.9896,1.3977,39.6368
42.3095,70.4904,0.2867,14.5801,1.0520,1.3063,257.9491
40.0531,55.6854,0.2801,29.9504,0.9820,1.3972,44.8743
40.6584,49.3051,0.2756,36.9226,0.9937,1.3556,109.1898
39.1249,53.7188,0.2840,32.4529,0.9731,1.4005,64.4325
38.7627,50.0058,0.2852,37.0050,0.9709,1.3842,109.5411
40.9840,45.0738,0.2751,39.7946,0.9743,1.3220,192.1335
39.5643,60.6375,0.2863,24.6446,0.9877,1.3875,98.1026
42.6736,60.7363,0.2709,24.2622,1.0256,1.3465,87.6984
42.8129,71.8634,0.2869,11.9631,1.0238,1.2906,303.3668
41.6718,59.2701,0.2745,27.1823,0.9720,1.3752,67.6181
41.2155,56.5458,0.2748,29.5244,0.9847,1.3854,39.4605
41.4944,58.9605,0.2751,25.8659,1.0074,1.3755,53.0077
42.1567,52.6250,0.2683,33.1872,1.0076,1.3471,79.3955
39.0679,50.8321,0.2837,33.9562,1.0294,1.3690,106.0644
41.4784,68.4017,0.2870,17.1308,1.0332,1.3304,212.1040
42.7027,61.5003,0.2716,24.1511,1.0910,1.3073,154.7647
40.3555,45.7779,0.2779,39.4742,1.0326,1.3150,198.5112
43.2068,62.8912,0.2707,21.2203,1.0854,1.3035,161.2813
43.7008,64.6491,0.2706,21.0807,0.9743,1.3207,167.2585
38.9398,56.7270,0.2863,31.1726,1.0109,1.4006,56.9891
41.1564,53.7308,0.2737,32.4339,1.0215,1.3638,64.7544
43.7513,67.5969,0.2748,17.6404,0.9678,1.3015,233.1326
40.7207,46.0202,0.2760,40.9588,1.0143,1.3179,188.5614
42.0099,50.1190,0.2687,36.6402,0.9521,1.3511,102.8926
39.3557,55.8742,0.2838,30.1945,0.9737,1.4029,56.9814
40.5366,52.2649,0.2764,33.7315,0.9891,1.3788,62.6436
42.4416,65.9988,0.2786,18.4817,1.0318,1.3324,163.3951
39.7933,48.3771,0.2801,37.8303,0.9925,1.3586,127.9811
41.5537,50.0617,0.2710,33.2767,1.0654,1.3178,139.8174
39.5782,50.7551,0.2811,36.9823,1.0141,1.3659,106.3462
40.3848,55.6429,0.2784,29.8576,1.0182,1.3859,42.1235
43.0896,70.1698,0.2824,14.4895,1.0175,1.3010,259.8474
40.1077,64.3109,0.2877,20.9036,0.9924,1.3634,157.2487
39.4975,50.3378,0.2815,35.4458,0.9989,1.3737,97.9776
40.6144,64.9085,0.2860,21.2886,1.0266,1.3605,140.5758
39.7886,53.7332,0.2806,32.0451,1.0252,1.3804,64.2327
38.6039,54.8272,0.2871,30.3831,1.0077,1.3996,65.1508
38.3554,55.8738,0.2888,29.2347,1.0035,1.4029,69.5490
40.4084,52.3898,0.2771,33.7009,0.9581,1.3861,66.6415
41.1955,46.1976,0.2735,38.1808,1.0416,1.3046,194.8654
42.4339,62.6202,0.2742,24.1565,0.9396,1.3456,143.9251
38.8581,54.3285,0.2856,31.9726,0.9808,1.4028,63.8776
42.9696,60.4212,0.2691,25.9912,0.9723,1.3507,92.5511
39.6323,62.5595,0.2879,21.0150,0.9406,1.3568,188.7408
40.6434,60.7100,0.2810,26.5034,1.0427,1.3696,82.9462
41.1765,67.4451,0.2869,17.9789,1.0113,1.3383,202.1381
43.2449,66.9966,0.2763,17.6293,1.0326,1.3146,190.9571
39.5821,60.9232,0.2865,22.3274,1.0381,1.3833,85.3532
42.0242,57.0057,0.2710,31.5447,1.0189,1.3552,70.5078
42.2842,59.3247,0.2715,26.0606,0.9834,1.3642,69.9748
41.6234,68.7106,0.2868,17.6762,1.0015,1.3260,231.9156
41.5896,47.6398,0.2711,38.3599,1.0126,1.3205,155.9370
42.8205,63.6911,0.2736,23.5427,1.0745,1.3055,176.4117
43.4804,68.4811,0.2776,18.1154,0.9980,1.3071,227.1375
42.5533,59.3226,0.2701,26.1103,0.9983,1.3583,68.7431
41.4310,46.2593,0.2723,38.8388,0.9669,1.3273,169.3533
39.2114,61.5523,0.2889,23.8105,1.0243,1.3867,97.3853
38.8726,44.9951,0.2858,41.6935,0.9961,1.3351,208.6911
39.5843,61.2481,0.2868,25.4325,1.0031,1.3886,91.1809
40.3926,49.0036,0.2770,36.2677,1.0462,1.3329,146.4761
42.7693,60.3714,0.2701,23.8824,1.0153,1.3488,82.5288
38.8288,47.7462,0.2851,37.2180,1.0273,1.3486,161.8929
43.7298,68.0784,0.2757,14.8474,1.0315,1.3024,217.3855
42.0116,46.8232,0.2692,40.7559,0.9891,1.3141,170.3562
41.6329,49.8785,0.2706,36.3822,0.9792,1.3495,102.5916
40.4992,54.7893,0.2775,31.4126,1.0211,1.3786,52.1801
41.1050,48.2264,0.2735,39.3547,1.0498,1.3092,182.5929
38.0965,51.8137,0.2887,33.6833,1.0031,1.3891,100.5404
39.5724,53.7511,0.2817,32.2157,1.0002,1.3924,55.4604
39.5769,50.0880,0.2811,36.5393,1.0554,1.3414,146.8610
39.8626,49.3376,0.2796,36.5508,0.9623,1.3729,109.3863
41.9115,55.7969,0.2708,30.3373,1.0028,1.3682,47.0536
43.9597,69.4751,0.2770,17.1752,0.9508,1.2848,284.2699
40.7398,58.4322,0.2785,28.2578,1.0180,1.3831,49.0790
41.1358,69.1261,0.2899,16.1853,1.0464,1.3278,227.7394
42.4893,58.3487,0.2696,26.0438,1.0083,1.3584,60.4832
42.0899,53.4726,0.2689,34.0946,0.9835,1.3605,64.0994
38.5643,44.8719,0.2874,43.3224,1.0509,1.3098,257.2275
41.2505,53.6040,0.2732,31.4139,0.9811,1.3772,51.6236
41.9714,67.8373,0.2837,15.6129,1.0261,1.3268,206.5187
43.0302,63.5401,0.2724,22.0645,0.9781,1.3371,138.9019
42.2125,53.6475,0.2683,32.5069,1.0132,1.3484,73.7299
38.2871,55.3327,0.2889,30.4488,1.0435,1.3900,79.6120
44.7130,70.3827,0.2752,13.8421,1.0448,1.2709,280.5215
41.1582,67.8164,0.2876,17.9806,1.0152,1.3368,207.4387
38.5696,48.8696,0.2862,37.5998,0.9903,1.3714,133.5670
39.6526,61.5681,0.2868,24.2766,1.0381,1.3822,89.0075
45.9031,69.6253,0.2681,14.6443,0.9827,1.2567,292.8809
40.1910,53.8699,0.2786,31.4349,1.0454,1.3667,75.3769
40.4471,67.0945,0.2899,17.8557,0.9899,1.3392,222.4055
42.9626,70.0786,0.2829,16.9002,0.9983,1.3038,261.1147
43.4577,69.9173,0.2802,15.7204,1.0239,1.2983,252.1425
39.5385,58.6601,0.2847,28.5147,1.0265,1.3922,59.1196
44.6476,66.3071,0.2684,18.8345,1.0254,1.2898,206.9690
42.6120,70.3414,0.2850,13.6568,0.9933,1.2973,286.7206
42.3997,58.9407,0.2706,27.8601,0.9453,1.3627,85.9505
38.4323,49.8820,0.2869,36.3636,1.0028,1.3754,121.7784
42.6756,66.5607,0.2783,17.8081,0.9950,1.3256,190.9083
43.1182,68.1513,0.2787,18.1998,0.9647,1.3079,240.7218
39.9011,65.0316,0.2896,20.7268,0.9967,1.3617,169.6994
43.4659,67.7971,0.2765,16.4548,0.9775,1.3038,234.0497
43.6035,68.7708,0.2775,16.1537,1.0289,1.3013,229.5288
41.3158,60.0616,0.2770,24.4230,0.9852,1.3736,78.7669
41.3182,49.6732,0.2722,35.1613,0.9186,1.3582,124.2266
40.8944,58.2098,0.2775,28.4913,1.0149,1.3823,47.0035
38.4489,51.2079,0.2869,35.8082,0.9622,1.3951,99.0839
45.4791,69.7569,0.2704,13.5309,1.0111,1.2652,278.9105
41.6722,52.0044,0.2706,35.3288,1.0124,1.3469,91.2893
43.3740,65.8450,0.2739,21.8078,1.0172,1.3169,177.6133
41.3081,44.8797,0.2735,41.4317,0.9548,1.3206,196.6418
43.3600,69.3440,0.2797,13.7529,1.0103,1.2995,251.2679
41.7105,44.7270,0.2716,40.5572,1.0069,1.2980,212.2072
40.1825,46.4534,0.2786,38.6664,0.9842,1.3415,162.4345
39.3749,62.7106,0.2894,23.3392,0.9742,1.3764,145.0156
40.5486,61.4400,0.2822,24.0812,0.9585,1.3726,120.8882
42.5644,63.2944,0.2743,21.9825,0.9888,1.3459,125.7866
38.8950,54.2440,0.2853,30.7654,0.9919,1.3993,64.5840
42.2822,65.9085,0.2793,19.4918,1.0432,1.3313,163.9502
44.7135,68.2057,0.2712,14.5664,1.0155,1.2856,236.4878
41.1125,65.9597,0.2850,20.1554,0.9991,1.3493,172.1711
37.9651,53.9782,0.2899,31.5910,1.0157,1.3966,83.9721
38.2873,52.1421,0.2878,34.1006,0.9729,1.3976,92.5067
40.4567,52.4813,0.2769,33.9124,1.0192,1.3675,75.8749
41.6004,54.3525,0.2717,32.2611,1.0326,1.3518,76.0341
38.0836,50.3098,0.2886,36.3094,1.1075,1.3297,204.0447
41.0451,50.8768,0.2737,33.9083,1.0009,1.3596,85.0121
41.8193,68.7156,0.2859,16.8750,0.9931,1.3211,240.3872
39.5256,62.8932,0.2888,22.2235,0.9294,1.3584,193.9291
42.0814,71.3200,0.2893,14.8766,0.9870,1.2971,309.4500
42.0179,68.1275,0.2840,16.7427,1.0013,1.3240,221.9379
41.2191,54.4327,0.2737,32.2997,0.9853,1.3808,43.4738
40.6682,67.3046,0.2892,17.7354,0.9661,1.3296,245.5191
39.3737,52.9477,0.2825,32.5655,1.0138,1.3855,68.6703
41.1627,55.8347,0.2746,30.9404,1.0405,1.3600,69.9183
38.4319,45.9543,0.2876,40.4211,1.0123,1.3405,199.7312
43.2298,62.2768,0.2698,23.0351,0.9908,1.3388,115.7778
39.5981,50.6523,0.2810,38.1207,1.0079,1.3657,109.2549
41.7232,51.4436,0.2703,36.0710,1.0494,1.3204,136.5090
39.4572,61.5913,0.2877,24.2263,0.9994,1.3858,104.7062
39.8175,63.1606,0.2877,23.2403,1.0350,1.3750,112.3758
42.5930,63.3227,0.2742,22.1729,1.0431,1.3344,127.6905
41.0087,62.8449,0.2815,21.8070,0.9901,1.3648,121.5028
40.8424,47.9866,0.2748,36.8688,0.9930,1.3436,132.6931
41.2729,66.4155,0.2849,20.3485,0.9937,1.3454,182.1940
39.6239,57.0297,0.2831,28.4430,1.0630,1.3746,74.0699
41.3951,60.7001,0.2772,23.8413,0.9961,1.3716,79.7584
41.6645,50.9514,0.2705,36.1037,1.0404,1.3253,129.6013
43.1154,71.0924,0.2840,13.1495,1.0147,1.2931,286.0059
40.1309,56.2745,0.2801,27.9004,1.0254,1.3886,41.6782
42.2668,53.6149,0.2681,30.6744,1.0261,1.3447,74.2970
39.6288,44.9802,0.2820,40.9738,1.0051,1.3268,203.6759
41.2495,62.5883,0.2800,21.0794,1.0209,1.3642,101.6384
39.7952,64.3130,0.2892,22.5028,1.0016,1.3703,146.3602
40.7001,51.4853,0.2755,33.7449,1.0055,1.3666,76.7638
39.1888,45.2165,0.2841,39.9404,1.0028,1.3336,200.4222
39.2039,55.1251,0.2842,31.1584,0.9872,1.4022,53.5602
41.6123,47.3441,0.2711,38.4924,0.9535,1.3365,149.0318
40.8715,58.6779,0.2780,25.3512,1.0498,1.3716,58.1339
40.7364,62.4042,0.2823,24.3158,0.9900,1.3745,104.5173
40.2167,47.2470,0.2782,39.4896,0.9731,1.3511,144.1321
39.1746,58.4820,0.2864,28.4911,1.0319,1.3934,63.0917
40.4612,66.7504,0.2893,20.3624,1.0655,1.3419,183.0761
43.4723,70.5335,0.2813,14.0828,1.0461,1.2916,265.5396
41.9416,61.5007,0.2753,23.3869,1.0093,1.3618,85.5809
41.4646,57.4959,0.2741,27.2862,0.9843,1.3790,50.6445
40.7897,60.5461,0.2801,24.5547,0.9879,1.3792,82.3394
41.0771,53.0690,0.2739,34.9759,1.0446,1.3415,108.9695
42.9501,59.9618,0.2688,25.8980,0.9701,1.3513,90.0416
41.6367,49.0463,0.2707,36.2065,0.9747,1.3445,116.6785
40.9361,54.9301,0.2753,31.6912,1.0035,1.3808,43.4435
39.5938,52.4555,0.2813,35.7963,0.9648,1.3951,66.0619
40.3704,63.7670,0.2857,20.3910,0.9724,1.3574,166.9374
45.5146,70.8438,0.2723,12.7678,0.9492,1.2456,341.9617
41.0287,50.0904,0.2737,35.3479,1.0015,1.3537,98.7888
40.8079,61.8275,0.2813,23.8601,1.0180,1.3744,86.2548
42.8811,68.9959,0.2813,13.5157,1.0461,1.3087,228.4592
44.2450,65.7912,0.2696,19.2136,0.8766,1.2741,282.3239
38.8443,51.3713,0.2849,35.3498,1.0298,1.3705,109.3795
42.0819,66.5576,0.2812,17.7660,1.0104,1.3343,181.3869
41.2647,63.6311,0.2811,22.8394,1.0435,1.3539,120.9213
38.4933,49.4100,0.2866,36.5252,0.9993,1.3730,127.2537
40.7836,45.4605,0.2759,40.4379,0.9953,1.3221,186.2396
39.5226,59.7216,0.2856,26.5024,0.9902,1.3944,77.8918
40.9365,46.8771,0.2746,39.9573,0.9906,1.3330,156.8099
40.9108,53.8871,0.2750,32.9862,0.9700,1.3862,47.3042
43.4209,62.8321,0.2695,21.6881,1.0213,1.3283,125.3749
42.0747,53.7366,0.2691,33.0050,0.9774,1.3650,57.8906
43.5919,66.1951,0.2733,19.4661,1.0345,1.3089,186.4857
44.7033,67.3684,0.2699,17.6432,0.9635,1.2867,240.8107
39.7809,59.8485,0.2845,26.7456,1.0119,1.3920,65.9789
42.8118,68.1312,0.2802,16.1549,1.0310,1.3165,208.8432
42.5382,71.0273,0.2866,14.7321,1.0218,1.3022,276.5623
40.8984,62.7102,0.2818,23.8303,0.9454,1.3626,145.7180
42.7544,66.7788,0.2783,17.8744,0.9750,1.3194,210.1062
40.5177,59.6601,0.2806,28.0431,1.0525,1.3656,85.6442
39.8995,61.2077,0.2852,24.7045,1.0263,1.3840,81.6620
41.5187,67.9700,0.2861,19.1298,1.0096,1.3342,207.3968
41.0598,64.8346,0.2837,19.7750,1.0040,1.3544,151.9199
42.3858,62.8914,0.2747,24.8459,1.0289,1.3408,121.4286
41.9656,58.9738,0.2728,27.5034,1.0262,1.3597,66.7988
39.1824,58.7272,0.2865,27.9456,0.9772,1.4000,76.7325
38.9178,60.3731,0.2892,26.5871,1.0038,1.3959,87.6680
39.1840,57.2578,0.2854,27.6237,0.9896,1.3999,64.7756
42.4993,65.4746,0.2776,19.9296,0.9885,1.3356,166.7648
40.4091,65.6394,0.2880,21.3184,0.9817,1.3553,180.9152
38.6810,52.1146,0.2858,31.7854,0.9834,1.3914,89.9169
40.5408,50.2047,0.2762,34.5751,0.9625,1.3700,96.3298
38.4395,57.9440,0.2897,30.1097,1.0202,1.4012,69.5125
38.5916,50.9739,0.2861,34.9380,0.9646,1.3916,101.4969
38.3077,53.0736,0.2879,34.2511,0.9882,1.3990,81.7337
41.7813,65.2915,0.2808,19.7438,1.0196,1.3464,147.9928
42.0016,44.7039,0.2701,41.2080,1.0005,1.2946,214.6388
41.7720,63.2500,0.2782,21.1046,0.9762,1.3514,138.8430
40.6677,46.0738,0.2763,41.0248,0.9863,1.3313,171.4464
43.9075,67.6821,0.2742,18.4615,0.9985,1.3043,215.2686
39.8512,60.4656,0.2847,25.3275,1.0424,1.3823,74.7902
38.3562,53.7333,0.2879,33.1061,0.9979,1.3991,75.9564
42.3797,67.4315,0.2811,18.1645,0.9823,1.3235,214.0672
40.8341,58.2483,0.2779,26.5489,0.9695,1.3834,68.9903
38.4907,56.8533,0.2887,28.4919,0.9973,1.4035,70.5308
39.8794,64.5440,0.2891,21.5108,1.0288,1.3680,139.3097
42.6961,61.8098,0.2719,21.7089,1.0372,1.3416,100.7733
44.5271,66.7401,0.2697,17.8547,0.9841,1.2958,214.4620
41.6946,69.2094,0.2873,17.3901,1.0239,1.3239,231.4928
40.2718,65.0929,0.2879,19.9847,1.0217,1.3607,152.8784
45.1428,69.7043,0.2719,14.3125,1.0260,1.2700,271.5816
40.2786,59.5241,0.2817,25.9723,1.0252,1.3857,58.3289
43.3942,67.2128,0.2759,17.6369,1.0252,1.3126,196.3878
41.5841,57.6261,0.2736,28.9996,0.9712,1.3804,51.4127
41.1316,56.9360,0.2754,28.8963,1.0268,1.3742,47.7048
43.9902,65.3194,0.2701,20.0967,1.0128,1.3105,173.7501
39.2799,57.5827,0.2852,27.5482,0.9966,1.3995,60.4590
40.5331,52.3770,0.2765,34.0627,1.0508,1.3475,106.9928
39.8735,58.1386,0.2826,27.4878,0.9071,1.3799,127.4164
38.2620,45.6758,0.2886,40.1242,0.9974,1.3444,202.1994
42.4336,65.9227,0.2785,21.5273,0.9773,1.3359,175.7139
41.4101,51.6628,0.2719,33.9059,1.0379,1.3400,103.0251
39.4097,48.3986,0.2820,38.7718,1.0124,1.3524,143.4813
42.5280,57.6772,0.2689,25.9864,1.0464,1.3443,70.9699
41.7294,45.0921,0.2713,39.7211,0.9831,1.3084,197.8335
42.7627,60.4654,0.2702,24.0327,1.0458,1.3375,95.1101
39.7511,46.2887,0.2808,37.9483,1.0184,1.3333,177.1419
41.2466,46.4892,0.2732,39.5267,1.0374,1.3049,194.2946
40.8379,58.0307,0.2777,28.7014,1.0350,1.3734,58.6444
44.2522,66.9639,0.2714,17.9581,0.9769,1.2989,218.6215
39.5321,46.2466,0.2819,40.6078,1.0360,1.3228,201.8333
42.2692,71.4801,0.2888,15.2670,1.0316,1.3025,282.8243
41.2772,45.9695,0.2732,40.6687,1.0090,1.3127,187.0936
39.4164,53.2364,0.2824,31.8123,0.9739,1.3952,66.8750
41.8999,62.3069,0.2764,24.3957,0.9703,1.3605,112.1983
38.6051,44.9969,0.2871,41.1404,1.0336,1.3226,229.7510
40.8802,66.2084,0.2865,18.3022,0.9910,1.3430,196.4600
40.5183,46.8807,0.2767,40.6670,0.9904,1.3378,157.5791
42.5987,62.1873,0.2728,22.3709,1.0248,1.3454,102.5828
40.9144,65.8763,0.2859,20.9574,1.0453,1.3481,159.6543
39.4166,61.1423,0.2875,23.3792,0.9467,1.3734,150.9710
41.9018,47.3596,0.2696,38.0404,1.0304,1.3057,174.3860
41.6526,47.0320,0.2710,38.9900,1.0128,1.3145,168.7683
39.2328,57.0936,0.2851,28.8388,0.9741,1.4020,65.8723
43.5889,66.5179,0.2739,16.8073,0.9968,1.3116,197.7124
40.5335,63.7306,0.2849,21.5126,1.0184,1.3673,122.7097
38.1680,52.7570,0.2886,33.2845,1.0274,1.3855,95.9747
42.0255,52.1665,0.2689,32.5757,1.0191,1.3436,85.3046
38.2874,45.5748,0.2885,40.9210,1.0028,1.3412,206.4227
38.2586,55.9304,0.2893,30.5436,1.0217,1.3999,69.9139
44.2350,70.3960,0.2774,14.3345,1.0437,1.2795,273.1546
38.4904,56.5023,0.2885,29.1889,1.0365,1.3956,67.7386
42.6503,67.5793,0.2801,17.1449,1.0094,1.3223,202.6928
43.5883,68.7500,0.2775,14.6092,0.9658,1.2893,272.5712
42.7807,59.1817,0.2689,26.5199,0.9911,1.3552,71.9803
41.1869,58.0179,0.2759,27.0430,0.9302,1.3724,99.2024
40.1068,44.7466,0.2797,44.3388,0.9667,1.3311,198.1965
41.7866,53.7834,0.2705,32.3334,1.0351,1.3457,82.5283
38.5743,55.9592,0.2877,31.1254,0.9626,1.4080,73.5343
41.3542,52.1261,0.2723,33.0825,1.0206,1.3540,80.0514
38.4453,53.4507,0.2873,33.0343,0.9760,1.4023,77.4893
44.3976,68.1654,0.2727,15.9239,1.0074,1.2925,230.8880
41.4858,64.1209,0.2807,22.0897,0.9613,1.3515,157.8334
40.6851,50.2178,0.2755,36.0845,1.0156,1.3517,106.5340
40.9239,47.6102,0.2745,39.9874,1.0213,1.3227,166.5728
39.8341,59.0943,0.2835,29.6780,0.9732,1.3988,65.0795
40.0606,50.0475,0.2786,36.2515,0.9869,1.3703,95.8132
38.1702,53.5443,0.2888,32.4252,1.0159,1.3938,83.5671
40.6904,58.7451,0.2790,27.3297,0.9837,1.3886,56.7152
40.0759,61.5135,0.2846,25.0443,0.9719,1.3817,108.9221
40.8491,53.7949,0.2753,33.5430,0.9973,1.3785,52.2036
41.0730,64.4941,0.2832,20.9182,0.9936,1.3570,147.1848
39.9260,46.1124,0.2800,39.8948,0.9864,1.3405,170.9746
38.7682,58.4487,0.2884,26.0721,1.0126,1.3982,73.4687
40.9131,57.4895,0.2769,28.3690,1.0595,1.3596,75.4236
38.6688,47.1232,0.2860,38.2308,0.9897,1.3573,164.3380
39.3765,50.1148,0.2821,36.1608,0.9928,1.3749,101.8212
41.1830,56.8301,0.2751,30.4251,0.9624,1.3878,47.7598
41.2742,60.2600,0.2774,24.0555,0.9976,1.3742,74.0476
38.2584,48.4631,0.2879,38.3046,0.9862,1.3709,145.4759
41.7807,65.2158,0.2807,18.6031,1.0109,1.3446,155.2678
43.6145,69.8071,0.2793,14.7308,0.9815,1.2902,276.5469
39.7570,52.4127,0.2804,34.2792,0.9942,1.3857,66.6779
39.3640,47.6884,0.2824,37.2202,1.0079,1.3519,148.2693
41.0208,51.0712,0.2738,34.9399,1.0319,1.3446,106.1897
39.9185,60.4412,0.2843,24.7835,0.9956,1.3872,84.3033
40.4313,58.5778,0.2801,26.0737,1.0048,1.3888,52.4008
38.3999,50.8114,0.2871,34.5707,1.0353,1.3698,120.5170
40.7669,50.9453,0.2751,35.3420,1.0166,1.3551,95.8833
42.9156,68.9788,0.2811,15.3596,0.9767,1.3015,262.5572
41.0236,65.5659,0.2849,20.7882,1.0454,1.3487,153.0981
39.5983,45.2439,0.2820,40.6285,1.0268,1.3202,210.5867
44.8904,68.3970,0.2707,15.0362,1.0164,1.2817,242.2188
41.3919,58.9139,0.2756,27.8469,1.0408,1.3616,71.6424
40.0243,50.4567,0.2788,35.4961,1.0568,1.3399,136.5679
43.2749,63.5921,0.2712,21.4312,0.9820,1.3322,142.0587
37.9157,50.8130,0.2895,35.4248,0.9592,1.3943,116.8286
41.0560,66.0402,0.2854,19.8175,0.9781,1.3444,192.0557
42.1406,45.2821,0.2691,41.1903,0.9988,1.2969,204.7571
44.8603,66.8640,0.2683,17.4775,0.9823,1.2886,223.5662
39.8113,46.2727,0.2805,40.8994,1.0123,1.3312,183.3716
38.7776,51.9140,0.2853,34.6853,1.0418,1.3684,111.4306
41.3141,69.0714,0.2889,17.6004,1.0111,1.3273,236.4920
42.1395,59.5795,0.2724,26.5002,1.0106,1.3626,65.9587
40.3872,56.6571,0.2790,28.5390,0.9703,1.3923,55.2572
41.7344,61.0990,0.2759,24.9866,0.9774,1.3676,90.2593
38.5883,47.4481,0.2864,39.6714,1.0167,1.3492,172.2503
42.2251,58.1430,0.2708,27.6129,0.9988,1.3658,54.6005
41.4578,59.4943,0.2758,27.0210,0.9714,1.3775,69.8359
42.9218,60.0626,0.2690,24.5135,1.0224,1.3439,84.1055
41.0370,53.2395,0.2742,31.3784,1.0748,1.3363,110.0227
41.9088,58.3209,0.2725,28.4151,0.9381,1.3704,83.0568
45.1329,67.6016,0.2682,17.0625,0.9607,1.2768,254.2499
40.1747,49.1318,0.2781,35.3224,0.9904,1.3612,111.8755
43.3426,69.4958,0.2800,14.6470,1.0030,1.2997,254.4528
40.6641,55.9549,0.2772,29.6299,0.9601,1.3901,55.4140
40.1919,63.8176,0.2866,21.5255,1.0150,1.3693,129.3345
40.7777,45.3672,0.2760,41.4399,1.0091,1.3144,198.1748
39.5526,49.4538,0.2812,35.8237,1.0144,1.3613,117.2065
38.2199,46.5129,0.2885,39.1066,1.0150,1.3461,190.6796
40.2282,56.0243,0.2794,29.3021,0.9751,1.3950,49.4172
44.0634,67.0089,0.2723,18.0504,0.9574,1.2973,232.0237
41.0300,58.2612,0.2769,29.0253,1.0135,1.3799,49.5566
42.9023,65.4376,0.2756,20.9032,1.0110,1.3306,158.5193
40.9894,64.4336,0.2835,22.8145,1.0402,1.3546,133.7736
42.3767,61.5049,0.2732,22.3940,1.0257,1.3513,90.2156
42.5267,69.5653,0.2840,15.2645,1.0268,1.3118,240.7909
42.4925,66.0079,0.2784,19.5400,0.9800,1.3312,183.6469
38.4603,44.8618,0.2879,39.8364,0.9797,1.3411,214.3389
42.7825,64.9689,0.2755,18.0962,1.0164,1.3326,152.1314
42.5785,59.6689,0.2703,25.9309,1.0211,1.3508,76.1433
42.9308,70.8950,0.2845,13.4627,0.9964,1.2923,294.4918
39.4669,58.1083,0.2846,27.4003,0.9709,1.3968,76.1230
41.6873,56.8797,0.2726,29.8115,0.9599,1.3793,53.8920
42.9613,65.7890,0.2758,20.8520,1.0362,1.3200,173.0568
38.9131,54.3147,0.2853,30.7209,0.9689,1.4009,72.6844
41.2945,54.8142,0.2735,31.1736,0.9462,1.3816,61.0141
40.7353,54.4888,0.2761,30.2374,0.9839,1.3864,45.6781
40.2539,54.0517,0.2784,31.1313,1.0428,1.3687,70.4207
38.3447,54.0321,0.2880,31.5958,1.0152,1.3957,75.5898
40.6789,59.8710,0.2800,25.8665,0.9880,1.3845,69.7095
41.9184,59.5670,0.2735,24.6854,1.0144,1.3661,62.3664
38.4299,47.1890,0.2872,38.8490,1.0186,1.3489,176.4933
44.6707,70.0924,0.2748,14.1084,0.9449,1.2621,320.3207
42.7071,63.5220,0.2739,22.3594,1.0433,1.3306,134.4916
41.3380,47.1241,0.2725,39.5419,1.0000,1.3251,158.6923
40.7585,57.7938,0.2779,27.1361,1.0209,1.3839,42.3919
45.0223,69.6688,0.2724,13.6983,1.0146,1.2741,268.6663
43.8267,67.6667,0.2745,16.8214,1.0035,1.3047,214.7035
40.3727,60.5750,0.2822,25.0943,1.0458,1.3751,75.8588
42.2646,70.0359,0.2861,15.5346,1.0151,1.3111,256.4942
42.0295,52.3560,0.2689,34.4673,1.0124,1.3436,88.8618
42.0306,56.7489,0.2708,27.4841,0.9988,1.3689,47.3302
41.9765,53.3298,0.2694,30.6641,0.9903,1.3617,60.7321
38.0559,52.8292,0.2891,35.0760,1.0342,1.3797,109.8573
38.4475,57.2816,0.2892,31.7958,0.9907,1.4078,67.0032
39.6225,53.3043,0.2813,33.1885,1.0081,1.3866,62.5941
42.1849,64.3946,0.2776,18.6312,0.9867,1.3384,160.9493
39.9541,54.9230,0.2803,31.3917,1.0376,1.3763,65.7885
41.0802,47.3117,0.2738,37.9353,0.9818,1.3380,145.3329
41.9606,62.2983,0.2761,21.1798,1.0115,1.3566,101.6292
42.1951,66.8132,0.2810,16.8412,0.9982,1.3277,199.3622
40.7914,58.5498,0.2783,25.9361,1.0064,1.3850,49.8584
38.4034,56.6905,0.2890,29.5394,0.9672,1.4057,82.9712
40.4942,47.4983,0.2767,38.3769,1.0067,1.3384,148.3695
40.4432,45.2945,0.2777,40.6600,1.0252,1.3121,206.6414
39.1881,45.6702,0.2839,41.5518,1.0151,1.3304,202.0568
43.7948,64.5129,0.2699,18.5299,1.0543,1.3066,164.9063
41.3514,65.7493,0.2836,20.3950,0.9998,1.3489,165.0410
40.4253,52.5239,0.2771,33.4988,0.9726,1.3849,61.0325
42.6146,64.1425,0.2752,23.1641,1.0481,1.3245,153.1981
42.8048,71.4867,0.2863,12.0270,1.0254,1.2932,294.0127
43.1713,62.8132,0.2708,21.7324,1.0569,1.3193,136.9136
44.8565,70.4984,0.2747,14.4282,0.9806,1.2702,297.1237
43.2917,64.7839,0.2727,19.5792,1.0304,1.3228,152.9178
39.2512,53.3971,0.2832,31.7403,1.0124,1.3894,64.5934
41.0594,49.6256,0.2736,36.5521,1.0117,1.3442,115.0071
45.4445,69.8965,0.2708,15.4406,0.9461,1.2562,314.1026
40.9681,52.9010,0.2744,32.4630,0.9661,1.3800,60.5103
38.6751,50.4264,0.2857,34.7607,0.9880,1.3824,107.0043
43.0389,60.1981,0.2685,25.0405,0.9722,1.3480,95.3318
44.3782,66.6606,0.2703,18.1507,0.9724,1.2973,217.5606
41.1431,68.6144,0.2890,17.6688,1.0493,1.3304,215.3259
41.3066,57.5010,0.2749,27.6761,0.9971,1.3817,42.5061
40.7348,46.2071,0.2759,39.9065,0.9425,1.3422,168.4036
42.6012,64.0564,0.2751,21.9198,1.0256,1.3378,132.8989
38.6984,49.5991,0.2855,38.9700,0.9974,1.3712,126.5657
42.6268,58.7780,0.2693,26.6346,0.9880,1.3590,67.2030
38.2066,51.6729,0.2881,34.5567,0.9838,1.3932,98.4062
39.1142,54.4341,0.2843,32.4631,1.0096,1.3945,60.2908
41.7983,61.5597,0.2761,24.0186,0.9903,1.3649,91.5732
42.2584,45.0209,0.2687,41.4871,1.0086,1.2887,216.9157
38.2213,47.4774,0.2882,39.6370,0.9566,1.3719,160.7151
40.2507,61.4100,0.2836,25.9506,0.9813,1.3841,94.2637
42.2067,59.4581,0.2720,25.5402,0.9888,1.3646,69.4032
41.7210,54.8554,0.2713,30.7365,1.0359,1.3532,68.7789
41.7586,57.0505,0.2724,28.3492,1.0216,1.3671,49.0704
38.1304,50.9408,0.2884,36.0074,1.0047,1.3826,113.1750
43.4852,68.8580,0.2782,15.9698,1.0311,1.3025,229.8813
40.7486,59.5296,0.2793,26.1308,0.9705,1.3829,77.7987
40.7282,60.5795,0.2804,24.0058,0.9565,1.3715,114.2788
39.0844,55.9136,0.2851,29.8390,0.9627,1.4029,70.3490
42.0749,67.5724,0.2828,16.6597,1.0423,1.3276,193.3132
40.5838,58.2367,0.2791,27.6311,1.0103,1.3884,44.5153
40.8533,50.4098,0.2746,34.6386,1.0287,1.3465,107.5082
41.0264,63.1151,0.2817,20.6109,1.0542,1.3585,109.4598
41.8299,56.9870,0.2720,29.0051,1.0478,1.3499,74.7953
41.8940,64.9661,0.2798,20.9143,0.9918,1.3472,151.7897
44.1771,66.8207,0.2715,17.4679,1.0142,1.3018,201.2445
45.1489,68.6644,0.2700,17.1016,0.9887,1.2770,256.6712
42.1496,63.6813,0.2769,22.4544,1.0372,1.3427,125.9094
42.4899,66.0613,0.2785,18.6603,1.0526,1.3248,170.8084
41.1862,61.0158,0.2786,22.7293,1.0102,1.3717,80.9110
40.1592,50.5399,0.2781,36.3946,0.9553,1.3801,88.1145
40.0127,63.7292,0.2874,21.1537,0.9599,1.3588,177.1228
39.8220,61.3496,0.2857,22.9104,1.0757,1.3690,96.5446
40.9113,58.2320,0.2775,27.7709,0.9602,1.3850,67.6435
44.4850,67.5278,0.2712,17.5102,0.9469,1.2848,255.1490
40.9813,48.6102,0.2740,37.4387,0.9852,1.3488,120.3186
42.6251,72.0600,0.2882,14.2557,0.9567,1.2765,352.2125
40.7310,60.8629,0.2807,23.0208,0.9972,1.3760,88.7643
40.1388,56.0948,0.2799,31.4508,0.9723,1.4002,42.1385
45.0130,69.1262,0.2714,14.1022,1.0622,1.2636,270.8842
43.3159,64.3848,0.2721,22.3344,1.0460,1.3121,165.8093
41.9850,61.6563,0.2753,23.9976,0.9900,1.3621,93.5593
40.3174,54.0149,0.2781,32.3580,0.9897,1.3899,45.7960
41.8107,53.0521,0.2702,31.5158,0.9721,1.3665,63.6436
41.4274,59.3597,0.2758,24.1616,0.9782,1.3706,81.9252
41.5830,60.1859,0.2758,26.6743,1.0371,1.3592,80.1701
40.1672,62.6428,0.2854,21.7114,1.0259,1.3743,106.1775
38.7706,51.6222,0.2853,34.5687,0.9995,1.3863,89.8786
39.3833,59.7269,0.2863,25.8075,1.0307,1.3914,68.5708
44.4149,70.6857,0.2772,13.0531,0.9958,1.2762,292.9756
39.2966,44.8240,0.2837,41.9324,0.9949,1.3311,207.4206
38.3924,56.6459,0.2890,29.6810,0.9831,1.4063,73.7913
41.2423,45.0677,0.2738,41.8094,1.0043,1.3074,204.0366
41.5998,65.6077,0.2821,19.2495,1.0162,1.3464,156.7689
42.2003,62.9568,0.2757,22.9014,1.0594,1.3338,129.5998
40.5080,63.0199,0.2841,21.9798,1.0007,1.3701,120.0299
39.9984,45.9731,0.2797,39.4697,0.9949,1.3360,175.3871
40.5791,57.1544,0.2784,30.5659,1.0314,1.3750,60.6343
39.7442,49.4704,0.2802,34.6968,0.9910,1.3675,109.4134
40.9119,61.6047,0.2805,23.4744,1.0339,1.3705,83.4084
39.6602,45.4332,0.2816,40.2773,1.0342,1.3181,210.8435
39.2129,48.8298,0.2830,36.0966,0.9695,1.3721,125.5135
42.8243,71.3402,0.2859,15.8765,1.0020,1.2966,290.3766
39.7329,45.3613,0.2813,40.6098,0.9579,1.3431,186.5300
41.9576,45.6261,0.2699,42.9035,1.0175,1.2906,216.6707
38.9080,52.0259,0.2846,34.5932,0.9800,1.3933,80.8576
38.7807,52.7903,0.2855,34.1057,1.0041,1.3908,78.2877
40.1438,44.7604,0.2795,40.7553,0.9515,1.3346,199.3794
40.3204,48.4184,0.2774,37.1433,0.9876,1.3553,123.2243
41.4471,49.8231,0.2716,35.8566,0.9661,1.3554,101.6249
38.6375,50.6161,0.2859,34.4287,1.0411,1.3648,122.9921
43.5182,62.7671,0.2690,22.3085,0.9807,1.3312,132.4367
39.9068,53.0074,0.2798,32.9124,0.9553,1.3932,67.0861
41.2382,58.1035,0.2757,25.9987,0.9873,1.3794,57.2979
39.9524,65.3574,0.2898,19.0343,0.9997,1.3553,183.5386
40.3182,48.2932,0.2774,37.3064,1.0114,1.3453,134.5892
42.2291,53.2780,0.2681,33.4428,1.0238,1.3390,89.5492
39.9328,47.3021,0.2796,38.3888,0.9905,1.3494,147.0662
40.5868,45.7515,0.2768,40.5685,1.0446,1.3039,214.7039
41.8943,67.3271,0.2833,17.7958,0.9851,1.3280,214.3941
39.4636,60.1562,0.2863,25.8160,0.9590,1.3879,110.0644
41.3642,61.8498,0.2786,24.6615,0.9718,1.3689,104.4728
41.5421,45.3968,0.2721,41.3382,1.0198,1.2987,208.9762
41.2845,64.5198,0.2822,21.9186,1.0098,1.3576,133.7483
41.6011,45.6051,0.2717,40.7322,1.0466,1.2875,224.3622
43.8343,63.6602,0.2686,20.6428,0.9636,1.3178,165.7424
43.4718,70.8829,0.2820,15.0972,0.9929,1.2901,287.6089
40.7909,53.2832,0.2754,33.1303,1.0153,1.3697,64.1827
39.8528,45.8856,0.2804,40.2944,1.0025,1.3335,181.7880
40.7933,64.2884,0.2843,20.5078,0.9365,1.3423,202.0303
39.1332,61.8950,0.2897,24.1119,0.9855,1.3841,125.0082
39.5840,46.1499,0.2817,39.9391,0.9978,1.3401,175.7982
40.9668,61.9171,0.2806,22.1983,0.9805,1.3666,116.5626
39.1210,56.7271,0.2854,28.8049,0.9716,1.4018,69.4495
41.2158,46.4812,0.2733,39.3322,1.0313,1.3088,188.2031
41.8587,68.4344,0.2853,16.9102,1.0175,1.3263,218.1074
39.6018,61.4344,0.2869,23.6315,0.9611,1.3771,134.9640
39.1736,54.1279,0.2839,31.3449,1.0340,1.3841,69.9830
40.3440,54.5128,0.2781,30.2921,0.9801,1.3909,48.7795
42.0952,51.0829,0.2684,35.6015,1.0076,1.3370,103.6249
40.9954,58.7508,0.2774,26.7640,1.0088,1.3829,48.3583
41.6572,60.8386,0.2760,24.8665,1.0362,1.3599,80.8026
40.9569,48.3228,0.2742,38.0156,0.9610,1.3532,124.2831
40.1794,47.6115,0.2783,37.7055,1.0154,1.3400,149.5534
42.2912,44.7903,0.2686,42.7609,1.0077,1.2849,225.8178
40.2263,59.3659,0.2818,26.6784,0.9835,1.3906,68.2613
41.7072,51.6863,0.2704,32.7129,0.9643,1.3619,80.3031
41.6415,69.0143,0.2873,17.2234,0.9570,1.3109,277.6827
38.1350,52.1667,0.2886,34.0536,1.0675,1.3619,135.0490
41.5511,50.5777,0.2711,36.7629,0.9959,1.3481,99.3720
38.6589,59.4417,0.2897,26.3368,0.9725,1.3956,105.9141
42.1872,68.4176,0.2837,16.0270,0.9932,1.3174,237.0238
40.3645,61.0613,0.2827,22.8089,1.0212,1.3793,81.4968
43.0375,62.3343,0.2708,22.8508,0.9683,1.3399,127.8031
40.1405,47.4414,0.2785,38.0342,0.9728,1.3532,141.8456
42.5139,62.5440,0.2737,22.5802,1.0062,1.3495,106.3483
42.5148,63.3598,0.2747,21.5538,0.9803,1.3443,134.1629
40.6208,61.6777,0.2821,24.7483,0.9500,1.3719,125.3262
39.7923,47.2312,0.2803,37.6420,1.0175,1.3407,158.3111
41.3361,60.4957,0.2773,25.6887,0.9763,1.3751,81.4596
41.8864,53.6207,0.2700,31.3630,1.0125,1.3572,62.9715
43.1710,61.0280,0.2687,23.9691,1.0552,1.3218,119.4480
38.9449,54.4616,0.2852,31.3352,1.0398,1.3838,75.1270
38.5922,45.0423,0.2872,41.3941,1.0000,1.3360,212.3015
40.7639,53.4720,0.2756,32.9306,0.9917,1.3815,50.0860
41.0542,49.9990,0.2736,34.7939,0.9690,1.3611,98.1193
41.6930,60.8334,0.2759,23.5197,0.9700,1.3630,102.8516
39.7955,61.2227,0.2857,25.4259,0.9777,1.3860,103.0105
39.6600,64.3616,0.2899,21.1936,0.9676,1.3601,184.9185
40.0641,55.9318,0.2802,29.8990,0.9600,1.3965,58.1613
41.9628,48.3613,0.2691,34.7241,0.9715,1.3328,136.6642
43.9011,66.3812,0.2721,18.6436,1.0487,1.2973,200.7532
43.6975,65.8290,0.2723,18.6578,0.9973,1.3155,180.2225
38.5191,52.0550,0.2866,34.3718,0.9814,1.3948,87.6800
39.5734,60.2509,0.2859,27.3148,0.9549,1.3916,102.0744
43.1070,70.0036,0.2820,15.3810,1.0003,1.3008,262.9763
43.9520,66.0636,0.2714,18.3131,0.9783,1.3075,199.2508
43.9843,68.2893,0.2748,16.7175,0.9619,1.2916,255.7355
39.5003,62.6818,0.2887,22.2561,1.0164,1.3788,118.1184
39.2308,52.1457,0.2830,32.4752,1.0240,1.3788,82.2503
40.0305,49.1441,0.2788,37.0862,1.0135,1.3532,123.1235
41.4824,57.4357,0.2740,28.9922,1.0184,1.3719,48.9924
43.6066,66.8662,0.2743,17.2260,0.9855,1.3091,208.9384
39.7637,53.2565,0.2806,32.6371,0.9923,1.3908,56.9326
39.7872,52.1821,0.2802,32.1782,1.0316,1.3710,80.7237
41.3208,45.5218,0.2732,40.5569,0.9661,1.3235,182.5521
38.4173,57.7311,0.2896,28.8766,0.9928,1.4051,74.5212
41.5853,60.9881,0.2766,23.3925,1.0317,1.3641,76.7586
41.8931,58.4697,0.2727,27.1073,1.0183,1.3662,55.0567
40.9656,55.7343,0.2756,28.9054,0.9903,1.3857,40.4248
43.3687,66.9887,0.2757,18.2058,0.9891,1.3149,202.4877
38.2627,51.7423,0.2879,35.6635,0.9626,1.3987,96.1549
40.8894,48.4018,0.2745,38.7195,0.9745,1.3515,122.3865
39.1046,59.5477,0.2876,25.8925,1.0212,1.3949,72.1436
40.2596,54.9063,0.2787,28.9294,0.9377,1.3839,88.1880
43.5597,63.5225,0.2697,22.4820,0.9606,1.3267,154.1247
39.1982,48.0720,0.2832,38.6613,1.0177,1.3499,152.9026
41.4711,53.2636,0.2720,34.3114,0.9425,1.3789,62.0486
41.4931,48.5034,0.2715,37.5646,1.0593,1.3044,178.5803
44.1287,70.9480,0.2790,13.8461,0.9603,1.2697,322.3358
43.8002,70.9874,0.2806,12.4102,1.0438,1.2855,277.2774
42.9933,64.8331,0.2743,19.1560,0.9902,1.3295,161.7196
40.8248,50.5584,0.2748,36.7327,1.0460,1.3321,136.1391
44.9812,68.2362,0.2700,16.3067,1.0309,1.2761,245.5585
42.4225,58.8236,0.2704,27.0883,0.9835,1.3635,65.0028
41.7493,45.8845,0.2709,40.1964,0.9907,1.3123,183.0541
44.7273,67.8122,0.2705,17.7207,1.0422,1.2764,242.3384
40.4631,54.7126,0.2776,32.0549,0.9681,1.3942,44.8245
38.3026,57.4164,0.2900,28.1600,0.9834,1.4035,84.7452
43.5492,69.0039,0.2782,15.8170,0.9997,1.3012,242.6535
42.2473,56.1234,0.2693,29.8874,1.0136,1.3580,56.4160
39.1384,56.6916,0.2853,30.0272,1.0413,1.3875,66.5308
40.9875,53.2448,0.2744,31.5618,0.9883,1.3779,53.2213
44.1230,64.6795,0.2685,19.8590,0.9622,1.3086,186.3972
40.0031,62.0608,0.2855,23.1535,0.9949,1.3785,111.0415
41.8311,65.8203,0.2813,19.2503,1.0157,1.3430,160.2109
43.4641,69.8298,0.2800,14.6338,1.0077,1.2975,258.2439
41.4485,49.0470,0.2716,38.8323,0.9971,1.3372,127.1195
38.8531,44.7844,0.2860,40.6919,1.0149,1.3276,218.6827
40.8635,64.8146,0.2846,20.5092,0.9776,1.3528,169.8567
38.5902,57.0851,0.2883,29.6392,1.0100,1.4033,62.5310
38.3915,45.2981,0.2881,42.5306,0.9945,1.3398,210.7003
39.6371,59.5873,0.2849,25.6842,1.0255,1.3909,64.4998
41.1604,53.7911,0.2737,32.6697,0.9761,1.3812,48.1758
39.0936,44.8723,0.2847,41.2936,0.9867,1.3359,205.6508
43.3073,65.1226,0.2731,19.1997,1.0089,1.3251,158.7661
44.1354,66.2363,0.2708,19.7585,0.9959,1.3067,192.4558
40.8334,62.3320,0.2817,23.1174,0.9686,1.3675,125.7679
43.3178,65.3433,0.2734,21.0256,1.0181,1.3216,164.2548
38.5562,52.1593,0.2865,33.2516,0.9958,1.3914,86.8959
41.6776,63.0476,0.2784,21.5514,1.0051,1.3587,112.3457
43.9496,66.5027,0.2721,18.3963,0.9815,1.3069,203.4068
41.6348,46.5107,0.2712,38.0095,1.0571,1.2928,204.8119
44.2818,67.7566,0.2725,15.5506,0.9848,1.2922,236.9568
40.8736,67.1267,0.2879,18.8910,1.0360,1.3441,184.3954
38.8889,58.2976,0.2877,27.5619,1.0080,1.4006,66.0574
41.7545,60.1501,0.2749,25.0641,0.9775,1.3689,81.2923
42.0279,59.1779,0.2726,26.4660,1.0293,1.3587,66.8842
41.7003,50.4832,0.2703,36.0991,1.0407,1.3230,133.6708
42.1754,45.5914,0.2688,41.5405,1.0180,1.2895,212.6835
38.6749,54.7661,0.2867,31.4613,1.0089,1.3989,63.9463
41.2086,61.8222,0.2793,22.1627,1.0053,1.3683,95.2362
39.4074,47.0102,0.2823,39.1898,0.9671,1.3580,154.5968
42.7845,62.4954,0.2723,21.9568,0.9813,1.3434,122.7245
38.4392,52.6636,0.2872,33.1668,1.0480,1.3739,105.9951
41.0875,60.0264,0.2781,26.1723,1.0488,1.3632,78.5458
41.6992,58.6710,0.2739,26.5216,1.0143,1.3712,52.2259
42.2703,59.0187,0.2713,25.2973,1.0268,1.3571,64.2321
41.0560,65.6481,0.2848,19.7476,0.9769,1.3456,186.9375
41.5089,67.4227,0.2853,18.1396,1.0511,1.3327,190.2803
41.5109,63.1900,0.2794,22.5943,1.0324,1.3568,109.5886
41.5512,70.2170,0.2898,14.5303,0.9753,1.3012,305.2396
39.2722,50.9363,0.2827,35.5858,1.0300,1.3644,111.1753
43.2256,70.6713,0.2827,14.4461,0.9556,1.2801,319.2629
39.3287,53.4076,0.2829,34.2957,1.0156,1.3838,73.9783
44.7621,71.0482,0.2762,13.8519,1.0267,1.2711,291.3336
41.8308,57.0415,0.2720,27.4572,0.9883,1.3734,49.1277
38.1507,48.6118,0.2884,39.6214,0.9791,1.3739,144.9699
39.1391,56.0473,0.2849,31.3847,0.9458,1.4060,71.2527
42.3068,60.2444,0.2722,22.8851,1.0241,1.3557,74.9164
40.8341,55.1381,0.2759,29.3734,1.0185,1.3796,42.0927
41.7695,67.9140,0.2848,16.8920,1.0187,1.3299,207.4189
38.1045,53.9420,0.2892,32.2177,1.0168,1.3954,82.0803
41.8107,64.6357,0.2798,20.2677,0.9829,1.3461,157.0328
45.6013,70.6515,0.2715,13.9112,1.0532,1.2467,312.1510
42.8000,68.7655,0.2813,16.0916,0.9567,1.2992,272.6633
44.5084,67.0445,0.2703,18.0062,0.9497,1.2881,242.8724
40.6158,62.8031,0.2833,23.1555,0.9496,1.3631,150.6375
38.8479,58.4951,0.2880,28.9496,0.9857,1.4037,72.4172
43.3158,61.4608,0.2685,24.0087,0.9489,1.3359,130.8677
42.7920,60.2453,0.2698,26.0234,0.9484,1.3513,105.0786
40.8584,59.6182,0.2789,26.6489,0.9998,1.3842,58.2624
40.5642,51.6791,0.2762,33.5385,1.0477,1.3482,104.4729
43.3632,66.8056,0.2754,18.1281,1.0184,1.3160,188.3434
40.7343,64.2927,0.2846,22.4888,1.0042,1.3644,133.8054
41.8576,47.6508,0.2698,39.2783,0.9979,1.3208,154.1887
38.7633,48.9139,0.2852,36.8162,0.9742,1.3751,128.4479
39.2784,52.5565,0.2829,33.5277,0.9566,1.3966,76.2503
39.4841,56.5049,0.2835,29.8164,1.0122,1.3977,46.8316
39.0719,49.2386,0.2837,35.8049,1.0093,1.3656,123.4010
42.0939,69.5401,0.2860,16.0709,0.9703,1.3057,279.2316
39.1427,48.9618,0.2833,36.9440,1.0163,1.3594,132.5878
39.9112,52.3900,0.2796,33.4345,0.9699,1.3895,66.8140
40.5174,45.7193,0.2772,41.1708,0.9951,1.3268,182.2497
42.1114,46.1509,0.2689,42.1761,1.0323,1.2851,219.2851
42.2673,70.8406,0.2876,13.4122,0.9912,1.2956,303.1728
41.4264,49.9284,0.2717,36.2399,0.9872,1.3508,101.2371
40.6417,46.8032,0.2761,39.4278,0.9884,1.3377,155.4826
42.3896,55.9165,0.2685,28.7298,0.9593,1.3633,66.6350
40.3970,52.0238,0.2771,33.7097,1.0076,1.3725,71.2730
38.4530,53.0793,0.2872,33.8734,1.0237,1.3859,89.3352
39.8737,48.8355,0.2796,36.5010,1.0187,1.3515,129.1341
41.5030,64.6904,0.2813,20.8780,1.0005,1.3532,143.1154
41.5082,49.6782,0.2713,34.1228,1.0256,1.3346,117.5899
42.5855,70.1387,0.2848,15.9512,1.0038,1.3068,262.5788
39.3896,55.7066,0.2835,29.3666,0.9867,1.4003,54.4043
38.7109,45.9644,0.2862,39.6685,1.0369,1.3295,208.0531
43.4143,63.7875,0.2708,20.6745,0.9396,1.3179,183.8280
41.5956,67.7360,0.2854,17.2021,1.0209,1.3330,202.5181
39.7044,53.3189,0.2809,35.3027,1.0081,1.3814,72.3924
43.9270,68.4588,0.2754,16.0142,1.0180,1.2990,227.5992
41.9137,44.9530,0.2704,41.6842,1.0065,1.2950,213.0198
42.6759,67.1960,0.2793,19.0078,1.0096,1.3257,190.8309
44.8760,69.1262,0.2721,15.0388,1.0358,1.2748,258.3987
42.4254,59.0720,0.2706,27.7713,1.0049,1.3587,66.8440
43.1267,69.8293,0.2816,14.3819,0.9928,1.2974,270.1834
43.2076,66.6392,0.2759,17.1146,1.0200,1.3190,184.1600
42.4638,66.8202,0.2798,15.2717,1.0252,1.3254,189.2490
44.2892,67.5729,0.2722,17.2030,0.9550,1.2892,249.0321
42.3147,67.0332,0.2808,18.3330,1.0076,1.3304,189.0314
38.7098,56.6210,0.2874,28.9951,0.9673,1.4034,79.3249
43.4641,66.4712,0.2744,18.5305,0.9878,1.3158,194.0499
39.0036,55.4226,0.2853,30.1553,1.0132,1.3982,55.4887
41.0600,47.0417,0.2740,38.3681,1.0100,1.3261,159.8439
42.8658,67.0019,0.2781,16.4653,1.0853,1.3024,207.5005
43.3353,67.5100,0.2766,18.7531,0.9253,1.2967,262.2162
39.8128,46.4594,0.2804,39.6375,1.0593,1.3117,212.4229
43.7954,68.5892,0.2763,16.4046,1.0691,1.2830,248.0534
45.4447,70.5195,0.2720,13.7117,1.0290,1.2600,293.6042
39.1860,57.7489,0.2858,28.1947,1.0044,1.4007,57.0848
43.6602,70.4588,0.2803,13.9981,0.9810,1.2845,293.6750
40.2364,54.1867,0.2785,32.3354,1.0164,1.3807,55.7498
41.8327,56.7966,0.2718,27.9632,1.0273,1.3639,50.5964
41.7163,60.1200,0.2751,26.6263,0.9660,1.3718,81.1085
44.0055,65.8223,0.2708,17.7151,1.0180,1.3084,180.9530
40.0215,61.7465,0.2851,23.3102,0.9879,1.3787,111.3322
38.8804,44.8477,0.2858,40.3642,0.9667,1.3424,207.2672
42.6092,57.6539,0.2685,28.8497,0.9559,1.3625,70.3769
43.3206,63.8509,0.2713,21.6919,0.9734,1.3302,150.3332
38.7388,50.8817,0.2854,35.0125,1.0103,1.3782,103.3040
39.6346,51.8973,0.2809,32.9854,0.9974,1.3831,74.1359
40.8912,47.3019,0.2747,40.6383,1.0048,1.3285,161.2789
41.0787,58.1366,0.2765,27.6418,0.9762,1.3847,55.5495
41.8340,68.3671,0.2853,16.7197,0.9421,1.3054,281.6038
40.8816,63.5322,0.2829,21.4740,1.0200,1.3651,116.3328
38.9662,52.3459,0.2844,35.7406,0.9968,1.3886,81.2094
42.5297,68.9914,0.2830,16.9286,1.0448,1.3123,227.0774
38.2159,52.3989,0.2882,34.0299,0.9703,1.3997,91.5924
42.7392,63.8853,0.2742,19.8035,1.0449,1.3324,132.8169
38.9240,46.9300,0.2848,39.2535,1.0058,1.3486,169.5975
40.0565,58.8989,0.2823,28.1668,0.9959,1.3948,55.2217
40.6616,54.2926,0.2764,30.7439,0.9920,1.3861,43.8316
41.2781,46.4618,0.2730,39.8057,1.0037,1.3197,172.3426
43.3275,64.0933,0.2716,19.1290,0.9845,1.3252,158.6636
39.6118,53.0836,0.2813,30.9406,0.9885,1.3901,64.6793
40.6727,56.5527,0.2775,28.8432,0.9456,1.3865,71.9277
43.0608,65.3366,0.2746,20.3211,0.9830,1.3285,168.8963
38.6336,57.0953,0.2881,29.2844,1.0274,1.3985,63.3212
38.9749,59.6563,0.2883,26.0012,1.0107,1.3962,78.6584
44.6846,67.4716,0.2701,15.6469,1.0015,1.2893,226.3811
40.9618,62.4653,0.2812,20.9368,1.0201,1.3671,102.5592
38.9569,60.6744,0.2893,23.7663,1.0101,1.3894,100.0888
40.1329,58.3042,0.2814,27.1619,1.0012,1.3934,50.8654
42.0974,65.6742,0.2798,20.2806,1.0136,1.3414,156.2582
41.9027,58.1042,0.2724,27.6906,0.9449,1.3694,81.1128
41.6740,61.9594,0.2772,24.3819,0.9883,1.3660,95.9238
41.7970,58.3055,0.2731,27.5310,0.9814,1.3749,55.5551
41.1320,54.8327,0.2743,31.0218,0.9759,1.3846,43.3766
40.0460,58.4337,0.2820,26.0972,0.9974,1.3919,59.3146
42.1033,49.4601,0.2683,36.9472,0.9781,1.3380,116.1058
39.5440,54.4371,0.2821,33.1693,0.9549,1.4035,57.0284
40.1482,60.8396,0.2836,25.8114,0.9667,1.3843,99.8178
39.3950,53.1316,0.2824,33.4806,0.9723,1.3974,63.3137
40.5239,57.7160,0.2790,29.1613,1.0013,1.3915,41.2850
41.1848,65.3376,0.2838,19.7914,1.0695,1.3402,156.3558
41.6107,69.4123,0.2881,16.9477,0.9664,1.3111,279.1463
38.7837,51.2165,0.2852,35.7075,1.0346,1.3670,117.2077
38.2681,53.2282,0.2882,32.5280,0.9728,1.4015,85.7221
40.8364,68.0939,0.2896,16.7805,0.9876,1.3282,245.0250
44.2995,70.9723,0.2782,14.7109,0.9972,1.2794,291.1712
43.8571,64.7490,0.2699,19.7906,1.0511,1.3026,174.6530
40.0619,49.4969,0.2786,35.4598,1.0162,1.3562,113.7361
43.7320,64.6530,0.2704,21.0508,1.0383,1.3087,168.2789
41.0291,62.9315,0.2815,22.2859,0.9960,1.3665,115.2871
45.2389,69.9952,0.2720,13.2734,0.9543,1.2558,318.0534
40.7213,48.6573,0.2754,37.8446,0.9184,1.3642,129.6041
40.5781,55.2833,0.2773,30.5355,1.0351,1.3729,57.6626
42.2538,57.6638,0.2703,27.8241,0.9958,1.3660,52.5857
39.7065,51.7753,0.2806,33.5901,1.0481,1.3585,105.0414
41.7948,60.9930,0.2755,23.5966,1.0528,1.3519,89.0051
40.4617,63.8797,0.2854,21.9609,1.0713,1.3532,133.4509
45.5973,69.2602,0.2689,15.2475,1.0455,1.2536,285.2113
42.0999,69.7789,0.2864,14.6717,0.9775,1.3020,287.1869
40.3284,63.1080,0.2851,22.4650,1.0416,1.3692,108.8020
40.1744,62.8079,0.2855,23.2696,0.9898,1.3749,121.4379
40.9725,54.0612,0.2748,30.7051,0.9959,1.3802,45.6251
44.7746,67.7354,0.2701,17.8378,1.0086,1.2865,230.2678
38.3583,47.1520,0.2876,38.1762,1.0206,1.3489,177.3182
39.4863,44.7708,0.2828,41.4415,1.0033,1.3265,209.1663
44.2293,65.9616,0.2699,17.7286,0.9618,1.2981,216.1613
42.8700,63.8727,0.2736,19.8798,1.0047,1.3370,135.5525
40.0314,62.2461,0.2856,23.5722,1.0334,1.3774,96.0027
42.5102,71.0439,0.2868,14.0893,0.9660,1.2862,323.8893
